ID,PC1,PC2,PC3,PC4,PC5,Origin,PEN_SIR
100,-10.441997,-1.9615055,-6.9653296,0.5837027,-4.642982,Domestic,I
101,-8.717659,3.4908981,-22.500256,15.918563,6.441936,Domestic,I
103,-9.736247,5.248372,-5.9655824,-0.20875378,7.260875,Domestic,R
104,33.592342,13.205443,-1.3669857,5.575306,9.555291,Domestic,I
105,36.752937,14.302704,-2.3904357,9.762785,9.443003,Domestic,I
106,-15.986226,-16.80603,-20.311472,-40.14944,7.778461,Domestic,I
107,42.078003,16.28618,1.6411237,9.620448,11.548802,Domestic,R
108,-22.580814,39.79543,32.745525,-14.744188,1.5494802,Domestic,I
109,-19.524006,16.618454,0.3162398,3.9124331,-7.42784,Domestic,R
11,-20.564062,14.746585,-6.7914867,0.9007567,15.54636,Domestic,R
111,-16.178587,-17.007328,-20.369495,-39.584442,7.789018,Domestic,I
112,-6.842189,-2.2754014,-4.693351,-3.5926433,-2.5716832,Domestic,I
113,-19.093626,6.5788918,-9.699267,-1.2542601,14.190007,Domestic,I
116,-8.406724,7.3629985,-27.147787,24.281565,4.857552,Domestic,I
117,54.69399,-2.5170772,4.659266,-2.815506,-0.14870827,Domestic,R
118,-14.389155,-10.668134,-8.292713,-9.019072,9.524811,Domestic,R
12,-14.4613,-17.015812,-16.329338,-35.24127,2.1168904,Domestic,I
120,53.41068,-2.9513195,5.1522555,-3.5985515,-0.08452058,Domestic,R
121,-9.646063,9.957517,-9.119179,0.12736802,15.877633,Domestic,I
122,-19.622492,34.73876,13.175305,-0.6048414,10.910121,Domestic,R
123,-18.413754,11.928735,-5.193151,5.2892375,8.962824,Domestic,I
124,-11.902702,0.24658841,-7.041239,9.356887,-12.19786,Domestic,I
125,50.146267,-3.0042431,3.329473,-0.8123584,-0.7561132,Domestic,R
127,-12.779347,7.243457,-13.458304,1.1127714,15.499212,Domestic,R
128,50.14302,-3.1082845,3.4405782,-0.88681096,-0.84458184,Domestic,R
129,55.14391,-2.309732,4.7076397,-2.9009774,0.27507654,Domestic,R
131,-14.403382,15.804789,-10.755347,12.438869,6.8555536,Domestic,R
132,-23.957022,9.49365,-10.105907,1.8337238,13.918573,Domestic,I
134,54.847164,-1.3208976,2.4214766,-0.6639533,0.8636729,Domestic,R
135,-18.394571,9.4807005,1.7027767,-4.746765,14.862863,Domestic,R
136,-12.727316,16.08449,3.2682111,0.89104855,-7.6631694,Domestic,I
137,-14.135625,13.413747,-15.024682,7.9848814,11.753447,Domestic,I
138,-21.133251,18.137396,-1.2164624,5.9624567,-6.695561,Domestic,R
139,-16.351974,-11.19925,-2.1805508,9.286603,5.0383945,Domestic,R
141,-17.867935,8.151623,0.8082433,-4.8484273,13.156884,Domestic,R
142,-16.750834,-11.702089,-2.64582,8.371604,5.512079,Domestic,R
143,54.957333,-2.1767952,4.4418697,-2.8655035,0.27162904,Domestic,R
144,-20.200771,5.920351,-3.349926,-2.7646768,16.482262,Domestic,I
145,-20.277557,5.918077,-3.4845846,-2.7172866,16.563112,Domestic,I
146,-17.027042,3.384677,-6.0327687,-5.8681846,5.6243973,Domestic,I
147,-23.164007,41.751225,27.374134,-7.483461,-0.9128476,Domestic,R
148,-10.630916,-0.64278567,-21.349874,9.4042015,3.4048595,Domestic,R
149,51.851288,-1.5739613,1.6005802,-0.078047395,0.53090024,Domestic,R
15,-23.366285,41.313637,28.519882,-9.93868,-0.39710677,Domestic,R
150,-22.202541,40.455868,31.648083,-13.829939,1.5218227,Domestic,R
151,-21.395618,38.186108,31.661732,-14.481933,-0.113955304,Domestic,R
152,54.6117,-2.1478548,4.5395613,-2.5472102,0.035734855,Domestic,R
153,-9.338101,7.477992,-27.182543,23.87238,4.685474,Domestic,I
154,-16.991251,17.30193,-18.465704,15.508346,11.96516,Domestic,R
155,-21.583109,11.306656,3.074013,-2.9979959,-1.6328667,Domestic,R
158,-13.352702,-9.760898,-8.54611,-8.46129,10.108865,Domestic,I
159,47.37694,4.916273,-5.7623024,11.49796,-0.8040717,Domestic,R
16,-9.560331,10.134966,-8.093786,-0.6546678,13.765261,Domestic,R
160,33.713863,12.995353,-1.3664461,5.4992166,9.44661,Domestic,I
162,55.17021,-2.1745217,4.430638,-2.7838166,0.38308963,Domestic,R
163,-15.271978,-9.638005,-5.6420717,-9.286964,-0.5831771,Domestic,I
164,-15.228232,-9.720635,-5.5782056,-9.36801,-0.582931,Domestic,I
165,-21.375422,38.633404,31.512506,-14.768168,0.6236916,Domestic,R
167,-20.245253,35.57141,13.970101,-1.294326,12.23478,Domestic,R
168,-5.530483,3.9072626,-22.206898,14.737063,5.613141,Domestic,I
169,-15.134314,-1.4127281,-6.7061872,-3.0562465,-4.363179,Domestic,R
170,-22.225792,40.19417,32.722355,-14.763916,1.3191355,Domestic,R
172,-22.74805,39.94797,32.853966,-14.839783,1.5699978,Domestic,R
173,-19.917185,7.787504,-3.1693273,-2.8384552,17.813303,Domestic,I
174,53.196926,1.690617,0.09797087,4.469198,-1.6766386,Domestic,R
175,-10.326098,-2.0144987,-6.925338,0.48502046,-4.6402993,Domestic,I
176,-9.343366,7.9272943,-27.256859,24.29992,4.5918555,Domestic,I
177,49.5003,-2.262568,0.6334232,0.377118,0.8139853,Domestic,R
178,36.99374,13.468632,-2.6252742,9.635998,8.788759,Domestic,I
180,-9.493884,1.9189962,-26.165094,18.758509,2.1665034,Domestic,I
184,-13.65727,-0.068026334,-19.415049,3.5148008,7.8545094,Domestic,R
185,-22.39336,42.314972,28.19447,-8.3621645,-0.2171413,Domestic,R
186,-9.516287,1.1805193,-22.612911,10.233194,5.194116,Domestic,I
187,-14.49975,-8.079206,-7.7425933,13.899256,5.453154,Domestic,I
188,55.1905,-2.2561598,4.6643333,-2.7158966,0.10520435,Domestic,R
189,-21.12363,4.4412575,-2.1910055,-5.297823,12.628046,Domestic,I
19,54.32181,-2.23343,4.76035,-2.7844267,-0.025842194,Domestic,R
192,-13.975975,15.945679,-18.133774,13.778587,19.805588,Domestic,I
193,-13.997208,8.312722,-19.925604,10.365547,-2.4595456,Domestic,R
195,55.355804,-1.937065,4.557221,-2.6838017,0.20178263,Domestic,R
196,-21.443867,4.8890014,-0.88078165,-6.317842,13.593082,Domestic,I
197,-15.563247,1.9182636,-22.665916,8.622637,5.6569114,Domestic,I
198,50.95919,-2.178193,4.926915,-2.386081,0.25740364,Domestic,R
199,-15.960351,-17.058475,-20.280207,-40.223816,7.8698406,Domestic,I
200,-22.561613,40.693504,26.732244,-7.8608694,-1.9245437,Domestic,R
201,-8.668796,3.5030274,-22.428484,15.869653,6.374328,Domestic,I
202,-21.901188,37.636272,31.460106,-14.833523,-0.4532488,Domestic,I
203,53.26779,1.5683384,0.085817754,4.426611,-1.5615431,Domestic,R
204,-17.904722,-6.64449,-4.960454,-5.551456,3.8987901,Domestic,I
205,-9.45524,0.8654994,-21.486542,7.8218603,5.20483,Domestic,R
206,-9.600215,8.0295925,-27.079235,24.336105,4.6707544,Domestic,I
209,-21.630827,39.51563,32.328968,-14.717975,1.079368,Domestic,R
210,-6.1736555,-2.3723135,-4.4650645,-3.5044565,-2.374419,Domestic,R
211,-19.367863,34.055172,13.070424,-0.51914746,10.327081,Domestic,R
213,-22.271936,39.284367,32.219555,-15.006446,0.9822436,Domestic,R
214,-13.779075,5.3353405,-3.1154957,-2.8148994,9.906539,Domestic,I
216,-22.887642,39.76581,31.971945,-14.763983,2.53548,Domestic,R
217,-9.237493,7.982378,-27.396145,24.213856,4.565016,Domestic,I
221,55.212406,-2.1800077,4.8263974,-2.7617552,0.06288753,Domestic,R
223,-21.884552,39.324703,32.00636,-14.47438,1.1234549,Domestic,I
224,-21.610167,39.06763,32.25377,-14.679362,0.5782048,Domestic,I
225,-15.940958,6.8363905,-3.2695794,-6.3461046,12.171659,Domestic,I
226,51.044212,-2.2101188,1.6330494,1.4998745,-0.1313175,Domestic,R
228,52.17534,-1.3661315,1.618293,0.41678348,0.49249887,Domestic,R
229,52.887745,1.4560721,0.22108507,4.387737,-1.7688111,Domestic,R
232,-10.83546,-2.3929594,-6.8683405,0.5052471,-4.71423,Domestic,I
234,-13.660008,-6.842082,-1.6305817,-3.5984905,-4.084815,Domestic,I
235,54.767197,-2.513991,4.8569965,-2.6532366,-0.117988795,Domestic,R
236,-10.782709,11.053956,-14.425617,6.831955,9.953509,Domestic,R
237,-11.33953,13.329129,-13.371107,6.6504745,12.085872,Domestic,R
238,-9.774366,7.573107,-27.500984,24.274006,4.420728,Domestic,I
242,50.951397,-2.127259,1.8344305,1.5231029,-0.26976123,Domestic,R
243,-18.311285,-10.701572,-4.082459,10.46569,5.554151,Domestic,R
245,-22.223875,43.346024,27.497005,-7.3722706,0.19577037,Domestic,I
246,-14.903623,-15.919974,-20.209454,-39.390312,8.860129,Domestic,I
247,-20.111671,14.175855,4.3470435,-1.6211247,-4.9244204,Domestic,R
251,-14.187312,-3.654647,-11.7165575,-1.5897096,1.2472603,Domestic,R
252,-14.265459,-3.5606306,-11.825549,-1.6350036,1.3513339,Domestic,I
253,-17.076517,-6.1182137,-4.787151,-5.01388,3.9010432,Domestic,I
254,-19.978825,0.36222896,-3.8934922,-10.058417,12.5502825,Domestic,I
259,52.828716,2.8021538,-1.8435354,7.568897,-1.6444767,Domestic,R
260,55.173565,-2.0906212,4.540465,-2.745343,0.29104072,Domestic,R
261,55.05295,-2.1074634,4.525494,-2.7595932,0.2852136,Domestic,R
263,-10.640273,9.31263,-9.539908,0.18290186,15.143756,Domestic,I
264,-11.211139,11.341093,-8.560879,-0.0981345,16.955162,Domestic,R
265,36.09419,14.587871,-1.3637438,8.501248,11.711468,Domestic,R
266,-21.06078,38.171837,31.867474,-14.530484,-0.20059088,Domestic,I
269,-10.5035095,-2.901671,-16.151836,3.9523478,2.5388355,Domestic,R
270,52.871708,1.9312334,0.099630326,5.102471,-1.8416152,Domestic,R
271,-9.044586,1.7299643,-22.639242,12.161295,4.293968,Domestic,R
272,-10.455089,-3.0342648,-16.04079,3.7583015,2.5438995,Domestic,R
273,-19.396168,-8.999219,-6.4379644,13.802433,4.1809564,Domestic,R
275,-8.486381,-1.0369354,-14.131954,3.3812869,-0.40413338,Domestic,R
277,53.8974,-2.557984,4.6190863,-2.9169657,0.13862504,Domestic,R
280,-19.960629,7.2712417,-0.40114886,-2.047483,9.686936,Domestic,I
281,39.011543,14.503765,-1.4702811,9.537297,10.434356,Domestic,I
284,-21.4875,38.029613,30.134167,-14.377228,0.84432846,Domestic,R
286,50.92911,-2.2883682,1.7716964,1.6026789,-0.29076955,Domestic,R
287,-23.123856,43.154743,28.18647,-8.0792885,0.2987287,Domestic,R
288,-6.471283,-2.4385784,-4.4939723,-3.466383,-2.5798512,Domestic,R
289,40.630035,10.583987,2.8291688,2.2567368,12.412239,Domestic,R
292,53.172108,1.743062,0.14863192,4.542589,-1.6382283,Domestic,R
299,-18.600761,7.2714186,1.1182319,-5.8681507,12.290587,Domestic,I
3,-15.994158,-16.95635,-20.275595,-40.14349,7.7861733,Domestic,I
300,48.93944,2.2289073,-3.08379,9.191966,-1.7349112,Domestic,R
301,-16.829878,-6.5656486,-7.6635976,-5.0447397,-2.9926078,Domestic,I
302,-23.044262,42.873363,28.215216,-7.962937,0.3237111,Domestic,I
304,-19.539917,-9.4555855,-6.0003123,13.220324,4.280402,Domestic,R
306,47.918724,-2.5446854,1.195895,2.847692,0.8075776,Domestic,R
308,-13.760932,-9.6642,-5.5930753,-2.7674966,0.08030483,Domestic,I
309,-19.362993,-11.430658,-3.2087324,9.491936,5.0201335,Domestic,I
310,-20.452679,7.283253,-2.9054987,-2.9346564,17.796124,Domestic,I
311,-11.517618,8.673473,-28.821777,25.790285,2.2177181,Domestic,I
312,-15.295631,12.840331,-8.691281,-0.19399379,12.711472,Domestic,I
315,40.260788,11.591297,3.7264042,1.8407477,13.4454155,Domestic,R
318,51.60832,-1.8115683,1.716623,-0.22693044,0.47932363,Domestic,R
320,52.60055,1.4635366,-0.15505567,4.2732916,-1.8144815,Domestic,R
321,-22.433378,40.230854,32.674644,-15.031202,1.7214367,Domestic,R
322,53.249817,1.7343752,0.22246355,4.480885,-1.6782004,Domestic,R
323,-18.335123,12.987579,-7.5225053,-4.433962,16.625393,Domestic,I
324,-12.566839,2.5793939,-2.52366,-3.384855,9.600859,Domestic,I
325,-8.734141,3.8989897,-23.264568,17.173328,6.3565407,Domestic,I
327,-18.016117,11.912183,-8.16265,-4.3539524,15.667566,Domestic,I
328,-14.414431,-3.6351714,-11.786576,-1.6423337,1.1727723,Domestic,I
329,-18.343655,-4.601338,-5.629891,-5.508349,2.8074603,Domestic,I
330,55.20953,-2.2908044,4.6949778,-2.7602508,0.15530026,Domestic,R
331,-22.115559,31.606892,26.53897,-10.134204,-3.5012774,Domestic,I
333,-15.873694,-7.4615803,-3.8584037,-4.7169614,-1.9023353,Domestic,I
334,-22.450787,39.42844,32.35826,-14.952087,0.8844016,Domestic,R
335,55.213806,-2.269782,4.772009,-2.8220406,0.081151806,Domestic,R
44,51.11432,-2.1150866,1.7433829,1.4164032,-0.30051273,Domestic,R
46,53.20803,1.6630272,0.082415394,4.3845425,-1.5679497,Domestic,R
48,50.10747,-3.0111265,3.505461,-0.8035448,-0.7857829,Domestic,R
49,-15.3816805,11.661685,-12.197528,4.577994,14.382868,Domestic,I
5,-13.366829,10.989274,-15.8733,6.619915,12.851103,Domestic,R
50,-14.994025,10.087597,-13.053016,4.679563,13.029484,Domestic,I
51,53.979923,-2.3547187,4.305299,-2.3374252,0.39835182,Domestic,R
52,-17.626541,-0.7073461,-5.065118,-7.560253,7.6326876,Domestic,I
53,-21.595594,39.359943,31.184166,-13.916321,0.71471643,Domestic,R
55,-15.607439,-0.28353378,-5.5148463,-3.697159,5.385296,Domestic,I
56,-20.891584,16.816854,1.2283028,3.7818651,-7.6443324,Domestic,R
57,-15.577042,4.507789,-25.988148,12.580833,6.3846307,Domestic,R
59,55.124454,-2.1190946,4.520726,-2.7785726,0.34271672,Domestic,R
6,-13.061569,10.224921,-16.426746,6.7037864,12.156481,Domestic,R
60,50.69494,7.062922,7.7737684,-2.8768833,8.687548,Domestic,R
61,-19.457016,33.947968,12.922361,-0.66419286,10.30092,Domestic,R
62,-22.504663,39.941505,32.389565,-14.974137,1.4948337,Domestic,R
64,-13.572371,6.9076347,-11.441782,-0.9796957,14.566741,Domestic,R
65,-10.29423,0.18859033,-20.842901,9.377736,3.2737162,Domestic,R
66,-20.12639,35.077934,13.153279,-0.7846437,11.35508,Domestic,R
67,49.572914,-2.7192729,2.0360932,0.69426745,-0.21217045,Domestic,R
68,49.546936,-2.854762,2.0899446,0.6514549,-0.20599528,Domestic,R
69,50.82954,-2.3376734,6.0354595,-2.902371,-0.5221358,Domestic,I
7,-23.247906,42.083645,32.333397,-14.125968,3.2223547,Domestic,R
70,-15.251302,13.69739,-5.8163967,13.707692,-2.4304261,Domestic,I
71,-21.882462,39.87415,32.469635,-14.677324,1.1562489,Domestic,R
72,55.06099,-2.0766077,4.420089,-2.7184563,0.25945163,Domestic,R
75,-21.533089,36.564075,31.231,-14.714715,-1.1639799,Domestic,R
76,-14.200116,12.518845,-12.176372,4.661265,15.356063,Domestic,I
77,55.409203,-2.0573688,4.591431,-2.7667835,0.09038557,Domestic,R
78,54.91202,-2.4036512,4.6671185,-2.7646809,0.15370177,Domestic,R
79,51.181046,-2.6614554,2.37211,-0.981829,0.08117258,Domestic,R
8,-16.08994,-16.813522,-20.367481,-40.01163,7.663453,Domestic,I
80,51.8044,-1.3030427,1.8678713,-0.047945622,0.7157151,Domestic,R
81,-13.920665,8.745652,-10.555228,-1.202911,16.426386,Domestic,R
82,49.47417,-2.7215135,2.136673,0.6390339,-0.1858462,Domestic,R
83,-21.602541,39.330254,32.3427,-14.631621,0.96133983,Domestic,R
84,-13.591602,-9.268183,-5.7237206,-2.7478168,0.0877204,Domestic,I
86,49.317543,-2.8822663,2.1486344,0.59036785,-0.34256825,Domestic,R
87,-14.682058,-1.2555596,-6.5580816,-3.3100963,-4.191847,Domestic,R
88,55.00387,-2.0414007,4.7570105,-2.7914286,-0.13669552,Domestic,R
89,54.91598,-2.0849676,4.6423287,-2.789085,-0.22544344,Domestic,R
9,-19.449419,32.495674,12.121262,-0.79432696,9.294461,Domestic,R
90,-14.768256,-15.667019,-20.187674,-39.478348,9.059844,Domestic,I
91,-14.942666,-15.753319,-20.048428,-39.43156,8.8691,Domestic,I
92,-16.207266,1.8740487,-6.957305,-5.9353747,3.9666812,Domestic,I
93,-7.208871,8.4230995,-25.051699,23.790993,-3.418437,Domestic,I
94,-7.311806,8.50685,-25.305628,24.207237,-3.4943967,Domestic,I
95,-7.3511367,8.3138275,-25.077675,23.849754,-3.4340622,Domestic,I
96,-15.94142,-17.118141,-20.466383,-40.167114,7.8130765,Domestic,I
97,49.458298,-2.2893603,0.67611855,0.42662424,0.813836,Domestic,R
98,-9.324484,7.9031672,-27.238525,24.34899,4.64951,Domestic,I
99,-8.451364,-1.0731605,-19.093885,4.670789,6.3512645,Domestic,R
BR-19-60,-22.307346,42.46369,27.22924,-7.178137,-0.8596666,Domestic,R
BR-19-76,-16.836645,7.9852886,-8.392514,7.373688,3.4163678,Domestic,I
CJ-19-40,-14.089512,-6.367054,-6.2489476,-7.0290613,-1.0799708,Domestic,I
cq08004,53.615837,-3.2085617,4.9021277,-3.1541824,-0.13092884,Domestic,R
cq08010,48.961075,-3.9361162,3.6583054,-1.0660275,-1.0556899,Domestic,R
cq08015,53.737453,-2.8285134,4.979578,-2.975877,-0.020253247,Domestic,R
cq08016,49.83453,-2.9880002,1.9827762,1.0707133,-0.30785564,Domestic,I
cq08018,49.90385,-3.1902454,2.0992532,0.97889155,-0.27998838,Domestic,R
cq09005,-9.440712,7.4007306,-8.855359,-0.19394393,11.877885,Domestic,I
CY-18-10,-14.285141,-7.150383,-5.724391,-6.5009284,-1.2104316,Domestic,I
CY-18-13,55.019127,-2.206744,4.4723716,-2.7354891,0.22590476,Domestic,R
CY-18-53,48.413483,-1.6803613,0.5734728,1.9750227,-0.23286071,Domestic,R
DE-18-43,50.67991,-2.017783,1.5466089,1.7580487,-0.14953825,Domestic,R
DE-18-50,-13.801351,-8.509069,-3.6186864,-6.5704503,-1.3469666,Domestic,I
DE-19-05,-19.602434,34.355373,12.493315,-0.8078529,11.874029,Domestic,R
DE-19-46,-10.657056,7.9983487,-28.288559,23.974888,3.361954,Domestic,I
ebj28,53.97437,-3.1007633,5.0362005,-3.1020193,0.18376508,Domestic,I
GF-19-19,-19.542072,8.256252,-8.810595,-1.5617926,15.535104,Domestic,I
GF-19-49,54.999752,-1.19203,2.4415736,-0.23981869,0.70918,Domestic,R
GF-19-50,-13.724692,14.477639,-18.332787,13.088415,19.45607,Domestic,I
GF-19-70,51.379642,2.7655413,-1.9904214,6.7330437,-1.8018819,Domestic,R
GX-18-04,52.055904,-1.4741476,1.9520539,0.11921449,0.5647337,Domestic,R
GX-18-07,55.104645,-2.2776482,4.517586,-2.743053,0.024676928,Domestic,R
GX-18-18,54.808197,-2.2166822,4.193272,-2.814635,0.25872287,Domestic,R
gz08010,-20.517145,-0.058834977,-4.0562286,-5.9087315,5.499655,Domestic,I
HB-18-61,47.248833,-0.8131775,2.3876376,0.63976234,-1.0717629,Domestic,R
HB-18-66,50.70099,-2.4017484,1.7951438,1.6778569,-0.44068086,Domestic,R
HB-19-15,-20.0579,35.487087,13.91273,-0.66695344,11.504163,Domestic,R
HB-19-92,55.055923,-2.1976044,4.354701,-2.8318949,0.18112144,Domestic,R
HN-18-37,52.900364,1.5584344,0.21626045,4.4914455,-1.6586746,Domestic,R
HN-19-15,49.051266,-3.0656648,2.4167197,0.6306444,-0.427482,Domestic,R
HX18S04,-15.778951,5.815457,0.6102743,-4.8679633,12.219995,Domestic,R
HY-18-03,51.1394,-2.2730792,1.7279426,1.3553194,-0.1923645,Domestic,I
HY-18-08,51.064636,-2.277588,1.6226051,1.3652568,-0.12343517,Domestic,R
HY-18-17,-15.452543,-16.759455,-20.480196,-39.73695,8.013127,Domestic,I
HY-18-30,-22.290417,9.481743,-6.7250643,0.97833633,10.187991,Domestic,I
LZ-18-12,-8.6595125,7.8607,-8.998462,0.21497583,14.277182,Domestic,I
MY-19-13,-15.856196,-17.020771,-20.452915,-39.83924,8.008359,Domestic,I
njspn003,-16.899855,-15.789604,-20.920744,-37.968666,6.367792,Domestic,R
njspn004,-16.751364,5.536887,-0.49920252,-4.414635,11.891684,Domestic,R
NX19S20,-10.810198,4.541647,-25.67975,24.415989,2.0982256,Domestic,I
SD-18-12,-12.698756,18.316963,-22.985146,21.332054,18.105886,Domestic,I
SH-18-17,-14.220418,-16.986832,-8.477112,-25.057465,1.4888824,Domestic,I
SH-18-62,53.944042,-2.5865173,4.5496464,-2.320144,0.27631992,Domestic,R
SH-18-71,52.929,-2.1867263,4.117672,-3.091949,-0.09577162,Domestic,R
SJ-18-15,-8.610726,-2.3418963,-8.695874,2.3128855,-2.5511518,Domestic,R
SJ-19-61,-19.222918,7.06895,0.89459264,-5.760525,12.781526,Domestic,I
sy10018,51.693638,0.8604537,0.33197856,4.227751,-1.7972138,Domestic,I
sy14,49.911613,-3.0946767,2.0360615,1.036537,-0.33101344,Domestic,I
sy19,-19.163465,3.9340966,0.9854352,-5.004456,9.418768,Domestic,R
sy20,51.26541,0.8383877,0.42819133,4.443505,-2.2379165,Domestic,R
sy27,49.847466,-2.871787,1.9374162,1.5291468,-0.5059696,Domestic,I
sy28,49.864536,-2.733347,2.0959764,1.0719414,-0.34533623,Domestic,I
sy9,54.104725,-3.1677792,4.965892,-3.2288606,-0.02767646,Domestic,R
TA-18-48,-10.357607,-3.7603867,-12.417465,7.397344,0.18834135,Domestic,I
TA-19-07,54.70677,-2.2692666,4.621475,-2.7086346,-0.10810051,Domestic,R
TS-18-42,-14.0452,-0.31196207,-19.408789,3.08209,8.011419,Domestic,R
TS-19-32,54.35273,-1.4019654,2.2931983,-0.2657072,0.6366327,Domestic,R
TS-19-52,-13.312936,3.2676113,-24.26278,11.252378,5.8512917,Domestic,R
TS-19-70,55.13182,-1.0594699,2.4716036,-0.49417812,0.8012188,Domestic,R
TS-19-76,55.10147,-2.5696893,4.6218286,-2.8978267,0.24675848,Domestic,R
WH-19-22,-9.728045,0.99245596,-21.156996,11.496217,1.8161141,Domestic,R
wh10013,-20.111471,35.526623,7.6924706,6.6225357,7.6299148,Domestic,R
wh10018,51.670002,0.79037553,0.3431969,4.202436,-1.9322485,Domestic,R
wh11,53.787056,-3.1863966,4.8933253,-2.8513217,-0.17938198,Domestic,R
wh17,-20.87988,40.57956,26.147167,-6.680916,-1.4580816,Domestic,R
wh9,53.94369,-3.0232768,4.9524775,-3.1904879,-0.03507195,Domestic,R
X10,-13.20325,11.281977,-14.008979,4.356091,12.779088,Domestic,I
X100,-16.522705,-14.238838,-22.189505,-30.832495,4.367509,Domestic,I
X101,-13.20893,11.120052,-15.887651,6.694556,12.939518,Domestic,R
X102,51.256783,-2.1503232,1.8069144,1.429779,-0.32616815,Domestic,I
X103,54.230286,-2.4302988,4.592073,-2.465645,0.39827132,Domestic,R
X104,50.948887,1.3756144,-0.57680476,5.118042,-1.8754463,Domestic,R
X105,54.962048,-2.0115724,4.748855,-2.7477136,0.06519112,Domestic,R
X106,55.217594,-2.0509777,4.5974703,-2.744134,0.08434459,Domestic,I
X107,51.59846,2.6989994,-2.4147348,7.981075,-1.6022085,Domestic,I
X108,53.361492,-1.3757528,2.3071046,0.4738887,0.29716104,Domestic,R
X109,55.01908,-2.0755785,4.770823,-2.826352,0.16615373,Domestic,I
X11,-15.143958,8.917764,6.8983054,-3.7207575,2.1976547,Domestic,I
X111,51.655285,2.875327,-2.4460337,8.008749,-1.4140733,Domestic,R
X112,53.99452,-1.2474875,2.32846,0.22212975,0.39752358,Domestic,R
X113,54.186794,-1.369393,2.3882105,0.369504,0.15066375,Domestic,R
X114,55.1922,-2.1256588,4.776114,-3.0674627,-0.075632155,Domestic,R
X115,53.533188,-1.8144964,3.7617736,-2.5041826,-0.26488277,Domestic,R
X116,53.87909,-2.460889,5.2952313,-2.0213087,0.01437192,Domestic,I
X117,53.812634,-2.4520702,4.401645,-2.4639635,0.43121326,Domestic,R
X118,-13.023007,9.100358,-11.080035,-0.8226441,16.639132,Domestic,R
X119,52.446827,1.4135954,-0.2102416,4.8247423,-2.1626523,Domestic,R
X12,-9.121289,-0.035848558,-13.151376,9.575454,-4.4026756,Domestic,I
X120,50.129826,-3.0871756,3.4399946,-0.70383954,-0.9169687,Domestic,R
X121,55.210297,-2.1981258,4.5573187,-2.7117276,0.10985128,Domestic,R
X122,54.90743,-2.0575423,4.680319,-2.6896727,-0.27126732,Domestic,I
X123,-13.5657,14.715921,-16.77933,11.560646,21.233273,Domestic,R
X124,-13.985873,15.413053,-18.924892,13.111212,21.489952,Domestic,I
X13,-20.372019,12.281665,-11.86034,4.504396,15.6838455,Domestic,R
X131,-11.986922,14.215307,-19.149385,15.483745,17.858833,Domestic,R
X132,54.98502,-2.0221372,4.975466,-2.753155,-0.23093995,Domestic,R
X133,-7.772825,8.133878,-24.431513,23.466934,-4.850496,Domestic,R
X134,-7.709561,8.245135,-24.506933,23.566088,-4.728373,Domestic,I
X135,-20.28175,2.6947694,-3.123081,-5.527625,11.093592,Domestic,I
X136,48.783653,1.658538,-2.843231,8.769862,-2.248228,Domestic,R
X140,-20.35772,41.278122,26.820902,-6.9871297,-1.9898431,Domestic,R
X142,-17.951088,-3.9251328,-11.759326,0.76967883,-4.6050262,Domestic,R
X143,-21.671413,39.177444,32.42521,-14.728167,0.39465526,Domestic,R
X144,55.137413,-2.1322978,4.518048,-2.854501,0.1445852,Domestic,R
X145,-17.0539,14.774338,0.76418173,-2.84372,8.146851,Domestic,I
X148,53.34453,-1.002171,2.4180703,-0.48950344,0.8803408,Domestic,R
X15,55.031082,-2.20278,4.7202735,-2.8115208,0.09701544,Domestic,R
X150,-14.781874,-10.729471,-5.805589,-9.346497,-0.20285857,Domestic,I
X151,-19.11861,35.127064,13.493824,-0.21118362,11.014768,Domestic,R
X152,-16.911026,4.120415,-9.396836,3.3120892,4.276608,Domestic,I
X153,-14.135467,3.2076473,-23.097485,10.331879,5.2984643,Domestic,R
X154,-15.623083,-16.625732,-18.933857,-36.15556,5.9082317,Domestic,I
X155,-15.256371,-1.9894143,-7.236204,-7.796231,-2.6679523,Domestic,I
X156,-10.533167,0.14538592,-21.824888,9.983879,2.7633138,Domestic,R
X157,-10.968305,-4.778555,-8.04905,1.274837,-3.0374296,Domestic,I
X158,-10.296722,-4.193139,-7.20866,1.6864898,-3.2624893,Domestic,R
X159,-17.687244,9.8610115,-3.6356952,-5.6222715,16.180552,Domestic,R
X16,-15.629573,-17.176723,-20.539673,-39.817806,7.7510834,Domestic,I
X160,-20.74772,18.099566,-0.9219491,7.5985136,-8.201907,Domestic,I
X161,-16.322636,1.8664426,-13.224761,5.707406,-7.1164584,Domestic,I
X162,-12.757268,-1.4352267,-7.73461,-2.2898486,-2.9827607,Domestic,R
X163,-15.292088,-9.381455,-4.817791,-6.711943,-1.6820097,Domestic,I
X164,-16.238646,0.34677845,-4.80347,-5.3140645,3.8204896,Domestic,I
X168,-14.876624,11.5653925,-10.203042,0.6364554,15.284076,Domestic,I
X169,-22.474537,39.807125,32.28512,-14.9883175,1.5113751,Domestic,R
X17,55.16712,-2.2250452,4.692279,-2.7988963,0.054800414,Domestic,R
X170,-7.669807,4.6913557,-19.600946,19.765232,-5.3006797,Domestic,I
X171,51.87465,-3.257477,3.8266509,-5.9074197,0.22125882,Domestic,I
X174,55.23231,-2.187726,4.5994725,-2.8676412,0.18600328,Domestic,R
X176,-15.351109,12.227658,-9.969747,0.81097764,15.5751295,Domestic,I
X177,53.969772,-2.464563,4.567729,-2.3023963,0.3938611,Domestic,R
X18,-11.115892,4.475518,-25.818613,24.428629,2.2084901,Domestic,I
X181,-15.291381,-16.752583,-20.045147,-39.96859,7.3093033,Domestic,I
X183,-21.301819,39.298893,31.184978,-14.000033,0.6603021,Domestic,R
X186,-13.674264,-5.5685344,-0.44594973,-4.062148,-4.8693643,Domestic,I
X187,-14.295854,3.1872957,-23.078686,10.326972,5.381882,Domestic,R
X19,51.561832,2.0601797,5.1938143,-2.5461137,4.241902,Domestic,R
X191,-20.134844,34.821045,13.194145,-0.76047957,11.06564,Domestic,R
X192,-15.990518,-16.83968,-20.401634,-40.118908,7.7453113,Domestic,I
X193,-7.6218605,4.764941,-19.573782,19.705597,-5.257756,Domestic,I
X194,52.795605,-2.6459413,3.823008,-2.4669006,-0.399211,Domestic,I
X195,-21.419085,39.314793,31.140528,-14.035035,0.6146836,Domestic,R
X196,-15.516429,4.3162427,-25.79143,12.433167,6.3904443,Domestic,R
X198,-12.703016,12.764546,2.6891239,-5.7230678,6.1060543,Domestic,R
X199,-16.031595,-16.73918,-20.377174,-40.01383,7.7234917,Domestic,I
X20,-13.57923,2.3826232,-11.169006,9.466299,-6.7222595,Domestic,R
X202,-21.689018,37.959743,31.164944,-14.04808,0.11297494,Domestic,R
X203,-20.56853,5.4477844,-5.223515,-2.3576472,12.5045395,Domestic,I
X205,-15.220798,0.49833006,-3.8196638,2.24647,-4.7067547,Domestic,I
X206,-6.3747716,-2.4943185,-4.363724,-3.3990934,-2.6257899,Domestic,R
X207,-14.971533,-3.1529787,-9.313781,-1.4430244,-3.7387166,Domestic,I
X21,-17.991425,4.965637,0.33094552,-5.241334,5.010157,Domestic,I
X210,-20.609917,37.927677,8.169664,6.8014317,8.881103,Domestic,R
X211,-20.621822,37.632683,8.077981,6.95422,8.648513,Domestic,R
X212,-12.702474,12.771125,2.7604508,-5.77147,6.199279,Domestic,R
X213,-15.04753,-3.2084262,-9.314388,-1.4213028,-3.761162,Domestic,I
X215,47.92927,-2.7191026,2.0926929,0.26923168,0.2504422,Domestic,R
X216,49.419704,-2.7148395,2.17091,0.60405004,-0.18567285,Domestic,R
X217,55.331146,-0.88665533,2.2950087,-0.5071868,0.8735665,Domestic,R
X219,-15.495229,-0.4217692,-10.001982,-6.584304,0.6771284,Domestic,I
X22,55.225452,-1.978258,4.4233084,-2.8439786,0.13309453,Domestic,R
X220,-17.833645,2.4161654,-13.204284,6.0102906,-7.6124387,Domestic,I
X221,-18.916342,8.595927,-4.331132,-5.988575,15.136815,Domestic,R
X222,55.116547,-2.1776676,4.606342,-2.808076,0.2550566,Domestic,R
X223,53.955845,-2.5087948,4.5468464,-2.3851335,0.35355082,Domestic,R
X225,-9.596987,-1.0262167,-20.211458,8.046529,4.2490296,Domestic,R
X228,52.894493,-1.8476384,4.1435413,-3.2318623,-0.38641244,Domestic,R
X229,-14.7871685,0.23899183,-5.2897816,-5.163048,4.006018,Domestic,I
X23,50.431057,-1.2609177,5.0991173,-2.435393,-0.5114764,Domestic,R
X230,55.154427,-2.2757063,4.656853,-2.8717697,0.32219627,Domestic,R
X231,-19.166008,4.3637657,-8.715734,0.80669343,3.2028148,Domestic,I
X232,-11.255373,20.392971,-24.02533,24.620825,15.610068,Domestic,I
X233,51.078434,-2.1186676,1.738576,1.4225712,-0.27297488,Domestic,R
X234,55.001896,-2.2079127,4.7072196,-2.9750273,0.22393057,Domestic,R
X235,49.448673,-2.3459666,1.5474588,1.2611897,-0.11265634,Domestic,R
X236,50.31712,-2.168785,1.5710725,1.6874957,0.013401384,Domestic,R
X237,55.326897,-0.857352,2.3156507,-0.37768218,1.0014815,Domestic,R
X238,-19.581284,35.29049,13.4257965,-0.5053493,11.152369,Domestic,R
X239,55.12253,-2.1355734,4.4748607,-2.773427,0.3184998,Domestic,R
X24,50.098534,-3.1143901,3.5359693,-0.7235101,-0.7533317,Domestic,R
X240,-11.995761,13.744875,-19.0767,15.423148,17.550375,Domestic,R
X241,52.25719,-1.2757148,2.1887846,-0.3797372,0.3877837,Domestic,R
X242,-12.17789,16.114792,-19.549938,16.886627,17.42618,Domestic,R
X243,-17.41795,5.103891,-11.107896,5.6872334,3.9067228,Domestic,I
X244,49.566444,-2.741804,2.0852864,0.6668733,-0.17499702,Domestic,R
X245,55.204754,-0.9180107,2.313314,-0.41538718,0.97801036,Domestic,R
X246,55.13527,-0.87979937,2.3029916,-0.3332061,0.99412876,Domestic,R
X247,50.961723,-2.0946662,1.851202,1.4222031,-0.18726282,Domestic,R
X248,-15.907122,3.5447137,-6.347273,-5.8305116,5.3454175,Domestic,I
X251,52.9506,-1.6393014,4.130933,-3.4026644,-0.18686984,Domestic,R
X252,50.767693,-2.6892862,3.403503,-2.39135,0.16113631,Domestic,R
X253,-15.282126,-3.6242805,-6.0328116,-3.827924,-4.4962177,Domestic,I
X255,51.741062,-1.5353044,2.0358796,-0.1605139,0.4981252,Domestic,R
X257,38.16228,12.908727,-1.5109743,9.865764,9.213412,Domestic,R
X258,40.843555,8.877074,2.09409,2.240853,11.216262,Domestic,R
X259,54.45356,-2.009613,4.228681,-2.6870356,0.14255124,Domestic,R
X26,-13.210252,-1.515565,-6.799149,-2.8157182,-4.3092194,Domestic,R
X260,-13.40558,-1.7757243,-6.6119547,-3.0285678,-4.2298994,Domestic,R
X261,-13.261861,-7.534599,-6.702045,-4.2959213,2.5488043,Domestic,I
X262,54.525517,-2.1358135,4.558337,-2.6209207,0.015912449,Domestic,R
X263,52.46964,2.061374,-0.14774974,5.266366,-1.6766535,Domestic,R
X264,54.939472,-2.323677,4.592527,-2.7691596,0.12704948,Domestic,R
X265,-6.167752,39.680164,4.7111626,12.388492,12.580276,Domestic,R
X269,53.37029,-1.9952219,2.0727634,-0.15300766,0.16289824,Domestic,R
X27,53.037548,1.2505825,0.18460648,4.2657137,-1.639851,Domestic,R
X271,-9.441998,1.2968937,-9.263198,11.260864,-11.527762,Domestic,R
X272,-19.709826,8.210975,-8.958669,-1.1463959,15.540581,Domestic,I
X275,53.894962,-2.1779604,4.4366035,-2.7848256,0.312526,Domestic,I
X276,51.822723,1.3866795,-0.50628114,5.112022,-1.4376872,Domestic,R
X277,53.10264,2.1786828,-0.31266573,5.140765,-1.4016052,Domestic,R
X278,49.27028,-3.059317,4.3778343,-0.45955697,-1.1299024,Domestic,R
X280,-9.550223,1.2471921,-9.258985,11.191891,-11.489291,Domestic,I
X282,-21.05712,37.186287,31.177544,-14.440265,-0.8805324,Domestic,R
X284,52.772102,1.4901717,-0.12824906,4.40092,-1.7185848,Domestic,R
X285,52.327934,0.8754863,-0.23469453,2.540996,1.087394,Domestic,R
X286,-20.068497,35.158573,13.358789,-0.89670485,11.480474,Domestic,I
X289,55.133015,-2.2833242,4.7322264,-2.679908,0.052965503,Domestic,R
X29,51.341022,-2.3106413,4.398118,-4.6660566,0.20181787,Domestic,R
X291,55.02631,-2.2943947,4.680283,-2.7402186,0.1483112,Domestic,R
X292,55.210213,-2.4205072,4.6942306,-2.8628817,0.069700725,Domestic,R
X293,50.366974,-1.965699,1.6483643,1.557164,-0.19005914,Domestic,R
X294,-19.923588,12.37131,-2.577547,-6.160284,18.576626,Domestic,R
X296,55.078842,-2.0935824,4.598891,-2.8215523,0.32696223,Domestic,R
X297,-15.781956,-16.745497,-20.36873,-39.912304,7.7337832,Domestic,R
X298,-22.498264,39.2192,32.13197,-14.790257,1.3311756,Domestic,I
X30,-15.111559,-8.407707,-11.034132,-6.1679783,10.086661,Domestic,I
X300,-9.653915,1.395482,-8.715135,11.119067,-11.113011,Domestic,R
X301,-18.770435,17.424187,-8.244768,-0.05679887,21.655846,Domestic,I
X303,-21.980774,9.688654,-6.731672,1.0194607,10.317947,Domestic,I
X304,-18.018671,10.459109,-15.26816,6.9890513,10.405421,Domestic,I
X306,-20.928446,17.02155,0.7402744,4.12982,-7.57884,Domestic,R
X307,-19.97075,35.004997,10.215174,1.135548,11.092814,Domestic,R
X308,54.949066,-2.2076032,4.6724606,-2.8192806,0.058903836,Domestic,R
X31,-13.240965,-1.6483529,-6.8432727,-2.8835998,-4.213151,Domestic,R
X310,-13.359248,-2.68208,-4.5048585,-0.8896442,-2.1759393,Domestic,I
X311,55.001904,-2.2144623,4.656051,-2.7617824,0.18962868,Domestic,R
X313,-19.469248,10.17555,-3.492397,-6.049574,16.641127,Domestic,R
X314,-20.397863,35.040432,8.586836,4.8890085,8.208321,Domestic,R
X319,51.56836,-2.3430927,4.057036,-3.174693,0.1232753,Domestic,R
X32,55.146225,-1.9714751,4.4533978,-2.7302828,0.15309368,Domestic,R
X320,54.970734,-2.1649349,4.786662,-2.7886133,-0.12221947,Domestic,R
X321,55.072983,-2.5723588,4.9060884,-2.906262,-0.026385942,Domestic,R
X322,50.71826,-2.094934,1.7952255,1.6269481,-0.42661142,Domestic,R
X323,-17.776592,-6.561048,-13.9410715,-7.5823298,5.638494,Domestic,I
X324,-13.927362,-2.28503,-7.6757402,-2.816477,-4.1122503,Domestic,I
X328,-14.937616,-15.868633,-20.270313,-39.35606,8.93386,Domestic,I
X33,-15.533064,-16.86786,-20.695475,-39.71387,7.982464,Domestic,R
X330,-14.245597,-2.4262989,-7.338105,-2.7058418,-4.206654,Domestic,I
X331,-21.32422,38.10566,31.799309,-14.506817,-0.25802574,Domestic,R
X333,-19.6666,11.048219,-3.149343,-6.1542106,17.24865,Domestic,R
X337,54.72777,-2.2486882,5.218851,-2.8713315,0.25842825,Domestic,R
X338,-14.699859,15.1597,-21.341108,17.814947,15.593697,Domestic,R
X339,55.192844,-2.1228836,4.6201725,-2.6757333,0.11291329,Domestic,R
X34,55.24556,-2.0527139,4.525367,-2.7807226,0.11183813,Domestic,R
X340,-19.902092,-20.646992,-0.6630143,-3.7080414,10.958477,Domestic,I
X342,-12.703046,3.0656438,-2.6187046,-3.7783751,10.004762,Domestic,I
X343,-14.883285,-16.107582,-20.139423,-39.481594,8.996625,Domestic,I
X344,-20.105625,13.657754,4.6946754,-1.6423696,-4.9382453,Domestic,R
X345,-19.658955,35.345863,7.5096955,6.573112,6.9527063,Domestic,R
X346,50.051857,-3.175546,3.5772276,-0.8574809,-0.86379445,Domestic,R
X35,-13.7091,-18.172333,-7.3390546,-25.589825,0.86810815,Domestic,I
X350,53.236546,2.0338986,-1.3500489,6.468921,-1.5520434,Domestic,R
X351,-18.468237,33.881077,9.284891,1.7254962,9.669833,Domestic,R
X352,-14.565099,8.089979,6.330498,-4.1492057,1.2396737,Domestic,I
X353,49.005314,1.5149153,-2.5062513,8.157949,-1.5604882,Domestic,R
X355,-9.638973,1.3409507,-8.748719,11.114357,-11.189991,Domestic,I
X356,-10.933015,0.52332556,-13.589622,9.441897,-4.9085894,Domestic,I
X357,52.55465,-2.8534698,3.7316632,-2.42776,-0.29512885,Domestic,R
X358,52.38261,-3.1090665,4.063132,-2.3402073,-0.5311489,Domestic,I
X36,-9.879792,0.3416483,-20.375463,8.053865,3.820593,Domestic,R
X361,-20.563335,6.4559336,-1.8240222,-4.19036,12.773584,Domestic,I
X362,50.744526,-2.7945578,3.690785,-1.9470992,-0.32752132,Domestic,I
X363,55.144478,-2.064432,4.642289,-2.754645,0.24280822,Domestic,I
X365,49.464687,2.2920573,2.4597933,0.1556606,3.986541,Domestic,R
X366,-9.686816,1.4588245,-9.50896,11.631321,-11.914037,Domestic,R
X367,52.702026,-2.8838284,3.8582218,-2.3509204,-0.36505097,Domestic,R
X368,-9.665391,1.3737788,-8.713502,11.142902,-11.139046,Domestic,R
X369,-7.0675163,3.398098,-19.686983,16.67967,-4.2442393,Domestic,I
X37,53.80074,-2.4997737,3.7868721,-1.8455951,0.16291247,Domestic,R
X370,53.785694,-1.8036981,1.959703,-0.13631889,0.50042766,Domestic,I
X371,-20.09525,9.356665,-5.1416245,-0.34093446,13.545162,Domestic,I
X372,-19.388159,9.600348,-5.084488,-3.106256,17.590973,Domestic,I
X373,53.582016,-1.7204336,1.8830359,-0.12738529,0.4315362,Domestic,I
X374,52.501663,-2.888002,3.7926342,-2.3306518,-0.38805467,Domestic,R
X376,-16.972006,2.9805217,-2.5962787,-3.2851949,9.641442,Domestic,I
X378,-9.028725,0.027250756,-16.715666,7.3989635,7.863044,Domestic,I
X379,-9.005807,-2.1772263,-4.6319427,3.3848052,-9.541946,Domestic,R
X38,-10.282018,0.19151624,-20.317293,8.57579,3.7302444,Domestic,R
X380,-16.353127,-2.6922348,-7.234959,-3.728506,-5.5189543,Domestic,I
X381,53.608154,-1.8619713,1.9654473,-0.16319904,0.39841938,Domestic,R
X382,-14.191367,13.748461,-18.773859,13.776081,19.490126,Domestic,I
X383,-19.455294,35.308342,13.666448,-0.7705843,11.283854,Domestic,R
X384,-13.36568,-3.7651324,-3.3859718,-1.7201731,-2.738839,Domestic,I
X386,-8.939186,-2.2314823,-4.6170616,3.3859367,-9.591566,Domestic,R
X387,-20.104837,13.864965,4.5416346,-1.6695082,-4.971793,Domestic,R
X391,-12.756417,15.366493,-21.136288,18.047144,17.901114,Domestic,R
X392,54.889183,-2.1428266,4.81228,-2.7740982,0.06374431,Domestic,I
X394,49.13088,1.911934,-2.7476099,8.889673,-2.1142974,Domestic,R
X395,-9.112676,-2.5180888,-4.4503007,3.5900936,-9.439414,Domestic,R
X396,-19.822811,33.739117,12.742886,-0.8285818,10.288441,Domestic,R
X397,-17.84491,15.86916,-12.4190645,6.0865526,14.823951,Domestic,I
X398,51.078465,-2.0896482,1.6001129,1.2808089,-0.13383457,Domestic,R
X4,-15.986012,-0.4207796,-5.474302,-4.7911496,4.1246076,Domestic,I
X40,51.138504,-2.03317,1.5636591,1.4680256,-0.07477566,Domestic,R
X400,-16.267546,-14.53104,-22.438576,-36.88882,8.466873,Domestic,I
X401,-16.493473,4.3163114,-9.299717,3.5420732,4.3506484,Domestic,I
X402,55.355587,-2.1162007,4.387912,-2.8848379,0.23942742,Domestic,R
X403,-8.000979,-2.6898644,-17.43035,2.371669,6.2897925,Domestic,I
X404,-12.5793295,7.8720775,-11.623977,-0.46369538,15.4056425,Domestic,R
X405,-15.165526,-8.546111,-10.629582,-6.2686033,10.59494,Domestic,I
X406,-9.996509,-0.011724774,-22.810516,14.432971,2.4585176,Domestic,I
X407,-15.98975,-16.792631,-20.319876,-40.130604,7.8425646,Domestic,I
X408,-8.5608835,4.1807404,-23.505936,17.11275,6.549664,Domestic,I
X411,-18.687256,13.96997,5.016193,-2.8086262,-5.646033,Domestic,I
X412,49.385292,-2.7445562,2.021745,0.6626608,-0.1541223,Domestic,R
X413,-9.729852,7.630373,-27.440338,24.557892,4.1595626,Domestic,I
X415,-15.128419,2.7453108,-0.89322555,-2.8919418,6.2954807,Domestic,I
X416,-21.304075,10.021193,-1.3296095,-4.036165,15.407598,Domestic,I
X417,-17.009102,-6.3857155,-7.9873295,-4.9129915,-3.084377,Domestic,I
X418,-16.199501,-7.9379654,-9.173972,-3.6469157,-2.4227877,Domestic,I
X419,-13.961403,3.9631598,-12.538535,6.828947,4.0020165,Domestic,I
X420,53.727127,-1.900656,4.6442943,-2.632685,0.10359735,Domestic,R
X421,-17.674688,7.5853415,0.8172948,-4.7704577,13.155884,Domestic,R
X422,-18.555593,16.20631,-8.592759,-0.23297244,20.75437,Domestic,I
X423,-21.070938,38.39066,9.336955,5.5511374,10.35454,Domestic,R
X425,-14.6466255,-1.1075695,-6.7191,-3.1466205,-4.144923,Domestic,R
X427,-16.029276,6.606859,0.04524323,-2.037925,9.583258,Domestic,I
X428,-19.101858,14.122475,2.5226018,-0.79751986,-4.642961,Domestic,R
X429,-19.452242,8.40787,-9.01991,-1.309362,15.430984,Domestic,R
X43,53.175346,-1.048063,2.8584323,-0.6885572,0.41325137,Domestic,R
X433,-19.059408,39.850513,7.414462,9.070091,10.513435,Domestic,I
X437,50.742092,-2.078213,1.8974757,1.316336,-0.21623854,Domestic,R
X438,-18.217287,11.366322,-3.9628663,2.425268,11.012822,Domestic,R
X44,-13.658558,-18.110004,-7.3037086,-25.654861,0.8687718,Domestic,I
X440,-14.375007,-6.620804,-5.729876,-6.5566773,-1.1205864,Domestic,I
X441,-15.731306,4.9903607,-17.99844,5.399754,0.6558086,Domestic,R
X46,52.791264,1.3793155,0.11851669,4.376026,-1.8886406,Domestic,R
X47,-14.591792,9.181406,-10.328914,-1.3338839,17.002184,Domestic,R
X48,53.620552,0.0067027165,1.6421034,-0.100810744,1.0851682,Domestic,R
X5,55.073063,-2.0907843,4.516909,-2.7776525,0.18705626,Domestic,R
X52,55.24372,-2.2037313,4.6295075,-2.7476828,0.11656106,Domestic,R
X54,-13.382955,-3.7165594,-3.5776448,-1.650757,-2.6611097,Domestic,I
X55,-18.79402,17.815273,-12.608766,5.825466,17.80843,Domestic,R
X56,-9.762384,1.4999124,-22.845398,10.030494,5.002556,Domestic,I
X57,-16.681787,1.2602243,-6.0284843,-3.7407029,6.191055,Domestic,I
X58,-19.865164,-2.4205165,-11.582675,2.0088427,-3.382808,Domestic,R
X6,-13.511769,3.9665296,-11.61948,6.795446,2.4126701,Domestic,R
X60,-15.677877,-16.958052,-20.625254,-39.695,7.882611,Domestic,I
X61,51.148342,-2.1447065,1.6199716,1.416382,-0.215089,Domestic,R
X62,-13.559542,19.78348,-22.074097,21.221195,19.440819,Domestic,R
X64,-14.3534775,0.12788105,-8.1517725,5.895475,-4.4966893,Domestic,I
X65,55.155575,-2.15815,4.6131454,-2.8865285,0.001674114,Domestic,R
X66,-11.567139,13.131156,-19.84682,15.627736,16.796528,Domestic,R
X67,-17.461542,6.835352,-10.711776,1.8083216,2.8234227,Domestic,R
X68,-15.529493,-6.2161236,-7.735616,-4.0044394,5.8204694,Domestic,I
X69,-13.433277,-5.7176695,-5.981976,-6.6758666,0.10304599,Domestic,R
X70,-13.438671,-3.71919,-3.5081272,-1.7707645,-2.5250509,Domestic,I
X72,-13.254356,-5.453126,-5.9797783,-6.6083264,0.33416203,Domestic,R
X73,50.837727,-2.0896795,1.6130915,1.6393023,-0.26723665,Domestic,R
X74,-12.276743,15.367764,-21.099192,17.107271,18.317202,Domestic,R
X75,50.463486,-2.245869,1.7921776,1.4025301,-0.37679943,Domestic,R
X76,-10.548786,-5.1343865,-3.4852989,-3.0157201,-1.9013942,Domestic,I
X77,-13.655572,-6.920754,-1.5276139,-3.4269884,-4.042089,Domestic,I
X79,52.948925,2.8553705,-1.9818144,7.0190716,-0.9908518,Domestic,R
X80,50.088314,-2.9817536,3.3153865,-0.7788514,-0.7809332,Domestic,R
X81,48.738113,1.8520885,-2.9231524,8.88698,-1.7712176,Domestic,R
X82,52.864597,2.090405,-0.3006382,5.210305,-1.5295372,Domestic,R
X83,55.28146,-1.9380472,4.4661865,-2.6789324,0.18409117,Domestic,R
X84,54.94275,-2.029791,4.587369,-2.6131365,0.0981779,Domestic,R
X86,48.932697,1.7855421,-3.0992265,8.995595,-1.8916124,Domestic,R
X87,54.861374,-2.3245015,4.6283765,-2.7363782,0.06412188,Domestic,R
X88,48.68596,1.8084869,-3.253224,9.0523205,-2.2943437,Domestic,R
X89,-10.29205,-0.6659845,-22.667793,14.473763,1.1524569,Domestic,I
X9,55.21283,-2.3268342,4.6970863,-3.0527792,0.0812238,Domestic,R
X92,54.94747,-2.2947857,4.653876,-2.7074473,0.18428646,Domestic,R
X93,-16.9573,-0.8993188,-10.644478,2.2983098,-6.914808,Domestic,I
X94,50.599014,-2.250772,1.9555014,1.8434981,-0.4193915,Domestic,R
X95,-22.576885,41.803913,27.106405,-7.842036,-1.134571,Domestic,R
X96,54.188686,-2.1650617,4.4877357,-2.852778,0.22474931,Domestic,R
X97,55.171562,-2.2055058,4.7818303,-2.806515,0.05988355,Domestic,R
X98,-15.144616,-7.3634057,-7.640976,0.79412776,-2.006997,Domestic,I
X99,-21.328386,39.3399,31.13948,-13.939028,0.7316558,Domestic,R
XiJ-19-56,54.84542,-2.4218576,4.702045,-2.6409526,-0.029839993,Domestic,R
GPS_NO_NIPH_537,-22.882385,15.71694,10.3418,4.0090594,-25.57512,GPS,S
GPS_NO_NIPH_851,-16.501833,-2.9768605,-1.6524297,2.2440996,-12.709116,GPS,S
SPE_GB3_872183,-22.601332,30.379595,19.296976,2.7059627,-7.5029435,GPS,S
SPE_GB3_874964,-27.967915,-43.00167,26.460653,9.777459,10.078781,GPS,S
GPS_ES_CAN_2688,-12.808812,9.963043,-18.792038,14.354661,-7.01616,GPS,I
SPE_GB3_877331,-28.025461,-42.99531,26.477966,9.911585,10.121693,GPS,S
GPS_ZA_8545,-22.212626,9.979511,1.7981424,-1.858755,-2.9309506,GPS,S
SPE_GB3_883070,-20.644028,-25.337353,10.013286,7.7337313,5.303431,GPS,S
GPS_NO_NIPH_749,-19.104322,-9.326758,1.421588,2.1636498,-27.854944,GPS,S
SPE_GB3_873520,-18.010738,-18.611685,-15.912374,-29.591469,-6.1104465,GPS,S
GPS_ZA_8464,-14.384841,-7.8270392,-3.46108,-9.804099,-12.356565,GPS,S
SPE_GB3_875006,-19.313301,-1.4987935,1.750644,5.2140226,19.419744,GPS,I
SPE_GB3_893979,-23.54109,-21.33553,4.100646,14.940735,-2.2153945,GPS,S
SPE_GB3_885167,-11.979748,-9.156538,-0.27707434,-11.286657,-13.656812,GPS,S
SPE_GB3_901567,-15.295489,-1.8959888,-8.320833,14.906697,-19.821531,GPS,S
GPS_ZA_8575,-22.144413,9.245118,5.7799315,-5.964528,-6.2551265,GPS,I
SPE_GB3_893929,-22.699015,15.266262,10.777135,4.0635147,-26.32972,GPS,S
SPE_GB3_897412,-16.955353,-6.250974,-7.1862,0.89492136,-11.462095,GPS,S
GPS_ZA_8602,-14.234291,-7.9616733,-3.5249677,-9.73273,-12.113325,GPS,S
SPE_GB3_885179,-8.263339,-1.71998,-16.233875,13.270356,-7.4858837,GPS,I
SPE_GB3_909766,-22.251707,12.194281,14.704666,-2.942559,-24.763384,GPS,S
SPE_GB3_897354,-20.175,0.58810085,2.2178123,1.8326738,-25.204176,GPS,S
GPS_NO_NIPH_1070,-20.742458,-25.484735,15.830367,9.966691,-1.4648907,GPS,S
GPS_ZA_8534,-22.341679,14.02733,-2.475486,7.827732,0.035430644,GPS,I
GPS_NO_NIPH_890,-19.940878,-6.6001797,-2.0398717,7.553092,-29.022293,GPS,S
SPE_GB3_897413,-13.634101,-18.84159,-9.136168,-27.729748,-8.834884,GPS,S
SPE_GB3_894540,-14.488864,-4.5665555,-2.5189385,1.2854044,-18.67136,GPS,S
GPS_ZA_8642,-27.692177,-42.120304,25.250072,10.595103,9.509763,GPS,S
SPE_GB3_898727,-22.086206,11.930052,14.842993,-2.889411,-24.731264,GPS,S
SPE_GB3_897414,-9.003543,0.13807662,-17.91542,17.244076,-10.417217,GPS,I
GPS_NO_NIPH_1005,-18.597542,-9.584307,1.8292528,2.1047676,-27.783558,GPS,S
GPS_NO_NIPH_295,-16.146404,7.448276,0.9279658,3.8956935,-3.1161306,GPS,S
GPS_ZA_8636,-27.662994,-42.29855,25.194906,10.445994,9.553788,GPS,S
GPS_ES_CAN_3645,-23.983358,6.0728164,1.4713124,2.2734616,0.9636833,GPS,S
SPE_GB3_896087,-20.781511,-24.999533,9.984909,7.919852,5.323573,GPS,S
GPS_ZA_8582,-14.700698,-15.831363,-4.3566403,-19.740648,-7.9987655,GPS,S
GPS_NO_NIPH_825,-13.816395,-10.297867,-7.4749756,-8.636749,8.634236,GPS,S
GPS_NO_NIPH_292,-29.350227,-39.816666,22.12385,15.846037,8.466443,GPS,S
GPS_NO_NIPH_426,-19.6273,-5.716892,-2.46569,9.172831,-29.337048,GPS,S
GPS_ZA_8485,-16.12052,5.3097343,2.9037511,-3.1075766,-2.9161873,GPS,S
GPS_NO_NIPH_767,-20.637442,7.6144733,0.6727301,-4.5968413,3.9628837,GPS,S
GPS_NL_RAD_0631,-28.106432,-42.677795,26.246328,10.314986,10.246115,GPS,S
SPE_GB3_894538,-21.874378,-19.948187,9.05981,18.518503,-4.332375,GPS,S
SPE_GB3_888106,-9.692752,1.6110401,-19.454668,19.069752,-9.119597,GPS,I
SPE_GB3_886749,-27.944586,-43.187893,26.463606,10.114303,10.29004,GPS,S
SPE_GB3_871141,-27.827326,-43.053505,26.441164,9.929475,10.206033,GPS,S
SPE_GB3_901551,-8.703632,0.843533,-18.980497,19.32494,-9.609434,GPS,I
GPS_NO_NIPH_1034,-11.823826,-19.997726,-8.777964,-31.855173,-9.226955,GPS,S
GPS_ZA_8448,-20.384565,12.540418,-9.766487,10.652411,2.2395256,GPS,I
SPE_GB3_897429,-28.072395,-43.106075,26.463573,9.810614,10.056452,GPS,S
GPS_ZA_8386,-18.185831,8.253309,-6.611007,7.4151406,-3.0729864,GPS,S
SPE_GB3_900669,-19.460287,7.573726,5.5909433,-1.0790888,-5.820844,GPS,S
SPE_GB3_877954,-28.03206,-42.89971,26.50331,9.885564,10.010849,GPS,S
GPS_NO_NIPH_795,-13.323585,-19.879711,-8.220901,-29.448545,-8.988426,GPS,S
GPS_NO_NIPH_975,-8.061258,-1.6754962,-16.2783,12.944373,-7.2855425,GPS,I
GPS_PK_AKU_NP0117,-18.868639,15.377233,-6.02879,6.2197304,1.6340203,GPS,I
SPE_GB3_892787,-27.910812,-42.939796,26.460543,9.936874,10.151621,GPS,S
GPS_NO_NIPH_561,-14.225028,-3.7590053,-3.1965647,1.4158663,-18.348236,GPS,S
SPE_GB3_894512,-17.85811,1.273815,-3.5849626,-2.560233,-3.4529405,GPS,S
GPS_NO_NIPH_491,-18.725672,-9.431658,1.6640296,2.1298633,-27.738834,GPS,S
GPS_NO_NIPH_530,-23.229748,13.453659,8.585473,3.7518103,-25.042416,GPS,S
GPS_NO_NIPH_279,-28.136457,-42.706306,26.383467,10.367889,10.29055,GPS,S
SPE_GB3_883915,-8.669069,-3.6950414,-13.564192,10.763309,-8.5612955,GPS,I
GPS_NO_NIPH_594,-19.484243,11.882734,-2.0473335,3.0130668,8.443925,GPS,I
SPE_GB3_874946,-21.183731,14.535127,10.874122,4.0955906,-26.161972,GPS,S
SPE_GB3_877925,-21.213362,11.705584,-1.3137164,7.840013,-9.648352,GPS,S
SPE_GB3_901548,-8.895187,-2.1635118,-15.926132,13.055838,-7.42422,GPS,I
SPE_GB3_873511,-19.706594,0.9462039,4.5887237,0.89507306,-25.777922,GPS,S
SPE_GB3_888056,-23.932142,-24.846949,7.0585976,11.131179,-1.0570894,GPS,S
SPE_GB3_897415,-19.379234,-0.7146715,2.1231472,2.4061925,-25.311049,GPS,S
GPS_ZA_8589,-27.753191,-42.086746,25.251987,10.428158,9.462008,GPS,I
GPS_NO_NIPH_711,-9.459231,1.9450995,-19.515123,19.106737,-9.221217,GPS,I
SPE_GB3_872196,-19.975098,-0.18205094,-2.363766,10.63119,16.697704,GPS,I
SPE_GB3_890533,-27.718563,-43.220364,26.483385,9.987909,10.292383,GPS,S
SPE_GB3_879972,-11.60197,-4.2515554,-5.1895995,-2.3100357,-16.160187,GPS,S
GPS_ES_CAN_3274,-27.70844,-42.8328,26.348513,9.498444,9.868912,GPS,S
SPE_GB3_869338,-18.748121,-9.552559,1.8833005,2.2324088,-27.582907,GPS,S
SPE_GB3_900737,-27.990034,-43.069195,26.460588,10.086837,10.105707,GPS,S
GPS_NO_NIPH_815,-17.888262,-20.64327,-13.934852,-32.85859,-5.987815,GPS,S
SPE_GB3_890592,-28.085625,-43.195175,26.470335,9.78624,10.130157,GPS,S
SPE_GB3_873509,-13.662981,-18.674364,-9.186138,-27.951612,-8.79105,GPS,S
GPS_ZA_8380,-21.010195,13.361525,-6.6104727,9.141716,5.968148,GPS,I
GPS_NO_NIPH_489,-18.082685,-20.622221,-14.448908,-33.116287,-5.5455656,GPS,S
SPE_GB3_896058,-27.971666,-42.926403,26.467363,9.968817,10.1510105,GPS,S
GPS_NO_NIPH_898,-21.102545,13.576389,9.0078335,3.6405895,-25.155054,GPS,S
SPE_GB3_871133,-16.16762,-5.9403715,0.004600331,-0.05602765,-9.875504,GPS,I
GPS_ZA_8520,-17.173105,5.7970777,-5.659183,7.2410293,-6.0836997,GPS,S
SPE_GB3_876187,-20.91906,-23.258032,12.106188,14.649871,-3.3545766,GPS,S
SPE_GB3_894537,-18.561687,-2.7911408,-11.477231,3.187822,-5.6226954,GPS,S
SPE_GB3_885165,-21.697792,-22.366356,11.358349,15.888485,-3.6714807,GPS,S
GPS_NO_NIPH_1066,-13.885692,-12.088409,-0.68877596,-4.5352826,-9.035247,GPS,S
SPE_GB3_874967,-22.730173,18.874794,-2.5937846,7.9701824,3.1750243,GPS,S
GPS_NO_NIPH_780,-20.497728,-24.94202,9.967089,7.8667536,5.787224,GPS,S
GPS_ZA_8377,54.794827,-1.1890131,2.3077548,-0.2765269,0.5412651,GPS,R
SPE_GB3_900736,-12.730564,-0.65715945,-9.289214,4.4456553,-17.889318,GPS,S
SPE_GB3_879947,-22.813612,9.698283,-6.8837085,7.809509,3.0927148,GPS,I
SPE_GB3_898754,-13.269479,-20.269968,-8.043302,-29.432621,-9.247451,GPS,S
SPE_GB3_873498,-14.184116,-3.4236608,0.7153608,-0.6416055,-15.512527,GPS,S
GPS_NO_NIPH_866,-13.699234,-2.3274944,-8.629008,14.983289,-20.5033,GPS,S
SPE_GB3_900735,-11.911784,-4.285438,-4.422702,-2.5275798,-16.081587,GPS,S
GPS_NO_NIPH_750,-28.002663,-42.87512,26.469727,10.3288765,10.224159,GPS,S
SPE_GB3_883008,-28.065342,-43.044907,26.478466,9.980866,10.151214,GPS,S
GPS_NO_NIPH_593,-14.406087,-4.201046,-2.6616812,1.2274176,-18.303339,GPS,S
GPS_ZA_8439,-20.15931,10.165179,-5.1327395,4.618872,4.3192325,GPS,I
SPE_GB3_894532,-19.24749,-11.92317,-3.093727,8.170324,5.369012,GPS,I
GPS_NO_NIPH_289,-17.132679,10.125186,4.0040383,2.6596506,-0.03488894,GPS,S
GPS_NO_NIPH_817,-18.241392,-20.926373,-14.346634,-33.127045,-5.823011,GPS,S
SPE_GB3_875004,-21.676033,12.105456,15.120098,-3.1039648,-25.11305,GPS,S
GPS_TW_NHRI_SPN138,-21.075598,34.379982,13.01043,-2.0860877,7.523496,GPS,R
GPS_NO_NIPH_555,-11.23916,-2.7074518,-5.906073,-3.1382957,-17.114887,GPS,I
GPS_ZA_8437,-16.965733,-2.069652,-7.492529,-5.9278016,-2.3117557,GPS,S
SPE_GB3_891476,-19.903173,8.488238,2.5301223,4.8062005,-9.606382,GPS,S
GPS_PK_AKU_NP0006,-22.517954,18.267263,2.3242328,-5.3658996,7.983004,GPS,I
GPS_ES_CAN_1992,-19.456625,-9.79167,-1.0829382,3.319575,-12.549059,GPS,S
SPE_GB3_900680,-21.817955,-20.090233,9.159016,18.904703,-3.7927127,GPS,S
GPS_NO_NIPH_596,-16.504015,0.9091732,-1.3518755,2.2414405,-5.100861,GPS,S
GPS_ZA_8459,-17.339767,-3.9064145,4.152511,-2.9190865,-8.66472,GPS,S
SPE_GB3_874984,-27.949368,-42.817223,26.5134,10.058448,10.119079,GPS,S
SPE_GB3_872247,-18.067726,-0.15172969,-14.265896,9.02067,-8.176043,GPS,S
GPS_NO_NIPH_886,-19.870949,-25.592493,16.06707,10.182968,-1.9363973,GPS,S
GPS_NO_NIPH_359,-20.421877,-6.6535897,-2.1348324,7.79879,-29.5684,GPS,S
GPS_ZA_8424,-20.212725,6.565727,-0.16378185,-5.7764087,-4.2151375,GPS,I
GPS_ZA_8537,-13.105149,-7.4329157,-6.876955,-0.67722505,-9.7260065,GPS,S
GPS_ES_CAN_3829,-20.762438,10.576383,7.5314918,-1.5681943,-6.7509427,GPS,S
SPE_GB3_874977,-18.612957,-9.494098,1.8673424,1.9411263,-27.494717,GPS,S
GPS_NO_NIPH_776,-21.546078,12.312262,3.0648792,5.560414,-7.8571324,GPS,S
GPS_NO_NIPH_405,-27.99579,-42.91391,26.49586,10.264418,10.257963,GPS,S
GPS_NO_NIPH_700,-18.850664,19.887396,-10.568551,4.4484186,13.797356,GPS,R
SPE_GB3_877350,-21.664875,-20.600727,9.461355,18.58756,-3.8877187,GPS,S
SPE_GB3_880010,-27.904514,-43.03904,26.534441,10.075778,10.225111,GPS,S
GPS_NO_NIPH_820,-17.387144,11.619748,-2.9520214,0.66310185,3.3322592,GPS,I
SPE_GB3_869373,-28.047459,-43.00113,26.430058,10.013347,10.200654,GPS,S
GPS_NO_NIPH_659,-19.847086,10.935215,5.660255,-0.7016044,-3.2350936,GPS,S
SPE_GB3_894530,-22.522243,15.442622,10.052335,4.165134,-26.126743,GPS,S
SPE_GB3_873493,-14.459932,-2.757592,-5.9044657,14.7079735,-19.414757,GPS,S
GPS_NO_NIPH_950,-19.724588,2.707005,2.5189054,-1.70377,-1.2473769,GPS,S
SPE_GB3_888052,-16.975592,-23.13385,-10.867375,-38.592754,-4.626146,GPS,S
GPS_ZA_8585,-28.84512,-39.580643,21.61101,15.606141,8.122211,GPS,S
GPS_NO_NIPH_512,-19.872223,-6.9083033,-1.7743132,7.298629,-29.65532,GPS,S
SPE_GB3_872240,-27.918821,-43.130848,26.426292,9.883074,10.037692,GPS,S
SPE_GB3_886743,-13.674223,-3.2922702,-5.7110634,14.95195,-19.241495,GPS,S
SPE_GB3_877942,-17.124933,-23.285402,-10.7746935,-38.420704,-4.729537,GPS,S
SPE_GB3_896094,-13.545347,-6.670126,-4.0388055,7.6555247,-18.6965,GPS,S
GPS_ZA_8486,-15.213954,1.9366815,7.2460012,-7.633474,-1.392554,GPS,S
GPS_NO_NIPH_1057,-21.452578,8.633492,3.4368317,1.7288133,-13.632288,GPS,S
GPS_NO_NIPH_757,-17.860182,-11.241593,0.8324448,-0.36173317,-11.04273,GPS,S
GPS_ZA_8451,-14.2505045,-4.926214,-12.088358,8.04123,-9.259746,GPS,S
GPS_NO_NIPH_340,-19.138659,-7.78607,0.7828628,3.0117848,-27.288193,GPS,S
GPS_NO_NIPH_978,-19.779001,6.644055,-0.9088405,4.4990587,-1.6736612,GPS,S
SPE_GB3_890568,-19.775776,1.2457291,4.9829607,0.92392004,-25.923899,GPS,S
GPS_NO_NIPH_919,-25.568396,31.728292,15.4275255,4.904464,-10.8767395,GPS,S
SPE_GB3_880982,-16.98234,-2.7264063,-6.901371,-6.367047,-2.1579669,GPS,S
GPS_NO_NIPH_417,-22.389414,-22.160769,11.033785,16.141552,-3.563871,GPS,S
GPS_NO_NIPH_708,-21.825972,12.750209,14.258668,-3.4997544,-24.335764,GPS,S
GPS_NO_NIPH_764,-19.912943,-5.5861406,-2.567362,8.099127,-29.22487,GPS,S
SPE_GB3_894531,-19.200924,-6.21701,-2.363578,8.818265,-28.684845,GPS,S
GPS_NO_NIPH_1030,-12.323487,4.003985,-17.648827,11.33521,5.656176,GPS,S
SPE_GB3_894509,-19.086874,0.73599946,-0.2249098,5.717393,-2.2081914,GPS,S
SPE_GB3_897426,-19.759098,9.148626,5.937251,-1.5955071,-4.7975016,GPS,S
GPS_NO_NIPH_355,-17.101746,-22.81037,-10.965229,-38.38894,-4.6028805,GPS,S
GPS_NO_NIPH_557,-15.800966,-22.892073,-13.20957,-40.115257,-2.7511964,GPS,S
GPS_NO_NIPH_937,-18.03069,-20.67273,-14.344049,-32.886623,-5.6456532,GPS,S
GPS_NO_NIPH_689,-22.734852,14.716848,4.0510864,3.5900831,-8.860255,GPS,S
GPS_ZA_8569,-5.2410755,12.615572,-5.8904433,9.241057,7.769719,GPS,R
GPS_ES_CAN_3818,-17.981909,11.070624,3.9894354,-3.6603062,4.0570793,GPS,I
GPS_NO_NIPH_838,-18.001883,3.224466,0.27459586,5.419735,-0.70431393,GPS,I
GPS_PK_AKU_NP0138,-15.357721,4.231214,-11.174774,4.819141,-2.2706892,GPS,I
GPS_NO_NIPH_831,-22.814962,27.895473,25.572681,-6.207388,-1.1635789,GPS,S
GPS_NO_NIPH_629,-19.65644,1.3934709,4.613355,1.0853158,-25.878412,GPS,S
GPS_NO_NIPH_373,-29.124355,-39.820335,22.380432,15.616337,8.322378,GPS,S
SPE_GB3_891489,-16.866343,-5.9236,-1.2944019,-1.0388105,-12.675363,GPS,S
GPS_NO_NIPH_1064,-18.81359,-7.988823,0.88605183,3.062699,-27.489988,GPS,S
SPE_GB3_901571,-20.459711,3.074952,-0.16583872,5.8443913,-25.492462,GPS,S
SPE_GB3_876179,-11.874798,-7.222736,-3.4329016,7.4431424,-18.587433,GPS,S
SPE_GB3_874930,-27.932177,-43.03714,26.476553,9.9136505,10.14772,GPS,S
GPS_NO_NIPH_619,-26.204271,35.14455,22.269022,-2.8652768,-6.556347,GPS,S
GPS_NO_NIPH_818,-20.312714,1.4107802,1.4994179,2.2888904,-25.416101,GPS,S
GPS_ZA_8373,-22.857622,16.904726,5.0521083,6.6829166,-20.1979,GPS,S
GPS_NO_NIPH_714,-12.625057,1.8106894,-11.4727,5.8756056,-19.539421,GPS,S
GPS_NO_NIPH_712,-17.206993,13.209476,-6.9116516,2.5056827,7.938937,GPS,I
SPE_GB3_872202,-20.465988,-25.328373,10.051713,7.762008,5.119914,GPS,S
GPS_NO_NIPH_1062,-25.76354,30.95049,14.993555,5.3394413,-10.976841,GPS,S
SPE_GB3_890588,-27.927378,-43.00562,26.49101,9.99255,10.167021,GPS,S
GPS_NO_NIPH_345,-19.094166,4.7815003,0.42597216,6.9849463,-0.11666209,GPS,S
SPE_GB3_886755,-19.594463,-6.06815,-2.1128156,8.799492,-29.124529,GPS,S
GPS_NO_NIPH_1063,-20.565819,9.254102,7.111318,-1.384126,-7.9161634,GPS,S
SPE_GB3_897379,-27.947922,-42.95251,26.4995,10.02456,10.171323,GPS,S
GPS_NO_NIPH_706,-18.92285,-9.1782255,1.4279897,2.0913386,-27.755484,GPS,S
SPE_GB3_886740,-18.583178,6.0521064,-7.5915794,4.317565,-2.3390517,GPS,S
GPS_NO_NIPH_828,-29.314457,-39.729122,22.178972,15.711514,8.314927,GPS,S
GPS_ZA_8453,-27.591398,-41.95308,25.402847,10.202674,9.498094,GPS,S
GPS_NO_NIPH_375,-17.753971,-11.447288,0.6428658,-2.8061528,-6.183548,GPS,S
SPE_GB3_890516,-11.812757,-4.136899,-5.1192427,-2.1941757,-16.622438,GPS,S
GPS_NO_NIPH_758,-27.862957,-42.918114,26.498974,9.9978485,10.165271,GPS,S
GPS_NO_NIPH_984,-21.794985,12.40589,9.4761505,1.661316,-25.269009,GPS,S
SPE_GB3_897351,-16.208921,3.5595863,-0.77369213,-3.9256773,-5.511711,GPS,S
GPS_ZA_8503,-14.439654,-4.6825223,-12.000555,7.4776697,-9.1787815,GPS,S
GPS_NO_NIPH_330,-14.885147,-10.356536,-8.65753,-8.993788,9.389308,GPS,S
SPE_GB3_873515,-13.323742,-20.072306,-8.055959,-29.29158,-9.175531,GPS,S
SPE_GB3_894525,-28.002954,-42.94763,26.461252,9.95612,10.166722,GPS,S
SPE_GB3_900706,-16.085842,-12.409507,-1.582128,-6.0917854,-10.213523,GPS,S
SPE_GB3_874976,-21.939455,-27.370323,15.867081,11.222879,-1.3926582,GPS,S
GPS_ZA_8596,-14.926802,5.950128,4.216317,-2.499056,4.3605776,GPS,S
GPS_ZA_8588,-22.038744,10.494864,-3.6946442,4.3112807,5.033108,GPS,I
SPE_GB3_880990,-27.927706,-42.915775,26.512783,9.892311,10.124961,GPS,S
GPS_ZA_8590,-20.14253,-8.35358,-3.5756109,1.0615766,-13.648484,GPS,S
GPS_NO_NIPH_811,-8.184252,-1.8146844,-16.267664,13.117528,-7.324532,GPS,I
GPS_NO_NIPH_996,-27.82617,-42.9771,26.568836,10.139177,10.1523485,GPS,S
GPS_NO_NIPH_887,-16.973112,-22.846426,-11.11242,-38.317406,-4.357961,GPS,S
GPS_NO_NIPH_948,-28.813469,-40.11834,22.856325,14.659126,8.858583,GPS,S
GPS_NO_NIPH_1047,-19.911371,0.57573223,-1.5235525,9.609635,17.404335,GPS,I
SPE_GB3_880945,-16.295448,4.0456862,-0.97388065,-4.151541,-4.911792,GPS,S
SPE_GB3_896084,-27.782507,-42.85131,26.358782,10.150328,10.299876,GPS,S
SPE_GB3_875000,-27.855913,-42.970913,26.442225,9.912089,10.165319,GPS,S
GPS_NO_NIPH_413,-23.04507,17.645935,1.0766983,8.193269,-9.824869,GPS,S
GPS_ES_CAN_2691,-19.737183,2.7074742,-0.8361158,7.1106844,-26.741627,GPS,S
SPE_GB3_871172,-17.151585,-23.508099,-10.763117,-38.186382,-4.741039,GPS,S
SPE_GB3_880004,-27.84199,-43.092545,26.591074,10.071244,10.105636,GPS,S
SPE_GB3_901569,-13.542973,-2.421922,-8.20757,14.056966,-20.168669,GPS,S
GPS_NO_NIPH_432,-29.315193,-39.90687,22.30006,15.597866,8.432323,GPS,S
GPS_NO_NIPH_929,-21.06042,-18.378088,7.7842565,21.256851,-4.5382485,GPS,S
SPE_GB3_893912,-20.186218,-6.8724017,-2.3620682,8.207249,-29.568745,GPS,S
GPS_TW_NHRI_SPN136,-18.33985,5.3452806,1.7718458,-5.211841,1.4614451,GPS,R
GPS_ZA_8481,-20.194067,10.616363,-6.047342,10.556263,3.38438,GPS,S
GPS_NO_NIPH_531,-21.729218,10.853781,2.14786,5.107557,-9.184309,GPS,S
SPE_GB3_892844,-13.277996,-4.2898207,-4.7588563,14.914667,-18.712156,GPS,S
GPS_NO_NIPH_549,-15.696977,-1.4468939,-6.6840577,6.791479,-20.146982,GPS,S
SPE_GB3_872225,-21.53174,9.029339,9.318357,0.89231575,0.746426,GPS,S
GPS_NO_NIPH_540,-27.667429,-42.636555,26.398252,9.251829,9.657958,GPS,S
SPE_GB3_891494,-17.542414,8.694491,-6.6581244,4.8412724,-7.3051744,GPS,S
SPE_GB3_891461,-17.840471,-18.832256,-14.71778,-29.701427,-6.978093,GPS,S
GPS_NO_NIPH_848,-14.167999,-6.716439,-0.7045979,-3.0673769,-17.576977,GPS,S
GPS_NO_NIPH_428,-13.358902,-19.562595,-8.459734,-29.366014,-8.858907,GPS,S
SPE_GB3_876194,-12.205949,-8.772371,-0.3649621,-11.008858,-13.421906,GPS,S
GPS_NO_NIPH_747,-18.730335,-7.7948856,0.7123869,3.0190644,-27.273285,GPS,S
SPE_GB3_886767,-16.047316,-6.188475,-1.1254679,0.5046174,-15.272982,GPS,S
GPS_NO_NIPH_1003,-12.469065,-3.3932185,1.4383636,-3.966798,-14.594961,GPS,S
GPS_ZA_8587,-28.635248,-38.36214,26.935928,10.005014,12.735898,GPS,S
GPS_NO_NIPH_864,-25.190874,29.996706,27.953909,-10.321569,-3.2835665,GPS,S
SPE_GB3_874931,-13.590488,0.95201594,-11.421963,7.6156034,-18.923416,GPS,S
SPE_AU1_AUSMDU00074022,-13.751165,6.376473,-12.398975,7.5454226,2.728408,GPS,R
GPS_ZA_8508,-16.988098,-4.899382,-7.407731,1.0213405,-11.605192,GPS,S
SPE_GB3_872181,-11.815449,-15.041871,-3.1872344,-6.097819,-5.8923917,GPS,S
GPS_NO_NIPH_490,-26.816101,-40.45628,26.079744,9.930936,8.126572,GPS,S
GPS_NO_NIPH_1008,-20.782728,4.586828,3.4416873,-2.1633978,-2.1954858,GPS,S
GPS_NO_NIPH_669,-14.733329,0.46814233,-11.265099,19.580128,-20.944534,GPS,S
SPE_GB3_900752,-27.938477,-42.990047,26.369665,9.989859,10.162847,GPS,S
GPS_ZA_8474,-3.0203114,6.44668,-8.894853,9.188499,1.6528003,GPS,R
SPE_GB3_876151,-19.378363,11.535529,-0.046123825,9.241147,1.03242,GPS,S
SPE_GB3_874990,-21.774233,10.895008,0.024879014,6.63487,-7.60362,GPS,S
SPE_GB3_897420,-20.029839,0.6983372,2.069039,1.9686978,-25.31657,GPS,S
SPE_GB3_873488,-28.115742,-43.005478,26.477669,9.917556,10.140684,GPS,S
GPS_NO_NIPH_824,-28.008543,-42.9827,26.373796,10.199308,10.217566,GPS,S
GPS_NO_NIPH_861,-13.459808,-19.73372,-8.290518,-29.464163,-8.802763,GPS,S
GPS_NO_NIPH_603,-14.339922,-3.2105172,-11.903006,-1.4953773,1.1036334,GPS,S
SPE_GB3_880953,-13.6477995,-2.8122048,-9.465694,14.682901,-19.067715,GPS,S
SPE_GB3_890569,-21.952417,12.41496,14.804047,-3.131062,-24.601814,GPS,S
SPE_GB3_883913,-28.03928,-43.170475,26.466816,9.933448,10.126209,GPS,S
GPS_NO_NIPH_792,-11.403999,-2.718189,-5.9692135,-2.9752498,-17.337963,GPS,S
GPS_ZA_8438,-16.02324,4.1596394,2.4398277,-3.24594,-3.916388,GPS,S
SPE_GB3_886768,-20.318817,16.211348,8.275442,6.929297,-25.186586,GPS,S
GPS_NO_NIPH_967,-20.962297,8.822139,1.7073008,4.8840065,-10.562769,GPS,S
GPS_NO_NIPH_543,-20.161549,-5.456943,-2.7415297,8.133275,-29.107023,GPS,S
SPE_GB3_890571,-20.50196,7.15502,0.8844569,5.605983,-12.043608,GPS,S
GPS_NO_NIPH_804,-19.159124,-1.0405923,1.4641734,5.578197,19.661867,GPS,I
GPS_ZA_8484,-27.535795,-42.15076,25.360172,10.388874,9.506155,GPS,R
GPS_NO_NIPH_314,-19.526987,0.7802649,1.9180043,1.9486337,-25.885176,GPS,S
SPE_GB3_872243,-19.332783,-6.2943406,-2.0047808,8.713585,-29.20864,GPS,S
SPE_GB3_898695,-17.809347,14.838051,-1.2134451,11.311634,-1.7029042,GPS,S
SPE_GB3_891432,-27.987064,-43.005405,26.539738,10.028758,10.085477,GPS,S
GPS_NO_NIPH_985,-21.773634,12.546083,9.290943,1.8751408,-25.173098,GPS,S
SPE_GB3_890537,-8.750096,-1.8890737,-16.461817,12.334665,-7.7159424,GPS,I
SPE_GB3_890567,-24.182085,27.857096,28.047983,-10.499371,-5.7671185,GPS,S
GPS_NO_NIPH_964,-18.235113,-20.545956,-14.574209,-32.67849,-5.6588526,GPS,S
GPS_PK_AKU_NP0102,-17.150866,-0.47694188,-9.61386,7.1963415,-14.347739,GPS,S
GPS_NO_NIPH_469,-19.728165,4.7275133,3.2692168,-1.7341127,0.05372613,GPS,S
SPE_GB3_877923,-17.07491,-23.108704,-10.661207,-38.551033,-4.8220277,GPS,S
SPE_GB3_880002,-17.133444,-23.329803,-10.823197,-38.572536,-4.566904,GPS,S
GPS_NO_NIPH_272,-16.0233,-22.871878,-13.261886,-40.021805,-2.4971805,GPS,S
SPE_GB3_874935,-12.375258,-5.498265,1.7480592,-5.5082836,-12.883822,GPS,S
SPE_GB3_893973,-15.734416,1.3242378,-2.0132267,-3.038108,-8.014318,GPS,S
GPS_NO_NIPH_1027,-27.2646,-39.19753,22.348495,8.888936,8.15838,GPS,S
SPE_GB3_879997,-22.247816,9.842032,-3.5804546,4.1369,5.535397,GPS,I
GPS_TW_NHRI_SPN129,-18.118086,10.497397,-2.8132455,-2.4187737,4.9717994,GPS,S
GPS_ZA_8513,-20.667952,12.718958,-1.9717232,4.6920776,4.6266108,GPS,I
SPE_GB3_876200,-16.8695,-23.145275,-10.9841585,-38.304626,-4.6344347,GPS,S
SPE_GB3_877367,-18.141615,-21.165829,-13.973498,-33.46231,-5.7699986,GPS,S
GPS_NO_NIPH_955,-29.049726,-37.727943,21.574955,15.261177,6.929269,GPS,S
SPE_GB3_871168,-27.960037,-43.023163,26.453943,9.9729185,10.213507,GPS,S
GPS_NO_NIPH_973,-18.494637,3.677876,-3.015762,7.9361854,-25.81964,GPS,S
GPS_NO_NIPH_788,-19.258255,7.100432,-1.7765287,9.862554,0.15360199,GPS,S
GPS_NO_NIPH_746,-22.412539,13.772759,2.9918046,2.9129317,-8.56686,GPS,S
SPE_GB3_879925,-28.032793,-42.84997,26.385841,10.074763,10.186968,GPS,S
SPE_GB3_869339,-13.86939,-7.3169055,0.7348409,-2.4752293,-15.019485,GPS,S
GPS_NO_NIPH_875,-12.652641,-19.965734,-7.8955727,-29.386587,-9.176577,GPS,S
GPS_NO_NIPH_458,-18.02764,-5.380699,-6.0459356,-1.2009443,-11.933859,GPS,S
GPS_NO_NIPH_797,-17.77352,0.28321183,0.7844503,4.4339547,-15.761018,GPS,S
SPE_GB3_876159,-11.1807165,-1.0158045,-8.588027,15.685398,-19.699284,GPS,I
GPS_NO_NIPH_339,-20.070143,-5.174504,-2.8238409,8.408076,-29.134836,GPS,S
SPE_GB3_886764,-28.095457,-42.98517,26.393196,9.973625,10.088553,GPS,S
SPE_GB3_871171,-19.683823,7.7018476,6.732255,-1.8461301,-9.047511,GPS,S
GPS_NO_NIPH_926,-15.277926,-0.26702935,-7.4612427,8.722022,-20.166441,GPS,S
SPE_GB3_876189,-14.906474,-1.5820826,-6.264283,7.579088,-20.247334,GPS,S
SPE_GB3_900734,-17.243769,-6.259294,-7.173583,0.78874874,-11.651916,GPS,S
GPS_NO_NIPH_588,-27.97557,-42.983913,26.41067,10.286259,10.271812,GPS,S
GPS_NO_NIPH_1016,-26.808653,-40.417004,26.128931,10.025644,7.9501467,GPS,S
SPE_GB3_897405,-22.086979,11.991131,15.026133,-2.7905078,-24.629776,GPS,S
SPE_GB3_891417,-13.41227,-18.592014,-9.376104,-27.840187,-8.501619,GPS,S
GPS_NO_NIPH_344,-21.38269,13.907907,8.013399,4.199132,-25.11907,GPS,S
GPS_NO_NIPH_276,-29.108265,-39.63042,22.27687,15.359518,8.266342,GPS,S
GPS_PK_AKU_NP0470,-14.613282,-5.6506147,-11.1279745,7.7990384,-8.140955,GPS,S
SPE_GB3_883009,-27.99926,-42.93713,26.42641,9.743103,10.1223135,GPS,S
SPE_GB3_871151,-11.692933,-3.512018,-5.185962,-2.3835669,-16.620579,GPS,S
SPE_GB3_900750,-17.155592,6.7171254,-2.8157547,-0.9329377,1.9014117,GPS,I
GPS_NO_NIPH_488,-18.244186,-20.485258,-14.489668,-32.88207,-5.813112,GPS,S
GPS_NO_NIPH_349,-27.978558,-42.84952,26.462599,10.3771515,10.278387,GPS,S
GPS_NO_NIPH_367,-18.692863,-9.505018,1.7018898,2.2114406,-27.852842,GPS,S
GPS_ZA_8553,-27.766172,-42.223248,25.30895,10.289639,9.37508,GPS,S
GPS_NO_NIPH_644,-11.242367,-3.5448956,-5.3422546,-3.1004398,-16.810392,GPS,S
SPE_GB3_877345,-28.136631,-38.763374,22.100279,16.068323,7.6890507,GPS,S
