ID,Origin,COMMENT,n_distinct_kmer,total_count,min_count,max_count,n_distinct_kmer_robust_z,total_count_robust_z,outlier
100,Domestic,,422176,2031168,1,167,-0.46,-0.54,False
101,Domestic,,422989,2060452,1,156,-0.05,0.09,False
103,Domestic,,423982,2083166,1,167,0.44,0.58,False
104,Domestic,,426095,2108053,1,152,1.49,1.11,False
105,Domestic,,427545,2133868,1,154,2.21,1.67,False
106,Domestic,,421366,2028941,1,156,-0.86,-0.59,False
107,Domestic,,426471,2103706,1,152,1.68,1.02,False
108,Domestic,,422917,2071395,1,163,-0.09,0.32,False
109,Domestic,,425964,2135251,1,164,1.43,1.7,False
11,Domestic,,425524,2114116,1,165,1.21,1.24,False
111,Domestic,,421150,2027148,1,156,-0.97,-0.63,False
112,Domestic,,422512,2048004,1,160,-0.29,-0.18,False
113,Domestic,,425634,2123604,1,172,1.26,1.45,False
116,Domestic,,425642,2104028,1,158,1.27,1.03,False
117,Domestic,,422617,2027633,1,147,-0.24,-0.62,False
118,Domestic,,421247,2013224,1,168,-0.92,-0.92,False
12,Domestic,,423586,2085572,1,168,0.24,0.63,False
120,Domestic,,421867,2016254,1,147,-0.61,-0.86,False
121,Domestic,,424674,2100161,1,164,0.78,0.94,False
122,Domestic,,424371,2095100,1,164,0.63,0.83,False
123,Domestic,,427100,2136981,1,157,1.99,1.73,False
124,Domestic,,425141,2082638,1,165,1.02,0.57,False
125,Domestic,,422078,2018179,1,149,-0.51,-0.82,False
127,Domestic,,426227,2132901,1,171,1.56,1.65,False
128,Domestic,,422145,2016499,1,148,-0.47,-0.85,False
129,Domestic,,422633,2032733,1,146,-0.23,-0.51,False
131,Domestic,,428742,2183221,1,169,2.81,2.73,False
132,Domestic,contamination,426303,2139265,1,167,1.59,1.78,False
134,Domestic,,423641,2052460,1,148,0.27,-0.08,False
135,Domestic,,422308,2047623,1,164,-0.39,-0.19,False
136,Domestic,,424902,2114729,1,163,0.9,1.26,False
137,Domestic,,425847,2109163,1,158,1.37,1.14,False
138,Domestic,,427627,2172580,1,164,2.25,2.5,False
139,Domestic,,423785,2077678,1,158,0.34,0.46,False
141,Domestic,,422091,2037954,1,161,-0.5,-0.39,False
142,Domestic,,424102,2087230,1,156,0.5,0.66,False
143,Domestic,,422679,2035661,1,147,-0.21,-0.44,False
144,Domestic,contamination,424597,2094215,1,158,0.75,0.81,False
145,Domestic,contamination,424602,2095299,1,156,0.75,0.84,False
146,Domestic,,423060,2057427,1,159,-0.02,0.02,False
147,Domestic,,425106,2109225,1,164,1.0,1.14,False
148,Domestic,,428384,2174502,1,157,2.63,2.54,False
149,Domestic,,422861,2039851,1,148,-0.12,-0.35,False
15,Domestic,,424844,2106729,1,164,0.87,1.08,False
150,Domestic,,424286,2109403,1,165,0.59,1.14,False
151,Domestic,,422886,2068338,1,162,-0.11,0.26,False
152,Domestic,,422679,2030080,1,149,-0.21,-0.56,False
153,Domestic,,425860,2109846,1,157,1.37,1.15,False
154,Domestic,contamination,427499,2159465,1,143,2.19,2.22,False
155,Domestic,,423653,2091517,1,164,0.28,0.76,False
158,Domestic,,421513,2021842,1,168,-0.79,-0.74,False
159,Domestic,,428197,2128880,1,150,2.54,1.56,False
16,Domestic,,424459,2095628,1,163,0.68,0.85,False
160,Domestic,,426071,2107488,1,152,1.48,1.1,False
162,Domestic,,422678,2036396,1,146,-0.21,-0.43,False
163,Domestic,contamination,420058,1987037,1,167,-1.51,-1.49,False
164,Domestic,contamination,420056,1985746,1,167,-1.51,-1.51,False
165,Domestic,,422886,2071992,1,162,-0.11,0.34,False
167,Domestic,,424019,2087226,1,161,0.46,0.66,False
168,Domestic,,423462,2067642,1,159,0.18,0.24,False
169,Domestic,,423310,2069194,1,166,0.11,0.28,False
170,Domestic,,422889,2073700,1,163,-0.1,0.37,False
172,Domestic,,422863,2070994,1,163,-0.12,0.32,False
173,Domestic,contamination,424786,2101830,1,159,0.84,0.98,False
174,Domestic,,424975,2072422,1,147,0.93,0.35,False
175,Domestic,,422151,2028624,1,166,-0.47,-0.59,False
176,Domestic,,425936,2113460,1,157,1.41,1.23,False
177,Domestic,,423621,2052006,1,152,0.26,-0.09,False
178,Domestic,,427556,2134003,1,154,2.22,1.67,False
180,Domestic,,427369,2136805,1,159,2.12,1.73,False
184,Domestic,,425913,2111594,1,160,1.4,1.19,False
185,Domestic,,425083,2112359,1,164,0.99,1.2,False
186,Domestic,,428624,2178810,1,158,2.75,2.63,False
187,Domestic,,426545,2133308,1,155,1.71,1.65,False
188,Domestic,,422663,2031493,1,146,-0.22,-0.53,False
189,Domestic,contamination,423209,2062876,1,164,0.06,0.14,False
19,Domestic,,422704,2034328,1,146,-0.2,-0.47,False
192,Domestic,,426737,2126423,1,154,1.81,1.51,False
193,Domestic,,430604,2244832,1,165,3.73,4.05,True
195,Domestic,,422722,2036006,1,146,-0.19,-0.44,False
196,Domestic,,422622,2049427,1,163,-0.24,-0.15,False
197,Domestic,,427471,2144043,1,156,2.18,1.88,False
198,Domestic,,422453,2024265,1,145,-0.32,-0.69,False
199,Domestic,,421311,2030411,1,156,-0.89,-0.56,False
200,Domestic,,425216,2112831,1,164,1.05,1.21,False
201,Domestic,,423089,2059868,1,156,-0.0,0.08,False
202,Domestic,,422920,2070672,1,163,-0.09,0.31,False
203,Domestic,,424934,2072421,1,147,0.91,0.35,False
204,Domestic,,422919,2067294,1,161,-0.09,0.24,False
205,Domestic,,428510,2200114,1,160,2.69,3.09,False
206,Domestic,,426036,2115574,1,157,1.46,1.27,False
209,Domestic,,422876,2073610,1,163,-0.11,0.37,False
210,Domestic,,422591,2049113,1,160,-0.25,-0.15,False
211,Domestic,,424401,2094972,1,164,0.65,0.83,False
213,Domestic,,422868,2072262,1,163,-0.11,0.34,False
214,Domestic,,423740,2075445,1,169,0.32,0.41,False
216,Domestic,,422791,2071660,1,165,-0.15,0.33,False
217,Domestic,,425926,2113046,1,157,1.41,1.22,False
221,Domestic,,422655,2032283,1,146,-0.22,-0.52,False
223,Domestic,,422882,2073752,1,164,-0.11,0.38,False
224,Domestic,,422948,2072229,1,163,-0.07,0.34,False
225,Domestic,,423156,2048717,1,158,0.03,-0.16,False
226,Domestic,,423117,2035408,1,149,0.01,-0.45,False
228,Domestic,,423669,2055271,1,148,0.28,-0.02,False
229,Domestic,,424920,2074211,1,146,0.91,0.39,False
232,Domestic,,422056,2025593,1,162,-0.52,-0.66,False
234,Domestic,contamination,422886,2056935,1,163,-0.11,0.01,False
235,Domestic,,422625,2027354,1,146,-0.24,-0.62,False
236,Domestic,,427234,2145683,1,161,2.06,1.92,False
237,Domestic,,427257,2146498,1,161,2.07,1.94,False
238,Domestic,,425996,2115738,1,157,1.44,1.28,False
242,Domestic,,423099,2033708,1,149,0.0,-0.48,False
243,Domestic,,424392,2079807,1,155,0.64,0.51,False
245,Domestic,,425847,2125436,1,162,1.37,1.49,False
246,Domestic,,421312,2029571,1,156,-0.89,-0.57,False
247,Domestic,,423880,2097427,1,162,0.39,0.88,False
251,Domestic,,424027,2091624,1,161,0.46,0.76,False
252,Domestic,,424066,2096684,1,162,0.48,0.87,False
253,Domestic,,423086,2066068,1,160,-0.01,0.21,False
254,Domestic,,422302,2039475,1,156,-0.4,-0.36,False
259,Domestic,,425611,2086070,1,148,1.25,0.64,False
260,Domestic,,422702,2036471,1,146,-0.2,-0.43,False
261,Domestic,,422642,2033994,1,146,-0.23,-0.48,False
263,Domestic,,424693,2097812,1,161,0.79,0.89,False
264,Domestic,,424698,2098327,1,161,0.8,0.9,False
265,Domestic,,426771,2115663,1,152,1.83,1.28,False
266,Domestic,,422933,2070832,1,163,-0.08,0.31,False
269,Domestic,,425720,2143823,1,161,1.3,1.88,False
270,Domestic,,424930,2072460,1,146,0.91,0.35,False
271,Domestic,,428584,2180047,1,158,2.73,2.66,False
272,Domestic,,425693,2140216,1,162,1.29,1.8,False
273,Domestic,,425594,2116366,1,156,1.24,1.29,False
275,Domestic,,424718,2110848,1,156,0.81,1.17,False
277,Domestic,,422581,2027402,1,145,-0.26,-0.62,False
280,Domestic,,423097,2054657,1,157,-0.0,-0.03,False
281,Domestic,,426938,2118835,1,152,1.91,1.34,False
284,Domestic,,423029,2078632,1,162,-0.03,0.48,False
286,Domestic,,423098,2032110,1,150,0.0,-0.52,False
287,Domestic,,425152,2112563,1,165,1.02,1.21,False
288,Domestic,,422475,2045362,1,160,-0.31,-0.23,False
289,Domestic,,424643,2079742,1,152,0.77,0.5,False
292,Domestic,,424938,2074855,1,147,0.92,0.4,False
299,Domestic,,422038,2037721,1,163,-0.53,-0.4,False
3,Domestic,,421358,2030291,1,156,-0.87,-0.56,False
300,Domestic,,425386,2078242,1,149,1.14,0.47,False
301,Domestic,,421573,2022310,1,163,-0.76,-0.73,False
302,Domestic,,425169,2108794,1,164,1.03,1.13,False
304,Domestic,,425555,2110625,1,156,1.22,1.17,False
306,Domestic,,423270,2035630,1,150,0.09,-0.44,False
308,Domestic,contamination,421395,2034044,1,163,-0.85,-0.48,False
309,Domestic,,424054,2087464,1,158,0.48,0.67,False
310,Domestic,contamination,424596,2094119,1,160,0.75,0.81,False
311,Domestic,,427599,2155547,1,158,2.24,2.13,False
312,Domestic,,427029,2158654,1,162,1.96,2.2,False
315,Domestic,,424615,2073513,1,152,0.75,0.37,False
318,Domestic,,422754,2034113,1,149,-0.17,-0.48,False
320,Domestic,,424970,2069059,1,148,0.93,0.27,False
321,Domestic,,422945,2074841,1,163,-0.08,0.4,False
322,Domestic,,424891,2071609,1,147,0.89,0.33,False
323,Domestic,,427688,2174700,1,161,2.28,2.54,False
324,Domestic,,423246,2059341,1,165,0.07,0.07,False
325,Domestic,,423667,2072069,1,157,0.28,0.34,False
327,Domestic,,427704,2176862,1,167,2.29,2.59,False
328,Domestic,,423889,2091356,1,162,0.39,0.75,False
329,Domestic,,422921,2061824,1,156,-0.09,0.12,False
330,Domestic,,422640,2030919,1,146,-0.23,-0.54,False
331,Domestic,,423004,2066619,1,163,-0.05,0.22,False
333,Domestic,contamination,421454,2042759,1,162,-0.82,-0.29,False
334,Domestic,,422894,2072266,1,162,-0.1,0.34,False
335,Domestic,,422626,2030316,1,146,-0.23,-0.56,False
44,Domestic,,423103,2031897,1,149,0.0,-0.52,False
46,Domestic,,424880,2074347,1,147,0.89,0.39,False
48,Domestic,,422169,2019393,1,148,-0.46,-0.79,False
49,Domestic,,424722,2095480,1,159,0.81,0.84,False
5,Domestic,,427038,2147527,1,167,1.96,1.96,False
50,Domestic,,424696,2095019,1,159,0.79,0.83,False
51,Domestic,,422634,2032210,1,147,-0.23,-0.52,False
52,Domestic,contamination,422550,2048215,1,162,-0.27,-0.17,False
53,Domestic,,424384,2106553,1,164,0.64,1.08,False
55,Domestic,,422877,2049267,1,162,-0.11,-0.15,False
56,Domestic,,425991,2137199,1,164,1.44,1.74,False
57,Domestic,,429817,2196232,1,158,3.34,3.01,False
59,Domestic,,422668,2035061,1,147,-0.21,-0.46,False
6,Domestic,,427080,2150234,1,165,1.98,2.02,False
60,Domestic,,423475,2051901,1,149,0.19,-0.09,False
61,Domestic,,424374,2093876,1,164,0.63,0.81,False
62,Domestic,,422906,2077285,1,163,-0.1,0.45,False
64,Domestic,,424751,2105587,1,170,0.82,1.06,False
65,Domestic,,428409,2180172,1,155,2.64,2.66,False
66,Domestic,,424232,2095998,1,163,0.56,0.85,False
67,Domestic,,422446,2022054,1,149,-0.32,-0.73,False
68,Domestic,,422469,2023244,1,150,-0.31,-0.71,False
69,Domestic,,422332,2025288,1,150,-0.38,-0.67,False
7,Domestic,,424342,2111291,1,164,0.62,1.18,False
70,Domestic,,429707,2203760,1,173,3.29,3.17,False
71,Domestic,,422924,2077271,1,163,-0.09,0.45,False
72,Domestic,,422665,2034949,1,147,-0.22,-0.46,False
75,Domestic,,422895,2068043,1,163,-0.1,0.25,False
76,Domestic,,424706,2097627,1,155,0.8,0.89,False
77,Domestic,,422632,2032616,1,146,-0.23,-0.51,False
78,Domestic,,422611,2029839,1,147,-0.24,-0.57,False
79,Domestic,,421428,2005924,1,149,-0.83,-1.08,False
8,Domestic,,421385,2031109,1,156,-0.85,-0.54,False
80,Domestic,,423643,2055472,1,150,0.27,-0.02,False
81,Domestic,,424775,2104240,1,170,0.83,1.03,False
82,Domestic,,422467,2023997,1,149,-0.31,-0.69,False
83,Domestic,,422908,2071504,1,163,-0.09,0.33,False
84,Domestic,contamination,421633,2040387,1,164,-0.73,-0.34,False
86,Domestic,,422459,2020232,1,149,-0.32,-0.77,False
87,Domestic,,423364,2065210,1,164,0.13,0.19,False
88,Domestic,,422648,2031406,1,146,-0.22,-0.53,False
89,Domestic,,422590,2030073,1,148,-0.25,-0.56,False
9,Domestic,,424245,2089350,1,163,0.57,0.71,False
90,Domestic,,421473,2034756,1,156,-0.81,-0.46,False
91,Domestic,,421434,2032501,1,156,-0.83,-0.51,False
92,Domestic,,423091,2057011,1,158,-0.0,0.02,False
93,Domestic,,429234,2183806,1,169,3.05,2.74,False
94,Domestic,,429209,2182871,1,169,3.04,2.72,False
95,Domestic,,429207,2184061,1,169,3.04,2.74,False
96,Domestic,,421305,2029157,1,156,-0.89,-0.58,False
97,Domestic,,423646,2054563,1,152,0.27,-0.04,False
98,Domestic,,425935,2113964,1,157,1.41,1.24,False
99,Domestic,,427124,2145802,1,155,2.0,1.92,False
BR-19-60,Domestic,,425339,2117088,1,164,1.11,1.31,False
BR-19-76,Domestic,,427447,2141653,1,154,2.16,1.83,False
CJ-19-40,Domestic,,420405,2004616,1,155,-1.34,-1.11,False
cq08004,Domestic,,422402,2012524,1,146,-0.35,-0.94,False
cq08010,Domestic,,421920,1999382,1,147,-0.59,-1.22,False
cq08015,Domestic,,422462,2014788,1,145,-0.32,-0.89,False
cq08016,Domestic,,422845,2015543,1,148,-0.13,-0.87,False
cq08018,Domestic,,422802,2013944,1,149,-0.15,-0.91,False
cq09005,Domestic,,424371,2082482,1,162,0.63,0.56,False
CY-18-10,Domestic,,420151,1997830,1,150,-1.47,-1.26,False
CY-18-13,Domestic,,422689,2032951,1,146,-0.2,-0.5,False
CY-18-53,Domestic,,423906,2050022,1,152,0.4,-0.13,False
DE-18-43,Domestic,,423244,2039901,1,149,0.07,-0.35,False
DE-18-50,Domestic,contamination,420923,2027079,1,161,-1.08,-0.63,False
DE-19-05,Domestic,,424369,2093681,1,164,0.63,0.8,False
DE-19-46,Domestic,,427094,2133286,1,160,1.99,1.65,False
ebj28,Domestic,,422375,2013952,1,145,-0.36,-0.91,False
GF-19-19,Domestic,,425472,2115606,1,169,1.18,1.27,False
GF-19-49,Domestic,,423626,2048788,1,148,0.26,-0.16,False
GF-19-50,Domestic,,426636,2124473,1,154,1.76,1.46,False
GF-19-70,Domestic,,426312,2102210,1,147,1.6,0.99,False
GX-18-04,Domestic,,423779,2054335,1,148,0.34,-0.04,False
GX-18-07,Domestic,,422607,2028350,1,146,-0.24,-0.6,False
GX-18-18,Domestic,,422691,2033487,1,147,-0.2,-0.49,False
gz08010,Domestic,,423871,2075447,1,157,0.38,0.41,False
HB-18-61,Domestic,,423390,2042588,1,151,0.15,-0.29,False
HB-18-66,Domestic,,423042,2029128,1,149,-0.03,-0.58,False
HB-19-15,Domestic,,424262,2092866,1,164,0.58,0.79,False
HB-19-92,Domestic,,422594,2029537,1,147,-0.25,-0.57,False
HN-18-37,Domestic,,424967,2072348,1,147,0.93,0.35,False
HN-19-15,Domestic,,422347,2015435,1,150,-0.37,-0.88,False
HX18S04,Domestic,,422111,2042160,1,163,-0.49,-0.3,False
HY-18-03,Domestic,,423090,2031835,1,149,-0.0,-0.52,False
HY-18-08,Domestic,,423031,2031120,1,150,-0.03,-0.54,False
HY-18-17,Domestic,,421176,2029893,1,156,-0.96,-0.57,False
HY-18-30,Domestic,,424614,2080893,1,159,0.75,0.53,False
LZ-18-12,Domestic,,424549,2090796,1,158,0.72,0.74,False
MY-19-13,Domestic,,421185,2026044,1,156,-0.95,-0.65,False
njspn003,Domestic,,421628,2024454,1,157,-0.73,-0.68,False
njspn004,Domestic,,422143,2038259,1,160,-0.48,-0.39,False
NX19S20,Domestic,,426084,2117873,1,160,1.49,1.32,False
SD-18-12,Domestic,,429518,2185939,1,158,3.19,2.78,False
SH-18-17,Domestic,,420703,2012350,1,159,-1.19,-0.94,False
SH-18-62,Domestic,contamination,422680,2028799,1,145,-0.21,-0.59,False
SH-18-71,Domestic,,422391,2023215,1,150,-0.35,-0.71,False
SJ-18-15,Domestic,,424227,2084416,1,167,0.56,0.6,False
SJ-19-61,Domestic,,422081,2047865,1,163,-0.51,-0.18,False
sy10018,Domestic,,424751,2056704,1,146,0.82,0.01,False
sy14,Domestic,,422838,2014220,1,149,-0.13,-0.9,False
sy19,Domestic,,422619,2062848,1,154,-0.24,0.14,False
sy20,Domestic,,424706,2054792,1,145,0.8,-0.03,False
sy27,Domestic,,422936,2022529,1,148,-0.08,-0.72,False
sy28,Domestic,,422857,2018200,1,148,-0.12,-0.82,False
sy9,Domestic,,422452,2013272,1,145,-0.32,-0.92,False
TA-18-48,Domestic,,422385,2044216,1,157,-0.35,-0.26,False
TA-19-07,Domestic,,422622,2028473,1,146,-0.24,-0.6,False
TS-18-42,Domestic,,425923,2112358,1,160,1.41,1.2,False
TS-19-32,Domestic,,423625,2047766,1,148,0.26,-0.18,False
TS-19-52,Domestic,,427813,2153982,1,160,2.35,2.1,False
TS-19-70,Domestic,,423600,2049802,1,148,0.25,-0.14,False
TS-19-76,Domestic,,422635,2028674,1,146,-0.23,-0.59,False
WH-19-22,Domestic,,428493,2175064,1,155,2.68,2.55,False
wh10013,Domestic,,426532,2119583,1,164,1.71,1.36,False
wh10018,Domestic,,424675,2054101,1,146,0.78,-0.05,False
wh11,Domestic,,422486,2017020,1,146,-0.3,-0.84,False
wh17,Domestic,contamination,425628,2114640,1,163,1.26,1.25,False
wh9,Domestic,,422474,2015203,1,145,-0.31,-0.88,False
X10,Domestic,,428768,2202572,1,165,2.82,3.14,False
X100,Domestic,,423736,2079148,1,163,0.32,0.49,False
X101,Domestic,,427062,2148908,1,167,1.97,1.99,False
X102,Domestic,,423033,2033132,1,149,-0.03,-0.5,False
X103,Domestic,,422640,2029846,1,145,-0.23,-0.57,False
X104,Domestic,,423796,2048815,1,147,0.35,-0.16,False
X105,Domestic,,422353,2025761,1,146,-0.37,-0.66,False
X106,Domestic,,422651,2030712,1,146,-0.22,-0.55,False
X107,Domestic,,425762,2085749,1,149,1.33,0.63,False
X108,Domestic,,423582,2051594,1,149,0.24,-0.1,False
X109,Domestic,,422356,2027105,1,146,-0.37,-0.63,False
X11,Domestic,,422514,2045215,1,162,-0.29,-0.24,False
X111,Domestic,,425794,2089047,1,149,1.34,0.7,False
X112,Domestic,,423553,2049886,1,149,0.23,-0.14,False
X113,Domestic,,423571,2049590,1,149,0.24,-0.14,False
X114,Domestic,,422480,2026850,1,145,-0.31,-0.63,False
X115,Domestic,,422621,2032536,1,146,-0.24,-0.51,False
X116,Domestic,,422400,2022492,1,146,-0.35,-0.73,False
X117,Domestic,,422595,2029402,1,145,-0.25,-0.58,False
X118,Domestic,,424777,2108208,1,165,0.84,1.12,False
X119,Domestic,,424916,2065665,1,148,0.9,0.2,False
X12,Domestic,,426444,2120988,1,169,1.66,1.39,False
X120,Domestic,,422143,2017116,1,148,-0.48,-0.84,False
X121,Domestic,,422641,2033188,1,146,-0.23,-0.5,False
X122,Domestic,,422559,2027757,1,146,-0.27,-0.61,False
X123,Domestic,,426147,2124717,1,155,1.52,1.47,False
X124,Domestic,,427876,2161447,1,157,2.38,2.26,False
X13,Domestic,,427293,2160779,1,169,2.09,2.24,False
X131,Domestic,,426197,2116869,1,156,1.54,1.3,False
X132,Domestic,,422584,2029343,1,146,-0.26,-0.58,False
X133,Domestic,,428630,2166923,1,167,2.75,2.38,False
X134,Domestic,,428653,2169006,1,167,2.76,2.42,False
X135,Domestic,contamination,423201,2064861,1,164,0.05,0.18,False
X136,Domestic,,425465,2076818,1,151,1.18,0.44,False
X140,Domestic,,424848,2103249,1,164,0.87,1.01,False
X142,Domestic,,423854,2065192,1,162,0.38,0.19,False
X143,Domestic,,422932,2072431,1,163,-0.08,0.35,False
X144,Domestic,,422611,2030391,1,146,-0.24,-0.56,False
X145,Domestic,,424774,2092685,1,158,0.83,0.78,False
X148,Domestic,,423597,2048993,1,147,0.25,-0.16,False
X15,Domestic,,422655,2030763,1,146,-0.22,-0.55,False
X150,Domestic,contamination,420048,1983452,1,164,-1.52,-1.56,False
X151,Domestic,,424387,2098595,1,164,0.64,0.91,False
X152,Domestic,,425233,2090019,1,159,1.06,0.72,False
X153,Domestic,,428168,2151849,1,159,2.52,2.05,False
X154,Domestic,,421891,2045536,1,163,-0.6,-0.23,False
X155,Domestic,,423166,2054495,1,162,0.03,-0.04,False
X156,Domestic,,428519,2180266,1,158,2.7,2.66,False
X157,Domestic,,423319,2064737,1,169,0.11,0.18,False
X158,Domestic,,423223,2060613,1,167,0.06,0.09,False
X159,Domestic,,423264,2073364,1,165,0.08,0.37,False
X16,Domestic,,421371,2028604,1,156,-0.86,-0.59,False
X160,Domestic,,426917,2140591,1,165,1.9,1.81,False
X161,Domestic,,425973,2110315,1,167,1.43,1.16,False
X162,Domestic,,423628,2073558,1,169,0.26,0.37,False
X163,Domestic,contamination,420863,1999547,1,166,-1.11,-1.22,False
X164,Domestic,,422377,2040892,1,162,-0.36,-0.33,False
X168,Domestic,,423784,2074508,1,159,0.34,0.39,False
X169,Domestic,,422794,2073988,1,163,-0.15,0.38,False
X17,Domestic,,422634,2029849,1,146,-0.23,-0.57,False
X170,Domestic,,425375,2091524,1,167,1.13,0.76,False
X171,Domestic,,422247,2024865,1,144,-0.42,-0.67,False
X174,Domestic,,422637,2031287,1,146,-0.23,-0.54,False
X176,Domestic,,423769,2074204,1,159,0.33,0.39,False
X177,Domestic,,422657,2030910,1,145,-0.22,-0.54,False
X18,Domestic,,426072,2118151,1,160,1.48,1.33,False
X181,Domestic,,421380,2030193,1,156,-0.85,-0.56,False
X183,Domestic,,424372,2103320,1,164,0.63,1.01,False
X186,Domestic,,421358,2012794,1,158,-0.87,-0.93,False
X187,Domestic,,428166,2152096,1,159,2.52,2.06,False
X19,Domestic,,423534,2052725,1,148,0.22,-0.08,False
X191,Domestic,,424432,2098940,1,164,0.66,0.92,False
X192,Domestic,,421338,2029684,1,157,-0.88,-0.57,False
X193,Domestic,,425380,2092153,1,167,1.14,0.77,False
X194,Domestic,,421069,1999523,1,150,-1.01,-1.22,False
X195,Domestic,,424383,2105554,1,164,0.64,1.06,False
X196,Domestic,,429803,2194637,1,158,3.34,2.97,False
X198,Domestic,,423276,2055940,1,161,0.09,-0.01,False
X199,Domestic,,421400,2031411,1,156,-0.84,-0.53,False
X20,Domestic,contamination,426629,2130740,1,168,1.76,1.6,False
X202,Domestic,contamination,422951,2072450,1,167,-0.07,0.35,False
X203,Domestic,,425011,2096435,1,165,0.95,0.86,False
X205,Domestic,,422789,2035493,1,169,-0.15,-0.45,False
X206,Domestic,,422581,2047026,1,160,-0.26,-0.2,False
X207,Domestic,,422424,2037298,1,159,-0.34,-0.41,False
X21,Domestic,,423409,2078113,1,162,0.15,0.47,False
X210,Domestic,,426898,2143317,1,164,1.89,1.87,False
X211,Domestic,,426898,2144393,1,164,1.89,1.89,False
X212,Domestic,,423296,2057738,1,161,0.1,0.03,False
X213,Domestic,,422411,2036622,1,159,-0.34,-0.42,False
X215,Domestic,,423631,2051410,1,151,0.27,-0.1,False
X216,Domestic,,422464,2023032,1,149,-0.32,-0.71,False
X217,Domestic,,423655,2052234,1,148,0.28,-0.09,False
X219,Domestic,,423582,2082857,1,162,0.24,0.57,False
X22,Domestic,,422618,2033481,1,147,-0.24,-0.49,False
X220,Domestic,,426834,2133696,1,164,1.86,1.66,False
X221,Domestic,,423111,2072233,1,163,0.01,0.34,False
X222,Domestic,,422717,2035979,1,146,-0.19,-0.44,False
X223,Domestic,,422666,2031538,1,145,-0.21,-0.53,False
X225,Domestic,,426927,2143507,1,156,1.9,1.87,False
X228,Domestic,,422658,2030906,1,148,-0.22,-0.54,False
X229,Domestic,,423039,2054513,1,168,-0.03,-0.04,False
X23,Domestic,,422054,2012380,1,147,-0.52,-0.94,False
X230,Domestic,,422650,2032782,1,146,-0.22,-0.5,False
X231,Domestic,contamination,425224,2095831,1,158,1.06,0.85,False
X232,Domestic,,427922,2161257,1,155,2.4,2.25,False
X233,Domestic,,423123,2035480,1,149,0.01,-0.45,False
X234,Domestic,,422640,2034199,1,147,-0.23,-0.47,False
X235,Domestic,,422906,2031296,1,149,-0.1,-0.54,False
X236,Domestic,,423157,2036848,1,151,0.03,-0.42,False
X237,Domestic,,423581,2055028,1,148,0.24,-0.03,False
X238,Domestic,,424461,2099596,1,164,0.68,0.93,False
X239,Domestic,,422670,2035868,1,146,-0.21,-0.44,False
X24,Domestic,,422183,2018600,1,148,-0.46,-0.81,False
X240,Domestic,,426121,2115617,1,157,1.5,1.27,False
X241,Domestic,,423460,2049032,1,148,0.18,-0.16,False
X242,Domestic,,427105,2131466,1,158,1.99,1.61,False
X243,Domestic,,426291,2117580,1,163,1.59,1.32,False
X244,Domestic,,422453,2024422,1,150,-0.32,-0.68,False
X245,Domestic,,423687,2056528,1,148,0.29,0.01,False
X246,Domestic,,423593,2054698,1,148,0.25,-0.03,False
X247,Domestic,,423046,2033777,1,150,-0.03,-0.48,False
X248,Domestic,,423075,2057787,1,156,-0.01,0.03,False
X251,Domestic,,422659,2035402,1,147,-0.22,-0.45,False
X252,Domestic,,421876,2023799,1,148,-0.61,-0.7,False
X253,Domestic,,422415,2042269,1,163,-0.34,-0.3,False
X255,Domestic,,423572,2051844,1,148,0.24,-0.1,False
X257,Domestic,,426820,2114982,1,152,1.85,1.26,False
X258,Domestic,,424521,2073354,1,152,0.71,0.37,False
X259,Domestic,,422696,2034682,1,147,-0.2,-0.46,False
X26,Domestic,,422911,2060461,1,161,-0.09,0.09,False
X260,Domestic,,422541,2056296,1,162,-0.28,0.0,False
X261,Domestic,,422388,2040212,1,155,-0.35,-0.34,False
X262,Domestic,,422659,2033016,1,147,-0.22,-0.5,False
X263,Domestic,,424950,2071217,1,146,0.92,0.32,False
X264,Domestic,,422577,2028660,1,147,-0.26,-0.59,False
X265,Domestic,contamination,430850,2270900,1,173,3.86,4.61,True
X269,Domestic,,422066,2015506,1,151,-0.51,-0.88,False
X27,Domestic,,424852,2069402,1,147,0.87,0.28,False
X271,Domestic,contamination,425093,2086037,1,162,0.99,0.64,False
X272,Domestic,,425595,2123253,1,172,1.24,1.44,False
X275,Domestic,,422581,2030606,1,147,-0.26,-0.55,False
X276,Domestic,,424991,2074026,1,145,0.94,0.38,False
X277,Domestic,,425035,2077567,1,146,0.96,0.46,False
X278,Domestic,,421898,2008260,1,148,-0.6,-1.03,False
X280,Domestic,contamination,425095,2085754,1,162,0.99,0.63,False
X282,Domestic,,422871,2071457,1,163,-0.11,0.33,False
X284,Domestic,,424970,2074233,1,148,0.93,0.39,False
X285,Domestic,,425314,2088704,1,149,1.1,0.7,False
X286,Domestic,,424423,2097305,1,164,0.66,0.88,False
X289,Domestic,,422652,2032538,1,146,-0.22,-0.51,False
X29,Domestic,,421571,2006088,1,147,-0.76,-1.08,False
X291,Domestic,,422643,2032548,1,146,-0.23,-0.51,False
X292,Domestic,,422653,2029634,1,146,-0.22,-0.57,False
X293,Domestic,,423086,2034831,1,149,-0.01,-0.46,False
X294,Domestic,,423101,2076623,1,164,0.0,0.44,False
X296,Domestic,,422535,2032450,1,146,-0.28,-0.51,False
X297,Domestic,,421403,2029716,1,155,-0.84,-0.57,False
X298,Domestic,,422902,2074553,1,164,-0.1,0.39,False
X30,Domestic,,423268,2057934,1,167,0.08,0.04,False
X300,Domestic,,425078,2088231,1,162,0.98,0.69,False
X301,Domestic,,426377,2140669,1,168,1.63,1.81,False
X303,Domestic,,424722,2083017,1,159,0.81,0.57,False
X304,Domestic,,426730,2155825,1,166,1.81,2.14,False
X306,Domestic,,426036,2141133,1,164,1.46,1.82,False
X307,Domestic,,425932,2124893,1,164,1.41,1.47,False
X308,Domestic,,422640,2032039,1,146,-0.23,-0.52,False
X31,Domestic,,422871,2059799,1,161,-0.11,0.08,False
X310,Domestic,contamination,423398,2048990,1,153,0.15,-0.16,False
X311,Domestic,,422651,2034195,1,146,-0.22,-0.47,False
X313,Domestic,,423234,2074378,1,163,0.07,0.39,False
X314,Domestic,,426092,2129351,1,164,1.49,1.57,False
X319,Domestic,,422596,2031697,1,147,-0.25,-0.53,False
X32,Domestic,,422609,2035363,1,146,-0.24,-0.45,False
X320,Domestic,,422588,2027929,1,146,-0.25,-0.61,False
X321,Domestic,,422581,2026423,1,146,-0.26,-0.64,False
X322,Domestic,,423118,2032810,1,150,0.01,-0.5,False
X323,Domestic,,423864,2084546,1,156,0.38,0.61,False
X324,Domestic,,423365,2064462,1,162,0.13,0.18,False
X328,Domestic,,421373,2031815,1,156,-0.86,-0.53,False
X33,Domestic,,421631,2037015,1,156,-0.73,-0.41,False
X330,Domestic,,423355,2062615,1,161,0.13,0.14,False
X331,Domestic,,422891,2068269,1,163,-0.1,0.26,False
X333,Domestic,,423241,2076295,1,163,0.07,0.43,False
X337,Domestic,,422305,2024768,1,146,-0.39,-0.68,False
X338,Domestic,,428439,2163335,1,158,2.66,2.3,False
X339,Domestic,,422701,2032067,1,146,-0.2,-0.52,False
X34,Domestic,,422681,2033135,1,146,-0.21,-0.5,False
X340,Domestic,,419703,1991967,1,142,-1.69,-1.38,False
X342,Domestic,,423507,2066119,1,169,0.2,0.21,False
X343,Domestic,,421286,2029087,1,156,-0.9,-0.58,False
X344,Domestic,,423807,2089270,1,162,0.35,0.71,False
X345,Domestic,,426626,2130074,1,166,1.75,1.58,False
X346,Domestic,,422099,2015092,1,148,-0.5,-0.88,False
X35,Domestic,,419306,1968730,1,153,-1.89,-1.88,False
X350,Domestic,,425573,2081858,1,148,1.23,0.55,False
X351,Domestic,,426213,2131789,1,163,1.55,1.62,False
X352,Domestic,,422627,2049284,1,162,-0.23,-0.15,False
X353,Domestic,,425476,2077035,1,150,1.18,0.45,False
X355,Domestic,,425067,2089737,1,162,0.98,0.72,False
X356,Domestic,,426925,2135430,1,168,1.9,1.7,False
X357,Domestic,,421110,1999137,1,150,-0.99,-1.23,False
X358,Domestic,,421054,1996419,1,149,-1.02,-1.29,False
X36,Domestic,,427389,2155915,1,157,2.13,2.14,False
X361,Domestic,,423953,2084317,1,162,0.43,0.6,False
X362,Domestic,,421068,2000321,1,149,-1.01,-1.2,False
X363,Domestic,,422673,2033292,1,146,-0.21,-0.49,False
X365,Domestic,,424419,2070132,1,151,0.66,0.3,False
X366,Domestic,,424950,2079972,1,162,0.92,0.51,False
X367,Domestic,,421141,2000433,1,150,-0.97,-1.2,False
X368,Domestic,,425082,2089302,1,162,0.99,0.71,False
X369,Domestic,,424833,2092129,1,166,0.86,0.77,False
X37,Domestic,,421165,1998174,1,146,-0.96,-1.25,False
X370,Domestic,,422105,2021628,1,150,-0.49,-0.74,False
X371,Domestic,,426570,2139185,1,165,1.73,1.78,False
X372,Domestic,,424701,2103905,1,167,0.8,1.02,False
X373,Domestic,,422112,2020384,1,150,-0.49,-0.77,False
X374,Domestic,,421139,1999401,1,150,-0.97,-1.22,False
X376,Domestic,,422727,2050867,1,162,-0.18,-0.12,False
X378,Domestic,,424125,2083034,1,160,0.51,0.57,False
X379,Domestic,,422651,2046775,1,162,-0.22,-0.2,False
X38,Domestic,,427417,2158957,1,158,2.15,2.21,False
X380,Domestic,,422784,2052637,1,165,-0.16,-0.08,False
X381,Domestic,,422053,2017948,1,151,-0.52,-0.82,False
X382,Domestic,,426844,2142276,1,154,1.86,1.85,False
X383,Domestic,,424412,2096439,1,164,0.65,0.86,False
X384,Domestic,contamination,421754,2017121,1,152,-0.67,-0.84,False
X386,Domestic,,422640,2043775,1,162,-0.23,-0.27,False
X387,Domestic,,423830,2089953,1,162,0.36,0.72,False
X391,Domestic,,427837,2151721,1,157,2.36,2.05,False
X392,Domestic,,422643,2031598,1,146,-0.23,-0.53,False
X394,Domestic,,425673,2080001,1,149,1.28,0.51,False
X395,Domestic,,422711,2043853,1,161,-0.19,-0.27,False
X396,Domestic,,424343,2095993,1,163,0.62,0.85,False
X397,Domestic,,426955,2164909,1,157,1.92,2.33,False
X398,Domestic,,422997,2032389,1,149,-0.05,-0.51,False
X4,Domestic,,422506,2038525,1,155,-0.29,-0.38,False
X40,Domestic,,423143,2037165,1,149,0.02,-0.41,False
X400,Domestic,,423264,2066652,1,156,0.08,0.22,False
X401,Domestic,,425438,2093598,1,161,1.16,0.8,False
X402,Domestic,,422689,2033989,1,146,-0.2,-0.48,False
X403,Domestic,,425373,2117275,1,156,1.13,1.31,False
X404,Domestic,,424772,2108966,1,165,0.83,1.13,False
X405,Domestic,,423180,2055728,1,165,0.04,-0.01,False
X406,Domestic,,425487,2091222,1,160,1.19,0.75,False
X407,Domestic,,421429,2032193,1,155,-0.83,-0.52,False
X408,Domestic,,423663,2074954,1,157,0.28,0.4,False
X411,Domestic,,423755,2088833,1,163,0.33,0.7,False
X412,Domestic,,422424,2020053,1,149,-0.34,-0.78,False
X413,Domestic,,425948,2113348,1,158,1.42,1.23,False
X415,Domestic,,423943,2076893,1,152,0.42,0.44,False
X416,Domestic,,424659,2102988,1,162,0.78,1.0,False
X417,Domestic,,421808,2030643,1,163,-0.64,-0.55,False
X418,Domestic,contamination,421710,2016234,1,166,-0.69,-0.86,False
X419,Domestic,,426337,2117268,1,161,1.61,1.31,False
X420,Domestic,,422549,2031176,1,146,-0.27,-0.54,False
X421,Domestic,,422096,2040022,1,162,-0.5,-0.35,False
X422,Domestic,,426330,2136451,1,167,1.61,1.72,False
X423,Domestic,,426612,2139104,1,165,1.75,1.78,False
X425,Domestic,,423441,2068635,1,164,0.17,0.27,False
X427,Domestic,,423641,2069550,1,153,0.27,0.29,False
X428,Domestic,,425015,2112780,1,163,0.95,1.21,False
X429,Domestic,,425580,2124013,1,174,1.23,1.45,False
X43,Domestic,,423571,2051553,1,148,0.24,-0.1,False
X433,Domestic,,427456,2153043,1,166,2.17,2.08,False
X437,Domestic,,423100,2034403,1,149,0.0,-0.47,False
X438,Domestic,,424635,2086288,1,163,0.76,0.64,False
X44,Domestic,,419306,1967461,1,153,-1.89,-1.91,False
X440,Domestic,,420228,2000168,1,150,-1.43,-1.2,False
X441,Domestic,,427320,2143976,1,161,2.1,1.88,False
X46,Domestic,,424942,2069845,1,147,0.92,0.29,False
X47,Domestic,,424645,2103820,1,169,0.77,1.02,False
X48,Domestic,,424617,2077843,1,148,0.76,0.46,False
X5,Domestic,,422672,2032678,1,146,-0.21,-0.51,False
X52,Domestic,,422686,2032532,1,146,-0.2,-0.51,False
X54,Domestic,contamination,421813,2018456,1,153,-0.64,-0.81,False
X55,Domestic,,428449,2174063,1,168,2.66,2.53,False
X56,Domestic,,428930,2192564,1,155,2.9,2.93,False
X57,Domestic,,423041,2052411,1,160,-0.03,-0.08,False
X58,Domestic,,425082,2082005,1,161,0.99,0.55,False
X6,Domestic,,427387,2139456,1,162,2.13,1.79,False
X60,Domestic,,421549,2036526,1,156,-0.77,-0.42,False
X61,Domestic,,423122,2035130,1,149,0.01,-0.45,False
X62,Domestic,,429296,2183987,1,157,3.08,2.74,False
X64,Domestic,contamination,424192,2058488,1,153,0.54,0.05,False
X65,Domestic,,422681,2031493,1,147,-0.21,-0.53,False
X66,Domestic,,426148,2116785,1,157,1.52,1.3,False
X67,Domestic,,425398,2096115,1,158,1.14,0.86,False
X68,Domestic,,424534,2079007,1,154,0.71,0.49,False
X69,Domestic,,420286,2000302,1,155,-1.4,-1.2,False
X70,Domestic,contamination,421822,2019978,1,153,-0.63,-0.78,False
X72,Domestic,,420257,1999608,1,151,-1.41,-1.22,False
X73,Domestic,,423103,2034559,1,149,0.0,-0.47,False
X74,Domestic,,427831,2150268,1,156,2.35,2.02,False
X75,Domestic,,422928,2026936,1,149,-0.08,-0.63,False
X76,Domestic,,423219,2064057,1,156,0.06,0.17,False
X77,Domestic,,422888,2055574,1,157,-0.1,-0.02,False
X79,Domestic,,425600,2086392,1,148,1.24,0.65,False
X80,Domestic,,422166,2017707,1,148,-0.46,-0.83,False
X81,Domestic,,425461,2077330,1,150,1.18,0.45,False
X82,Domestic,,425062,2074380,1,146,0.98,0.39,False
X83,Domestic,,422655,2034978,1,145,-0.22,-0.46,False
X84,Domestic,,422666,2033519,1,146,-0.21,-0.49,False
X86,Domestic,,425470,2080250,1,150,1.18,0.51,False
X87,Domestic,,422599,2028304,1,146,-0.25,-0.6,False
X88,Domestic,,425452,2074171,1,150,1.17,0.38,False
X89,Domestic,,425039,2082264,1,158,0.97,0.56,False
X9,Domestic,,422584,2028372,1,146,-0.26,-0.6,False
X92,Domestic,,422660,2030983,1,146,-0.22,-0.54,False
X93,Domestic,,424999,2099210,1,163,0.95,0.92,False
X94,Domestic,,423035,2030939,1,149,-0.03,-0.54,False
X95,Domestic,,425268,2112605,1,164,1.08,1.21,False
X96,Domestic,,422620,2029471,1,147,-0.24,-0.58,False
X97,Domestic,,422679,2031769,1,146,-0.21,-0.53,False
X98,Domestic,contamination,422544,2058293,1,163,-0.28,0.04,False
X99,Domestic,,424389,2105597,1,164,0.64,1.06,False
XiJ-19-56,Domestic,,422614,2028040,1,147,-0.24,-0.61,False
GPS_NO_NIPH_537,GPS,,423928,2089495,1,165,0.41,0.71,False
GPS_NO_NIPH_851,GPS,,423186,2067629,1,161,0.04,0.24,False
SPE_GB3_872183,GPS,,426123,2114963,1,163,1.5,1.26,False
SPE_GB3_874964,GPS,,418814,1967361,1,152,-2.13,-1.91,False
GPS_ES_CAN_2688,GPS,,428537,2191561,1,174,2.71,2.91,False
SPE_GB3_877331,GPS,,418776,1971618,1,153,-2.15,-1.82,False
GPS_ZA_8545,GPS,,423399,2074555,1,168,0.15,0.39,False
SPE_GB3_883070,GPS,,420775,2003591,1,155,-1.16,-1.13,False
GPS_NO_NIPH_749,GPS,,420920,2024702,1,157,-1.08,-0.68,False
SPE_GB3_873520,GPS,,422558,2030961,1,154,-0.27,-0.54,False
GPS_ZA_8464,GPS,,420768,2008789,1,153,-1.16,-1.02,False
SPE_GB3_875006,GPS,,423245,2065955,1,155,0.07,0.21,False
SPE_GB3_893979,GPS,,423338,2054714,1,155,0.12,-0.03,False
SPE_GB3_885167,GPS,,418878,1961743,1,158,-2.1,-2.03,False
SPE_GB3_901567,GPS,,425352,2095623,1,166,1.12,0.85,False
GPS_ZA_8575,GPS,,421749,2049703,1,162,-0.67,-0.14,False
SPE_GB3_893929,GPS,,423870,2068130,1,164,0.38,0.25,False
SPE_GB3_897412,GPS,,423449,2066080,1,159,0.17,0.21,False
GPS_ZA_8602,GPS,,420880,2009282,1,153,-1.1,-1.01,False
SPE_GB3_885179,GPS,,424172,2067113,1,160,0.53,0.23,False
SPE_GB3_909766,GPS,,421583,2030108,1,163,-0.75,-0.56,False
SPE_GB3_897354,GPS,,422592,2034688,1,160,-0.25,-0.46,False
GPS_NO_NIPH_1070,GPS,,420287,1995192,1,154,-1.4,-1.31,False
GPS_ZA_8534,GPS,,426969,2143056,1,162,1.93,1.86,False
GPS_NO_NIPH_890,GPS,,423075,2056835,1,158,-0.01,0.01,False
SPE_GB3_897413,GPS,,421918,1997463,1,160,-0.59,-1.26,False
SPE_GB3_894540,GPS,,422440,2042431,1,154,-0.33,-0.3,False
GPS_ZA_8642,GPS,,419342,1988182,1,153,-1.87,-1.46,False
SPE_GB3_898727,GPS,,421499,2026022,1,163,-0.8,-0.65,False
SPE_GB3_897414,GPS,,424406,2064556,1,159,0.65,0.18,False
GPS_NO_NIPH_1005,GPS,,420906,2017197,1,157,-1.09,-0.84,False
GPS_NO_NIPH_295,GPS,,424246,2113631,1,181,0.57,1.23,False
GPS_ZA_8636,GPS,,419372,1987637,1,153,-1.85,-1.47,False
GPS_ES_CAN_3645,GPS,,423670,2080274,1,174,0.28,0.52,False
SPE_GB3_896087,GPS,,420752,2006748,1,156,-1.17,-1.06,False
GPS_ZA_8582,GPS,,419384,1977033,1,153,-1.85,-1.7,False
GPS_NO_NIPH_825,GPS,,421511,2026240,1,168,-0.79,-0.64,False
GPS_NO_NIPH_292,GPS,,420871,2018709,1,153,-1.11,-0.81,False
GPS_NO_NIPH_426,GPS,,423440,2070395,1,158,0.17,0.3,False
GPS_ZA_8485,GPS,,422032,2039556,1,170,-0.53,-0.36,False
GPS_NO_NIPH_767,GPS,,421873,2043116,1,170,-0.61,-0.28,False
GPS_NL_RAD_0631,GPS,,418858,1981620,1,152,-2.11,-1.6,False
SPE_GB3_894538,GPS,,424254,2056273,1,155,0.58,0.0,False
SPE_GB3_888106,GPS,,426323,2104624,1,159,1.6,1.04,False
SPE_GB3_886749,GPS,,418832,1969453,1,152,-2.12,-1.86,False
SPE_GB3_871141,GPS,,418827,1967576,1,153,-2.12,-1.9,False
SPE_GB3_901551,GPS,,425177,2085534,1,159,1.03,0.63,False
GPS_NO_NIPH_1034,GPS,,418715,1961409,1,161,-2.18,-2.04,False
GPS_ZA_8448,GPS,,427149,2150576,1,176,2.02,2.03,False
SPE_GB3_897429,GPS,,418717,1968017,1,153,-2.18,-1.9,False
GPS_ZA_8386,GPS,,426028,2112455,1,170,1.46,1.21,False
SPE_GB3_900669,GPS,,422641,2050772,1,152,-0.23,-0.12,False
SPE_GB3_877954,GPS,,418859,1969863,1,152,-2.11,-1.86,False
GPS_NO_NIPH_795,GPS,,418748,1962994,1,159,-2.16,-2.0,False
GPS_NO_NIPH_975,GPS,,424156,2066438,1,160,0.53,0.22,False
GPS_PK_AKU_NP0117,GPS,,427621,2152624,1,158,2.25,2.07,False
SPE_GB3_892787,GPS,,418996,1969251,1,152,-2.04,-1.87,False
GPS_NO_NIPH_561,GPS,,422620,2057194,1,170,-0.24,0.02,False
SPE_GB3_894512,GPS,,423413,2063131,1,157,0.16,0.15,False
GPS_NO_NIPH_491,GPS,,421004,2021996,1,157,-1.04,-0.74,False
GPS_NO_NIPH_530,GPS,,423774,2076440,1,164,0.34,0.43,False
GPS_NO_NIPH_279,GPS,,418952,1982480,1,152,-2.06,-1.58,False
SPE_GB3_883915,GPS,,422178,2028007,1,158,-0.46,-0.61,False
GPS_NO_NIPH_594,GPS,,426241,2133829,1,166,1.56,1.67,False
SPE_GB3_874946,GPS,,423514,2055259,1,165,0.21,-0.02,False
SPE_GB3_877925,GPS,,425824,2120105,1,155,1.36,1.37,False
SPE_GB3_901548,GPS,,423670,2054310,1,157,0.28,-0.04,False
SPE_GB3_873511,GPS,,421986,2029742,1,159,-0.55,-0.57,False
SPE_GB3_888056,GPS,,421328,2019264,1,153,-0.88,-0.79,False
SPE_GB3_897415,GPS,,422679,2044145,1,159,-0.21,-0.26,False
GPS_ZA_8589,GPS,,419333,1985911,1,153,-1.87,-1.51,False
GPS_NO_NIPH_711,GPS,,426087,2108240,1,160,1.49,1.12,False
SPE_GB3_872196,GPS,,425060,2098924,1,158,0.98,0.92,False
SPE_GB3_890533,GPS,,418802,1966278,1,151,-2.14,-1.93,False
SPE_GB3_879972,GPS,,422282,2036179,1,160,-0.41,-0.43,False
GPS_ES_CAN_3274,GPS,,418477,1973349,1,152,-2.3,-1.78,False
SPE_GB3_869338,GPS,,420949,2014660,1,156,-1.07,-0.89,False
SPE_GB3_900737,GPS,,418817,1968343,1,151,-2.13,-1.89,False
GPS_NO_NIPH_815,GPS,,420536,1999069,1,153,-1.27,-1.23,False
SPE_GB3_890592,GPS,,418820,1969433,1,153,-2.13,-1.86,False
SPE_GB3_873509,GPS,,421932,1999648,1,161,-0.58,-1.22,False
GPS_ZA_8380,GPS,,426043,2117008,1,165,1.46,1.3,False
GPS_NO_NIPH_489,GPS,,421071,2007032,1,153,-1.01,-1.06,False
SPE_GB3_896058,GPS,,418865,1970755,1,152,-2.11,-1.84,False
GPS_NO_NIPH_898,GPS,,423383,2061404,1,156,0.14,0.11,False
SPE_GB3_871133,GPS,,421812,2031884,1,156,-0.64,-0.52,False
GPS_ZA_8520,GPS,,425692,2110914,1,172,1.29,1.17,False
SPE_GB3_876187,GPS,,421979,2018993,1,154,-0.56,-0.8,False
SPE_GB3_894537,GPS,,424905,2085399,1,151,0.9,0.63,False
SPE_GB3_885165,GPS,,422224,2023585,1,154,-0.43,-0.7,False
GPS_NO_NIPH_1066,GPS,,419133,1965794,1,147,-1.97,-1.94,False
SPE_GB3_874967,GPS,,426632,2134596,1,166,1.76,1.68,False
GPS_NO_NIPH_780,GPS,,420854,2018289,1,155,-1.12,-0.82,False
GPS_ZA_8377,GPS,,423585,2055226,1,149,0.24,-0.02,False
SPE_GB3_900736,GPS,,424461,2075141,1,161,0.68,0.41,False
SPE_GB3_879947,GPS,,424858,2089996,1,161,0.88,0.72,False
SPE_GB3_898754,GPS,,418562,1949028,1,159,-2.26,-2.3,False
SPE_GB3_873498,GPS,,421289,2003534,1,151,-0.9,-1.13,False
GPS_NO_NIPH_866,GPS,,424966,2102788,1,169,0.93,1.0,False
SPE_GB3_900735,GPS,,422077,2033163,1,160,-0.51,-0.5,False
GPS_NO_NIPH_750,GPS,,418938,1977126,1,152,-2.07,-1.7,False
SPE_GB3_883008,GPS,,418782,1970774,1,152,-2.15,-1.84,False
GPS_NO_NIPH_593,GPS,,422537,2048602,1,156,-0.28,-0.16,False
GPS_ZA_8439,GPS,,423869,2075808,1,165,0.38,0.42,False
SPE_GB3_894532,GPS,,424116,2075823,1,155,0.51,0.42,False
GPS_NO_NIPH_289,GPS,,423164,2093435,1,181,0.03,0.8,False
GPS_NO_NIPH_817,GPS,,420740,2002198,1,153,-1.17,-1.16,False
SPE_GB3_875004,GPS,,421357,2023928,1,163,-0.87,-0.69,False
GPS_TW_NHRI_SPN138,GPS,,424883,2129315,1,168,0.89,1.57,False
GPS_NO_NIPH_555,GPS,,422113,2035590,1,173,-0.49,-0.44,False
GPS_ZA_8437,GPS,,423791,2105210,1,164,0.34,1.05,False
SPE_GB3_891476,GPS,,423822,2068561,1,160,0.36,0.26,False
GPS_PK_AKU_NP0006,GPS,,423915,2108234,1,172,0.41,1.12,False
GPS_ES_CAN_1992,GPS,,421550,2033380,1,163,-0.77,-0.49,False
SPE_GB3_900680,GPS,,423887,2054668,1,156,0.39,-0.03,False
GPS_NO_NIPH_596,GPS,,423063,2054688,1,161,-0.02,-0.03,False
GPS_ZA_8459,GPS,,421308,2023401,1,173,-0.89,-0.71,False
SPE_GB3_874984,GPS,,418861,1969586,1,152,-2.11,-1.86,False
SPE_GB3_872247,GPS,,426905,2129984,1,162,1.89,1.58,False
GPS_NO_NIPH_886,GPS,,420226,1990702,1,153,-1.43,-1.41,False
GPS_NO_NIPH_359,GPS,,422820,2059359,1,157,-0.14,0.07,False
GPS_ZA_8424,GPS,,422231,2063535,1,168,-0.43,0.16,False
GPS_ZA_8537,GPS,,422951,2065708,1,162,-0.07,0.2,False
GPS_ES_CAN_3829,GPS,,422842,2056408,1,168,-0.13,0.0,False
SPE_GB3_874977,GPS,,420826,2011044,1,156,-1.13,-0.97,False
GPS_NO_NIPH_776,GPS,,424454,2099433,1,161,0.67,0.93,False
GPS_NO_NIPH_405,GPS,,418937,1979637,1,152,-2.07,-1.65,False
GPS_NO_NIPH_700,GPS,,428649,2176769,1,176,2.76,2.59,False
SPE_GB3_877350,GPS,,423772,2048116,1,156,0.34,-0.18,False
SPE_GB3_880010,GPS,,418853,1972192,1,152,-2.11,-1.81,False
GPS_NO_NIPH_820,GPS,,425316,2115224,1,157,1.1,1.27,False
SPE_GB3_869373,GPS,,418876,1971596,1,153,-2.1,-1.82,False
GPS_NO_NIPH_659,GPS,,422942,2082369,1,155,-0.08,0.56,False
SPE_GB3_894530,GPS,,423825,2070010,1,165,0.36,0.3,False
SPE_GB3_873493,GPS,,424323,2070202,1,162,0.61,0.3,False
GPS_NO_NIPH_950,GPS,,423295,2065175,1,162,0.1,0.19,False
SPE_GB3_888052,GPS,,418939,1964433,1,152,-2.07,-1.97,False
GPS_ZA_8585,GPS,,420741,2010745,1,153,-1.17,-0.98,False
GPS_NO_NIPH_512,GPS,,422904,2056611,1,158,-0.1,0.01,False
SPE_GB3_872240,GPS,,418757,1966090,1,152,-2.16,-1.94,False
SPE_GB3_886743,GPS,,423987,2056353,1,161,0.44,0.0,False
SPE_GB3_877942,GPS,,418982,1964819,1,153,-2.05,-1.96,False
SPE_GB3_896094,GPS,,422585,2041798,1,164,-0.26,-0.31,False
GPS_ZA_8486,GPS,,420247,1993194,1,165,-1.42,-1.35,False
GPS_NO_NIPH_1057,GPS,,423810,2075456,1,162,0.35,0.41,False
GPS_NO_NIPH_757,GPS,,420557,2011003,1,164,-1.26,-0.97,False
GPS_ZA_8451,GPS,,425848,2118404,1,166,1.37,1.33,False
GPS_NO_NIPH_340,GPS,,422666,2060665,1,158,-0.21,0.09,False
GPS_NO_NIPH_978,GPS,,425091,2090263,1,162,0.99,0.73,False
SPE_GB3_890568,GPS,,421849,2026269,1,159,-0.62,-0.64,False
GPS_NO_NIPH_919,GPS,,424527,2095369,1,165,0.71,0.84,False
SPE_GB3_880982,GPS,,423543,2080664,1,160,0.22,0.52,False
GPS_NO_NIPH_417,GPS,,422329,2037163,1,155,-0.38,-0.41,False
GPS_NO_NIPH_708,GPS,,421403,2036364,1,163,-0.84,-0.43,False
GPS_NO_NIPH_764,GPS,,424394,2089450,1,158,0.64,0.71,False
SPE_GB3_894531,GPS,,423048,2045473,1,156,-0.02,-0.23,False
GPS_NO_NIPH_1030,GPS,,424553,2082523,1,158,0.72,0.56,False
SPE_GB3_894509,GPS,,423791,2069144,1,152,0.34,0.28,False
SPE_GB3_897426,GPS,,422699,2058307,1,152,-0.2,0.04,False
GPS_NO_NIPH_355,GPS,,419022,1974939,1,153,-2.03,-1.75,False
GPS_NO_NIPH_557,GPS,,418859,1978883,1,153,-2.11,-1.66,False
GPS_NO_NIPH_937,GPS,,421062,2007056,1,153,-1.01,-1.06,False
GPS_NO_NIPH_689,GPS,,425227,2111155,1,162,1.06,1.18,False
GPS_ZA_8569,GPS,,426711,2136982,1,162,1.8,1.73,False
GPS_ES_CAN_3818,GPS,,421246,2026026,1,166,-0.92,-0.65,False
GPS_NO_NIPH_838,GPS,,424155,2087785,1,157,0.53,0.68,False
GPS_PK_AKU_NP0138,GPS,,426074,2133775,1,164,1.48,1.66,False
GPS_NO_NIPH_831,GPS,,422471,2065437,1,159,-0.31,0.2,False
GPS_NO_NIPH_629,GPS,,422088,2035278,1,159,-0.5,-0.45,False
GPS_NO_NIPH_373,GPS,,420809,2012698,1,153,-1.14,-0.94,False
SPE_GB3_891489,GPS,,420548,1993134,1,152,-1.27,-1.36,False
GPS_NO_NIPH_1064,GPS,,422637,2051645,1,157,-0.23,-0.1,False
SPE_GB3_901571,GPS,,424413,2068414,1,162,0.65,0.26,False
SPE_GB3_876179,GPS,,422174,2032217,1,164,-0.46,-0.52,False
SPE_GB3_874930,GPS,,418815,1968005,1,153,-2.13,-1.9,False
GPS_NO_NIPH_619,GPS,,423740,2074034,1,161,0.32,0.38,False
GPS_NO_NIPH_818,GPS,,422783,2050483,1,162,-0.16,-0.12,False
GPS_ZA_8373,GPS,,426580,2138288,1,165,1.73,1.76,False
GPS_NO_NIPH_714,GPS,,425460,2101780,1,179,1.17,0.98,False
GPS_NO_NIPH_712,GPS,,426557,2152852,1,162,1.72,2.07,False
SPE_GB3_872202,GPS,,420755,2001454,1,153,-1.17,-1.18,False
GPS_NO_NIPH_1062,GPS,,424656,2097209,1,165,0.77,0.88,False
SPE_GB3_890588,GPS,,418855,1968819,1,152,-2.11,-1.88,False
GPS_NO_NIPH_345,GPS,,424558,2087656,1,156,0.73,0.67,False
SPE_GB3_886755,GPS,,423227,2055166,1,158,0.06,-0.02,False
GPS_NO_NIPH_1063,GPS,,422862,2052821,1,160,-0.12,-0.07,False
SPE_GB3_897379,GPS,,418852,1969104,1,152,-2.11,-1.87,False
GPS_NO_NIPH_706,GPS,,421066,2026972,1,158,-1.01,-0.63,False
SPE_GB3_886740,GPS,,425768,2109472,1,157,1.33,1.14,False
GPS_NO_NIPH_828,GPS,,420854,2017507,1,153,-1.12,-0.83,False
GPS_ZA_8453,GPS,,419290,1983539,1,153,-1.89,-1.56,False
GPS_NO_NIPH_375,GPS,,420631,2009497,1,160,-1.23,-1.0,False
SPE_GB3_890516,GPS,,422232,2033145,1,160,-0.43,-0.5,False
GPS_NO_NIPH_758,GPS,,418701,1971002,1,152,-2.19,-1.83,False
GPS_NO_NIPH_984,GPS,,423079,2054618,1,155,-0.01,-0.04,False
SPE_GB3_897351,GPS,,422753,2046408,1,154,-0.17,-0.21,False
GPS_ZA_8503,GPS,,425710,2113545,1,165,1.3,1.23,False
GPS_NO_NIPH_330,GPS,,421290,2024353,1,167,-0.9,-0.69,False
SPE_GB3_873515,GPS,,419177,1956409,1,159,-1.95,-2.14,False
SPE_GB3_894525,GPS,,418855,1969115,1,153,-2.11,-1.87,False
SPE_GB3_900706,GPS,,419959,1983064,1,151,-1.56,-1.57,False
SPE_GB3_874976,GPS,,419986,1986120,1,152,-1.55,-1.51,False
GPS_ZA_8596,GPS,,423723,2068538,1,169,0.31,0.26,False
GPS_ZA_8588,GPS,,423617,2063542,1,167,0.26,0.16,False
SPE_GB3_880990,GPS,,418785,1970048,1,152,-2.15,-1.85,False
GPS_ZA_8590,GPS,,422520,2046629,1,153,-0.29,-0.21,False
GPS_NO_NIPH_811,GPS,,424225,2070740,1,164,0.56,0.31,False
GPS_NO_NIPH_996,GPS,,418903,1973664,1,152,-2.09,-1.77,False
GPS_NO_NIPH_887,GPS,,419102,1978375,1,153,-1.99,-1.67,False
GPS_NO_NIPH_948,GPS,,420734,2008830,1,152,-1.18,-1.02,False
GPS_NO_NIPH_1047,GPS,,425228,2113467,1,163,1.06,1.23,False
SPE_GB3_880945,GPS,,422789,2047798,1,153,-0.15,-0.18,False
SPE_GB3_896084,GPS,,419408,1975609,1,153,-1.84,-1.73,False
SPE_GB3_875000,GPS,,418750,1965328,1,151,-2.16,-1.95,False
GPS_NO_NIPH_413,GPS,,427884,2165498,1,164,2.38,2.35,False
GPS_ES_CAN_2691,GPS,,424483,2096186,1,163,0.69,0.86,False
SPE_GB3_871172,GPS,,418848,1961344,1,153,-2.11,-2.04,False
SPE_GB3_880004,GPS,,418807,1968233,1,152,-2.13,-1.89,False
SPE_GB3_901569,GPS,,424869,2080392,1,162,0.88,0.52,False
GPS_NO_NIPH_432,GPS,,420845,2016258,1,153,-1.12,-0.86,False
GPS_NO_NIPH_929,GPS,,425077,2081000,1,155,0.98,0.53,False
SPE_GB3_893912,GPS,,422917,2048694,1,158,-0.09,-0.16,False
GPS_TW_NHRI_SPN136,GPS,,421380,2007503,1,155,-0.85,-1.05,False
GPS_ZA_8481,GPS,,426944,2147088,1,164,1.91,1.95,False
GPS_NO_NIPH_531,GPS,,424429,2096583,1,161,0.66,0.87,False
SPE_GB3_892844,GPS,,424103,2058577,1,163,0.5,0.05,False
GPS_NO_NIPH_549,GPS,,424316,2091420,1,159,0.61,0.75,False
SPE_GB3_872225,GPS,,422746,2060492,1,159,-0.18,0.09,False
GPS_NO_NIPH_540,GPS,,418548,1972239,1,152,-2.26,-1.8,False
SPE_GB3_891494,GPS,,426659,2125637,1,156,1.77,1.49,False
SPE_GB3_891461,GPS,,421745,2010433,1,153,-0.67,-0.98,False
GPS_NO_NIPH_848,GPS,,420972,2017687,1,173,-1.06,-0.83,False
GPS_NO_NIPH_428,GPS,,418577,1994542,1,163,-2.25,-1.33,False
SPE_GB3_876194,GPS,,419350,1973723,1,157,-1.86,-1.77,False
GPS_NO_NIPH_747,GPS,,422628,2059491,1,158,-0.23,0.07,False
SPE_GB3_886767,GPS,,421863,2020847,1,150,-0.61,-0.76,False
GPS_NO_NIPH_1003,GPS,,421583,2043406,1,160,-0.75,-0.28,False
GPS_ZA_8587,GPS,,419386,1984861,1,153,-1.85,-1.53,False
GPS_NO_NIPH_864,GPS,,421743,2047523,1,161,-0.67,-0.19,False
SPE_GB3_874931,GPS,,425918,2107680,1,161,1.4,1.1,False
SPE_AU1_AUSMDU00074022,GPS,,429083,2188473,1,167,2.98,2.84,False
GPS_ZA_8508,GPS,,424310,2103309,1,171,0.6,1.01,False
SPE_GB3_872181,GPS,,418946,1960728,1,153,-2.07,-2.05,False
GPS_NO_NIPH_490,GPS,,419328,1981350,1,154,-1.88,-1.61,False
GPS_NO_NIPH_1008,GPS,,423744,2079107,1,161,0.32,0.49,False
GPS_NO_NIPH_669,GPS,,426414,2139926,1,166,1.65,1.8,False
SPE_GB3_900752,GPS,,418776,1968111,1,151,-2.15,-1.89,False
GPS_ZA_8474,GPS,,426630,2136663,1,161,1.76,1.73,False
SPE_GB3_876151,GPS,,425743,2105744,1,160,1.32,1.06,False
SPE_GB3_874990,GPS,,423477,2060622,1,156,0.19,0.09,False
SPE_GB3_897420,GPS,,422639,2034725,1,159,-0.23,-0.46,False
SPE_GB3_873488,GPS,,418857,1970940,1,153,-2.11,-1.83,False
GPS_NO_NIPH_824,GPS,,418858,1975031,1,152,-2.11,-1.74,False
GPS_NO_NIPH_861,GPS,,418825,1967700,1,159,-2.13,-1.9,False
GPS_NO_NIPH_603,GPS,,424119,2106866,1,162,0.51,1.09,False
SPE_GB3_880953,GPS,,425829,2101715,1,165,1.36,0.98,False
SPE_GB3_890569,GPS,,421593,2031995,1,164,-0.75,-0.52,False
SPE_GB3_883913,GPS,,418813,1969730,1,152,-2.13,-1.86,False
GPS_NO_NIPH_792,GPS,,422255,2046249,1,180,-0.42,-0.22,False
GPS_ZA_8438,GPS,,421931,2032049,1,162,-0.58,-0.52,False
SPE_GB3_886768,GPS,,425116,2090780,1,166,1.0,0.74,False
GPS_NO_NIPH_967,GPS,,424307,2085903,1,161,0.6,0.64,False
GPS_NO_NIPH_543,GPS,,424465,2093047,1,159,0.68,0.79,False
SPE_GB3_890571,GPS,,424299,2083785,1,161,0.6,0.59,False
GPS_NO_NIPH_804,GPS,,423500,2079354,1,158,0.2,0.5,False
GPS_ZA_8484,GPS,,419345,1984079,1,153,-1.87,-1.55,False
GPS_NO_NIPH_314,GPS,,422284,2051701,1,160,-0.4,-0.1,False
SPE_GB3_872243,GPS,,423132,2049740,1,158,0.02,-0.14,False
SPE_GB3_898695,GPS,,426965,2134498,1,165,1.92,1.68,False
SPE_GB3_891432,GPS,,418870,1971177,1,152,-2.1,-1.83,False
GPS_NO_NIPH_985,GPS,,423099,2058888,1,159,0.0,0.06,False
SPE_GB3_890537,GPS,,423940,2063390,1,159,0.42,0.15,False
SPE_GB3_890567,GPS,,421748,2036422,1,162,-0.67,-0.43,False
GPS_NO_NIPH_964,GPS,,420913,2012666,1,153,-1.09,-0.94,False
GPS_PK_AKU_NP0102,GPS,,423641,2074571,1,186,0.27,0.39,False
GPS_NO_NIPH_469,GPS,,423367,2073723,1,163,0.13,0.37,False
SPE_GB3_877923,GPS,,418944,1963002,1,153,-2.07,-2.0,False
SPE_GB3_880002,GPS,,418907,1964645,1,153,-2.08,-1.97,False
GPS_NO_NIPH_272,GPS,,418668,1976797,1,153,-2.2,-1.71,False
SPE_GB3_874935,GPS,,421062,2021448,1,162,-1.01,-0.75,False
SPE_GB3_893973,GPS,,422830,2048348,1,156,-0.13,-0.17,False
GPS_NO_NIPH_1027,GPS,,419884,1995503,1,157,-1.6,-1.31,False
SPE_GB3_879997,GPS,,423574,2060377,1,162,0.24,0.09,False
GPS_TW_NHRI_SPN129,GPS,,426095,2130058,1,153,1.49,1.58,False
GPS_ZA_8513,GPS,,425374,2110154,1,169,1.13,1.16,False
SPE_GB3_876200,GPS,,418969,1964780,1,153,-2.05,-1.96,False
SPE_GB3_877367,GPS,,420566,1993722,1,153,-1.26,-1.34,False
GPS_NO_NIPH_955,GPS,,421320,2027605,1,154,-0.88,-0.62,False
SPE_GB3_871168,GPS,,418712,1969554,1,152,-2.18,-1.86,False
GPS_NO_NIPH_973,GPS,,425169,2097700,1,160,1.03,0.89,False
GPS_NO_NIPH_788,GPS,,425711,2118509,1,156,1.3,1.34,False
GPS_NO_NIPH_746,GPS,,425650,2118844,1,163,1.27,1.34,False
SPE_GB3_879925,GPS,,418965,1974282,1,153,-2.06,-1.76,False
SPE_GB3_869339,GPS,,421424,2006546,1,149,-0.83,-1.07,False
GPS_NO_NIPH_875,GPS,,418717,1958002,1,159,-2.18,-2.11,False
GPS_NO_NIPH_458,GPS,,423594,2103882,1,173,0.25,1.02,False
GPS_NO_NIPH_797,GPS,,422205,2038759,1,157,-0.44,-0.38,False
SPE_GB3_876159,GPS,,425579,2101054,1,166,1.23,0.96,False
GPS_NO_NIPH_339,GPS,,424453,2097501,1,159,0.67,0.89,False
SPE_GB3_886764,GPS,,418860,1971649,1,152,-2.11,-1.82,False
SPE_GB3_871171,GPS,,422662,2044089,1,162,-0.22,-0.26,False
GPS_NO_NIPH_926,GPS,,424760,2085867,1,160,0.83,0.64,False
SPE_GB3_876189,GPS,,424115,2067084,1,157,0.51,0.23,False
SPE_GB3_900734,GPS,,423380,2063262,1,158,0.14,0.15,False
GPS_NO_NIPH_588,GPS,,418931,1976935,1,152,-2.07,-1.7,False
GPS_NO_NIPH_1016,GPS,,419310,1981180,1,154,-1.88,-1.61,False
SPE_GB3_897405,GPS,,421499,2028638,1,163,-0.8,-0.59,False
SPE_GB3_891417,GPS,,422038,2003446,1,161,-0.53,-1.13,False
GPS_NO_NIPH_344,GPS,,423615,2070882,1,159,0.26,0.31,False
GPS_NO_NIPH_276,GPS,,420789,2018302,1,152,-1.15,-0.82,False
GPS_PK_AKU_NP0470,GPS,,427563,2134299,1,161,2.22,1.68,False
SPE_GB3_883009,GPS,,418838,1970354,1,152,-2.12,-1.85,False
SPE_GB3_871151,GPS,,422387,2038573,1,160,-0.35,-0.38,False
SPE_GB3_900750,GPS,,423610,2057043,1,164,0.25,0.02,False
GPS_NO_NIPH_488,GPS,,420875,2009054,1,153,-1.11,-1.01,False
GPS_NO_NIPH_349,GPS,,418942,1980126,1,152,-2.07,-1.64,False
GPS_NO_NIPH_367,GPS,,421000,2018201,1,157,-1.04,-0.82,False
GPS_ZA_8553,GPS,,419210,1979620,1,152,-1.93,-1.65,False
GPS_NO_NIPH_644,GPS,,421884,2036977,1,189,-0.6,-0.41,False
SPE_GB3_877345,GPS,,421073,2006722,1,154,-1.01,-1.06,False
