drug,featset,subset,task,n,EA,EA_lo,EA_hi,exact,exact_lo,exact_hi,CA,CA_lo,CA_hi,n_S,n_I,n_R,VME_n,ME_n,minor_n,VME,ME,minor,bias_log2,LoA_low,LoA_high,R2,n_NS,TP,TN,FP,FN,accuracy,accuracy_lo,accuracy_hi,sensitivity,sensitivity_lo,sensitivity_hi,specificity,specificity_lo,specificity_hi,PPV,PPV_lo,PPV_hi,NPV,NPV_lo,NPV_hi,F1,F1_lo,F1_hi,AUROC,AUROC_lo,AUROC_hi,AUPRC,AUPRC_lo,AUPRC_hi,note
PEN,kmer,All,MIC_regression,927,0.8770226537216829,0.8543689320388349,0.8975188781014024,0.5048543689320388,0.4735436893203884,0.5383225458468176,0.8025889967637541,0.7777508090614886,0.8274002157497303,273,275.0,379.0,1.0,0.0,182.0,0.002638522427440633,0.0,0.19633225458468176,-0.13426917462339455,-2.3133053255562817,2.0447669763094924,0.8482778245788645,,,,,,,,,,,,,,,,,,,,,,,,,,,,,,
PEN,kmer,All,S_vs_NS,927,,,,,,,,,,273,,,,,,,,,,,,,654.0,647.0,262.0,11.0,7.0,0.9805825242718447,0.9719525350593312,0.9892125134843581,0.9892966360856269,0.9811602121163426,0.9968752433800623,0.9597069597069597,0.935714782205746,0.9808447398438185,0.9832826747720365,0.9724728299223713,0.9925045872586095,0.9739776951672863,0.9518507362784471,0.9921568627450981,0.9862804878048781,0.9799688401892924,0.9922606591369492,0.9949059605022909,0.9903892148735671,0.9982616406318373,0.9981305284280498,0.9965719046268214,0.9993661057409181,
PEN,kmer,Domestic,MIC_regression,607,0.8533772652388797,0.8237232289950577,0.8813838550247117,0.3624382207578254,0.3261943986820428,0.40201812191103786,0.771004942339374,0.7380148270181219,0.800658978583196,0,236.0,371.0,0.0,0.0,139.0,0.0,,0.22899505766062603,-0.26981160506955926,-2.660846425865864,2.121223215726746,0.6290161992830497,,,,,,,,,,,,,,,,,,,,,,,,,,,,,,
PEN,kmer,Domestic,S_vs_NS,607,,,,,,,,,,0,,,,,,,,,,,,,607.0,605.0,0.0,0.0,2.0,0.9967051070840197,0.9917627677100495,1.0,0.9967051070840197,0.9917627677100495,1.0,,,,1.0,1.0,1.0,0.0,0.0,0.0,0.9983498349834984,0.9958643507030603,1.0,,,,,,,单一类别：AUROC/AUPRC 无法计算
PEN,kmer,GPS,MIC_regression,320,0.921875,0.893671875,0.95,0.775,0.73125,0.81875,0.8625,0.828046875,0.896875,273,39.0,8.0,1.0,0.0,43.0,0.125,0.0,0.134375,0.12283787312917412,-1.468871043055398,1.7145467893137463,0.6446475814732844,,,,,,,,,,,,,,,,,,,,,,,,,,,,,,
PEN,kmer,GPS,S_vs_NS,320,,,,,,,,,,273,,,,,,,,,,,,,47.0,42.0,262.0,11.0,5.0,0.95,0.925,0.971875,0.8936170212765957,0.8,0.9722409909909909,0.9597069597069597,0.9360865464372675,0.9817534837425348,0.7924528301886793,0.6727194357366771,0.8947368421052632,0.9812734082397003,0.9638890352841972,0.9962828720914223,0.84,0.7529348513598988,0.9120260869565218,0.9435741563401138,0.8837971435368175,0.9832379327132384,0.852746156156239,0.7607149078579828,0.9381893186005701,
PEN,typing,All,MIC_regression,927,0.28802588996763756,0.2588996763754045,0.3149946062567422,0.0895361380798274,0.07119741100323625,0.10787486515641856,0.29557713052858686,0.2664239482200647,0.32470334412081986,273,275.0,379.0,2.0,0.0,651.0,0.005277044854881266,0.0,0.7022653721682848,-0.9870661110682524,-5.77230153125733,3.798169309120826,0.1608363725369284,,,,,,,,,,,,,,,,,,,,,,,,,,,,,,
PEN,typing,All,S_vs_NS,927,,,,,,,,,,273,,,,,,,,,,,,,654.0,358.0,264.0,9.0,296.0,0.6709816612729234,0.6418554476806904,0.7011866235167206,0.5474006116207951,0.5100570628768303,0.5888844143594043,0.967032967032967,0.945843470412808,0.9860152043078872,0.9754768392370572,0.957382185828877,0.9895301592495637,0.4714285714285714,0.4300626826642055,0.5173086476365165,0.7012732615083251,0.671272322096258,0.7332213756635816,0.8024078368115066,0.7714304029254192,0.8323148581745966,0.897993372148257,0.8729479374465084,0.9192974595606277,
PEN,typing,Domestic,MIC_regression,607,0.2273476112026359,0.19439868204283361,0.26194398682042835,0.11037891268533773,0.085667215815486,0.13677924217462928,0.3723228995057661,0.3327429983525535,0.4102141680395387,0,236.0,371.0,2.0,0.0,379.0,0.005390835579514825,,0.6243822075782537,-2.1615474639457375,-6.104516703079586,1.7814217751881105,-1.07389217921946,,,,,,,,,,,,,,,,,,,,,,,,,,,,,,
PEN,typing,Domestic,S_vs_NS,607,,,,,,,,,,0,,,,,,,,,,,,,607.0,346.0,0.0,0.0,261.0,0.5700164744645799,0.5304777594728172,0.6063014827018122,0.5700164744645799,0.5271828665568369,0.6128500823723229,,,,1.0,1.0,1.0,0.0,0.0,0.0,0.7261280167890871,0.6932185145317545,0.7574524388125244,,,,,,,单一类别：AUROC/AUPRC 无法计算
PEN,typing,GPS,MIC_regression,320,0.403125,0.35,0.453125,0.05,0.028125,0.075,0.15,0.1125,0.190625,273,39.0,8.0,0.0,0.0,272.0,0.0,0.0,0.85,1.2407782051712275,-1.538738147262624,4.020294557605079,-0.8727524200947252,,,,,,,,,,,,,,,,,,,,,,,,,,,,,,
PEN,typing,GPS,S_vs_NS,320,,,,,,,,,,273,,,,,,,,,,,,,47.0,12.0,264.0,9.0,35.0,0.8625,0.821875,0.9,0.2553191489361702,0.1355367231638418,0.3847560975609755,0.967032967032967,0.9424460431654677,0.9887228605220918,0.5714285714285714,0.3333333333333333,0.782608695652174,0.882943143812709,0.8440624472098655,0.9218293490862915,0.35294117647058826,0.19672131147540983,0.5,0.6228664952069207,0.5282110848588408,0.7149237457731523,0.2858999178075445,0.18789788414638056,0.4235163847349328,
PEN,combined,All,MIC_regression,927,0.8802588996763754,0.8586569579288026,0.9018338727076591,0.4919093851132686,0.46062567421790723,0.5232470334412082,0.8166127292340885,0.7918015102481122,0.8414239482200647,273,275.0,379.0,1.0,0.0,169.0,0.002638522427440633,0.0,0.18230852211434737,-0.10813554606532041,-2.2623064684449052,2.0460353763142645,0.8524384241674552,,,,,,,,,,,,,,,,,,,,,,,,,,,,,,
PEN,combined,All,S_vs_NS,927,,,,,,,,,,273,,,,,,,,,,,,,654.0,643.0,261.0,12.0,11.0,0.9751887810140237,0.9644012944983819,0.9848975188781014,0.9831804281345565,0.9730124802463632,0.9923206810426707,0.9560439560439561,0.9299972324723248,0.9783470585968113,0.981679389312977,0.9709465098887597,0.9910182997234231,0.9595588235294118,0.9330926815308814,0.9800697345482057,0.9824293353705118,0.9746738296239448,0.988664679354888,0.9943122626608865,0.9897914708357033,0.9978507495044153,0.9978501152123866,0.9963305395061687,0.9991087340428692,
PEN,combined,Domestic,MIC_regression,607,0.8616144975288303,0.8336079077429983,0.8896210873146623,0.35914332784184516,0.31795716639209226,0.3954283360790774,0.7973640856672158,0.7627677100494233,0.8270181219110379,0,236.0,371.0,0.0,0.0,123.0,0.0,,0.2026359143327842,-0.19991954030159131,-2.5595789497105965,2.1597398691074137,0.6460514405843503,,,,,,,,,,,,,,,,,,,,,,,,,,,,,,
PEN,combined,Domestic,S_vs_NS,607,,,,,,,,,,0,,,,,,,,,,,,,607.0,605.0,0.0,0.0,2.0,0.9967051070840197,0.9917627677100495,1.0,0.9967051070840197,0.9917627677100495,1.0,,,,1.0,1.0,1.0,0.0,0.0,0.0,0.9983498349834984,0.9958643507030603,1.0,,,,,,,单一类别：AUROC/AUPRC 无法计算
PEN,combined,GPS,MIC_regression,320,0.915625,0.884375,0.94375,0.74375,0.696796875,0.7875,0.853125,0.815625,0.8875,273,39.0,8.0,1.0,0.0,46.0,0.125,0.0,0.14375,0.06596721800160595,-1.5816287054902927,1.7135631414935046,0.6254989071384711,,,,,,,,,,,,,,,,,,,,,,,,,,,,,,
PEN,combined,GPS,S_vs_NS,320,,,,,,,,,,273,,,,,,,,,,,,,47.0,38.0,261.0,12.0,9.0,0.934375,0.906171875,0.959375,0.8085106382978723,0.6976432724252492,0.9148936170212766,0.9560439560439561,0.9288389513108615,0.9782628315805996,0.76,0.6398653846153847,0.875063775510204,0.9666666666666667,0.9442379182156134,0.9886363636363636,0.7835051546391752,0.6812960235640648,0.869585346215781,0.946886446886447,0.8944218342100136,0.9898905590778837,0.8768520055481683,0.7865906528836676,0.9477935531806637,
AMC,kmer,All,MIC_regression,927,0.6170442286947141,0.5836030204962244,0.6483549083063646,0.3074433656957929,0.28044768069039916,0.3376483279395901,0.7583603020496225,0.7303128371089536,0.785329018338727,712,62.0,153.0,153.0,2.0,69.0,1.0,0.0028089887640449437,0.0744336569579288,-0.5953016458108102,-4.273486510350184,3.0828832187285635,0.5452568316511006,,,,,,,,,,,,,,,,,,,,,,,,,,,,,,
AMC,kmer,All,S_vs_NS,927,,,,,,,,,,712,,,,,,,,,,,,,215.0,184.0,609.0,103.0,31.0,0.8554476806903991,0.8327939590075513,0.8781014023732471,0.8558139534883721,0.8085980220437458,0.8979014934533551,0.8553370786516854,0.8292124379962589,0.8803405488624325,0.6411149825783972,0.5861584657109647,0.6958019044062733,0.9515625,0.9332321110472295,0.966877979649439,0.7330677290836654,0.6837526205450734,0.7745699010715346,0.8820486020381499,0.8538119491432486,0.9085802609507022,0.6544756405504434,0.5824224407015163,0.7296593234556243,
AMC,kmer,Domestic,MIC_regression,607,0.5799011532125206,0.5403624382207578,0.617833607907743,0.257001647446458,0.22240527182866557,0.2899505766062603,0.6359143327841845,0.5980230642504119,0.6738056013179572,395,60.0,152.0,152.0,2.0,67.0,1.0,0.005063291139240506,0.11037891268533773,-1.0993455776442655,-4.593515755861513,2.3948246005729823,-0.14460252227166825,,,,,,,,,,,,,,,,,,,,,,,,,,,,,,
AMC,kmer,Domestic,S_vs_NS,607,,,,,,,,,,395,,,,,,,,,,,,,212.0,183.0,298.0,97.0,29.0,0.7924217462932455,0.7594728171334432,0.8204283360790774,0.8632075471698113,0.8162280701754386,0.9065500733003482,0.7544303797468355,0.708725153136576,0.7980180078060377,0.6535714285714286,0.6,0.7063446969696969,0.9113149847094801,0.8798765537689589,0.9404030422185431,0.7439024390243902,0.6982707856457211,0.7835214861692354,0.8177215189873418,0.7818632092695906,0.8527253722993514,0.665206858779988,0.5963800583619739,0.7440509502256016,
AMC,kmer,GPS,MIC_regression,320,0.6875,0.6375,0.7375,0.403125,0.34375,0.459375,0.990625,0.978125,1.0,317,2.0,1.0,1.0,0.0,2.0,1.0,0.0,0.00625,0.36080668738577515,-2.910090076277254,3.6317034510488044,-0.1684653626090089,,,,,,,,,,,,,,,,,,,,,,,,,,,,,,
AMC,kmer,GPS,S_vs_NS,320,,,,,,,,,,317,,,,,,,,,,,,,3.0,1.0,311.0,6.0,2.0,0.975,0.95625,0.990625,0.3333333333333333,0.0,1.0,0.9810725552050473,0.9652996845425867,0.9937304075235109,0.14285714285714285,0.0,0.5,0.9936102236421726,0.9840242791021545,1.0,0.2,0.0,0.5,0.8622502628811777,0.7751277201760203,0.9686520376175548,0.05226230520810254,0.014705882352941176,0.191570346320346,
AMC,typing,All,MIC_regression,927,0.2815533980582524,0.2545846817691478,0.30960086299892126,0.11650485436893204,0.09600862998921252,0.13807982740021574,0.7680690399137001,0.7411003236245954,0.7939590075512406,712,62.0,153.0,153.0,0.0,62.0,1.0,0.0,0.0668824163969795,-0.6059828094792469,-5.73301410327473,4.5210484843162355,0.15418675789547376,,,,,,,,,,,,,,,,,,,,,,,,,,,,,,
AMC,typing,All,S_vs_NS,927,,,,,,,,,,712,,,,,,,,,,,,,215.0,188.0,575.0,137.0,27.0,0.8230852211434736,0.7971952535059331,0.8468176914778857,0.8744186046511628,0.8294794445791899,0.9170512532314263,0.8075842696629213,0.7780899775856548,0.8351959241482414,0.5784615384615385,0.5237956810631229,0.6309186548650884,0.9551495016611296,0.9386382931757594,0.9704517465293327,0.6962962962962963,0.6525075908085617,0.739453285980946,0.7734256597857329,0.7333736080480859,0.8122768557389938,0.59873135501849,0.5352088380655965,0.6580731592694093,
AMC,typing,Domestic,MIC_regression,607,0.36902800658978585,0.32948929159802304,0.4102141680395387,0.16474464579901152,0.13669686985172982,0.1927512355848435,0.6507413509060955,0.6144975288303131,0.6870263591433279,395,60.0,152.0,152.0,0.0,60.0,1.0,0.0,0.09884678747940692,-1.9350214077488104,-5.677177583650669,1.8071347681530476,-0.9288601869726436,,,,,,,,,,,,,,,,,,,,,,,,,,,,,,
AMC,typing,Domestic,S_vs_NS,607,,,,,,,,,,395,,,,,,,,,,,,,212.0,186.0,283.0,112.0,26.0,0.7726523887973641,0.7413509060955519,0.8056425041186162,0.8773584905660378,0.8357288588715351,0.919816037735849,0.7164556962025317,0.6699501367025185,0.7620280816025562,0.6241610738255033,0.5698835718863491,0.6794964028776979,0.9158576051779935,0.8847359621814828,0.9455144557823129,0.7294117647058823,0.6859319177220449,0.7705292129406084,0.7466324337234296,0.7020758366828236,0.7880677797803466,0.645856149952067,0.5868803174124255,0.7061180285347488,
AMC,typing,GPS,MIC_regression,320,0.115625,0.08125,0.153125,0.025,0.009375,0.04375,0.990625,0.978125,1.0,317,2.0,1.0,1.0,0.0,2.0,1.0,0.0,0.00625,1.9150372816133312,-1.5918728889050873,5.42194745213175,-1.7573809793100543,,,,,,,,,,,,,,,,,,,,,,,,,,,,,,
AMC,typing,GPS,S_vs_NS,320,,,,,,,,,,317,,,,,,,,,,,,,3.0,2.0,292.0,25.0,1.0,0.91875,0.890625,0.946875,0.6666666666666666,0.0,1.0,0.9211356466876972,0.8888541666666666,0.9519269169329073,0.07407407407407407,0.0,0.2,0.9965870307167235,0.9896184760668973,1.0,0.13333333333333333,0.0,0.29411764705882354,0.7034700315457413,0.11061912225705332,1.0,0.4475990185769365,0.0031620612546420157,1.0,
AMC,combined,All,MIC_regression,927,0.6504854368932039,0.6202535059331176,0.6817961165048543,0.2858683926645092,0.25782092772384035,0.31607335490830635,0.7475728155339806,0.7173678532901834,0.7745415318230853,712,62.0,153.0,144.0,8.0,82.0,0.9411764705882353,0.011235955056179775,0.08845738942826321,-0.1819292029402065,-3.2403909400208635,2.87653253414045,0.7104713499789826,,,,,,,,,,,,,,,,,,,,,,,,,,,,,,
AMC,combined,All,S_vs_NS,927,,,,,,,,,,712,,,,,,,,,,,,,215.0,191.0,592.0,120.0,24.0,0.8446601941747572,0.8220064724919094,0.866235167206041,0.8883720930232558,0.8438918345705196,0.9283011766017956,0.8314606741573034,0.8025074881437724,0.8555298747018816,0.6141479099678456,0.5619039655996177,0.6666666666666666,0.961038961038961,0.9448157820440429,0.975767366720517,0.7262357414448669,0.6815380333882457,0.7654332568966715,0.9045989025346224,0.8811964826341,0.9269924069166924,0.6889519431153669,0.6246308159732437,0.7620325600109594,
AMC,combined,Domestic,MIC_regression,607,0.6293245469522241,0.5930807248764415,0.6672158154859967,0.2751235584843493,0.24052718286655683,0.30971993410214166,0.6194398682042833,0.5815485996705108,0.6557248764415157,395,60.0,152.0,143.0,8.0,80.0,0.9407894736842105,0.020253164556962026,0.13179571663920922,-0.5337916041541801,-3.321314322401772,2.253731114093412,0.39804152693956996,,,,,,,,,,,,,,,,,,,,,,,,,,,,,,
AMC,combined,Domestic,S_vs_NS,607,,,,,,,,,,395,,,,,,,,,,,,,212.0,190.0,277.0,118.0,22.0,0.7693574958813838,0.7347611202635914,0.800658978583196,0.8962264150943396,0.8540470423253442,0.9369434652043347,0.7012658227848101,0.6547188927485336,0.7428625404821878,0.6168831168831169,0.5624950079872204,0.6700241935483872,0.9264214046822743,0.8961915247382375,0.9542597526815605,0.7307692307692307,0.6857111665626949,0.7698465749936338,0.8524599952233102,0.8177757273071686,0.8869848981161055,0.6955974477129858,0.6308713188853818,0.7744547321073836,
AMC,combined,GPS,MIC_regression,320,0.690625,0.640625,0.74375,0.30625,0.253125,0.359375,0.990625,0.978125,1.0,317,2.0,1.0,1.0,0.0,2.0,1.0,0.0,0.00625,0.4855097893625498,-2.6403051903748294,3.6113247690999293,-0.11407756824617832,,,,,,,,,,,,,,,,,,,,,,,,,,,,,,
AMC,combined,GPS,S_vs_NS,320,,,,,,,,,,317,,,,,,,,,,,,,3.0,1.0,315.0,2.0,2.0,0.9875,0.971875,0.996875,0.3333333333333333,0.0,1.0,0.9936908517350158,0.9841772151898734,1.0,0.3333333333333333,0.0,1.0,0.9936908517350158,0.9841269841269841,1.0,0.3333333333333333,0.0,0.8,0.8738170347003155,0.6238244514106582,1.0,0.47500000000000003,0.008543386933217443,1.0,
CRO,kmer,All,MIC_regression,927,0.7842502696871629,0.7583333333333333,0.8101672060409923,0.4746494066882416,0.4412081984897519,0.5048543689320388,0.7993527508090615,0.7734627831715211,0.8252427184466019,746,53.0,128.0,128.0,0.0,58.0,1.0,0.0,0.06256742179072276,-0.3621982327183184,-2.8569779141236262,2.132581448686989,0.4037408932477403,,,,,,,,,,,,,,,,,,,,,,,,,,,,,,
CRO,kmer,All,S_vs_NS,927,,,,,,,,,,746,,,,,,,,,,,,,181.0,147.0,573.0,173.0,34.0,0.7766990291262136,0.7475728155339806,0.8036677454153183,0.8121546961325967,0.7560781006746238,0.8674718742519748,0.7680965147453083,0.7390641962513395,0.796969725250112,0.459375,0.4074897943431502,0.5136054421768708,0.943986820428336,0.9265442404006677,0.9617849584316426,0.5868263473053892,0.5351994069681245,0.6363636363636364,0.8687734214151348,0.840358548903836,0.8957335514934535,0.6050288385570175,0.5325313196683037,0.6835914013360217,
CRO,kmer,Domestic,MIC_regression,607,0.7199341021416804,0.6820428336079077,0.7528830313014827,0.3723228995057661,0.3344316309719934,0.4085667215815486,0.6968698517298187,0.6589785831960461,0.7331136738056013,428,51.0,128.0,128.0,0.0,56.0,1.0,0.0,0.09225700164744646,-0.6050236545951156,-3.182710241010082,1.9726629318198508,0.17212061717437988,,,,,,,,,,,,,,,,,,,,,,,,,,,,,,
CRO,kmer,Domestic,S_vs_NS,607,,,,,,,,,,428,,,,,,,,,,,,,179.0,146.0,279.0,149.0,33.0,0.700164744645799,0.6606260296540363,0.7380971993410215,0.8156424581005587,0.7597756293985344,0.8678543579968809,0.6518691588785047,0.6066312313498333,0.6957644771745176,0.49491525423728816,0.4335079418722541,0.5536939299974514,0.8942307692307693,0.8603878066378067,0.9258151364764268,0.6160337552742616,0.5666630901287554,0.6681127982646421,0.8027071477053204,0.7623963722403895,0.8425045817397887,0.6136615197481857,0.5405058061203912,0.6926116100664462,
CRO,kmer,GPS,MIC_regression,320,0.90625,0.871875,0.934375,0.66875,0.615625,0.71875,0.99375,0.984375,1.0,318,2.0,0.0,0.0,0.0,2.0,,0.0,0.00625,0.09841123940423131,-1.9499841055408302,2.1468065843492927,-0.11634013226810458,,,,,,,,,,,,,,,,,,,,,,,,,,,,,,
CRO,kmer,GPS,S_vs_NS,320,,,,,,,,,,318,,,,,,,,,,,,,2.0,1.0,294.0,24.0,1.0,0.921875,0.890625,0.95,0.5,0.0,1.0,0.9245283018867925,0.8934169278996865,0.952685108029284,0.04,0.0,0.125,0.9966101694915255,0.9896551724137931,1.0,0.07407407407407407,0.0,0.240060606060606,0.979559748427673,0.949685534591195,0.9968652037617556,0.24358974358974358,0.07,1.0,
CRO,typing,All,MIC_regression,927,0.6731391585760518,0.6418554476806904,0.703344120819849,0.40129449838187703,0.3710895361380798,0.4336839266450917,0.8047464940668824,0.7799352750809061,0.8295577130528586,746,53.0,128.0,128.0,0.0,53.0,1.0,0.0,0.05717367853290183,-0.7988881536929224,-4.007481048929296,2.409704741543451,-0.12983275349275436,,,,,,,,,,,,,,,,,,,,,,,,,,,,,,
CRO,typing,All,S_vs_NS,927,,,,,,,,,,746,,,,,,,,,,,,,181.0,107.0,642.0,104.0,74.0,0.807982740021575,0.7831715210355987,0.8328209277238403,0.5911602209944752,0.5142738752959747,0.6590940832910106,0.8605898123324397,0.8353206094540756,0.8860244233378561,0.5071090047393365,0.44498611111111114,0.5693087071865081,0.8966480446927374,0.8728551397303108,0.9186592649986759,0.5459183673469388,0.4893292510864044,0.6027466097611344,0.7814680135677573,0.7395357391387553,0.821129680825608,0.5024947540725739,0.4348855316779091,0.5680302797052357,
CRO,typing,Domestic,MIC_regression,607,0.5617792421746294,0.5238879736408567,0.6013591433278419,0.23228995057660626,0.19769357495881384,0.2652388797364086,0.7051070840197694,0.6704695222405271,0.7397034596375618,428,51.0,128.0,128.0,0.0,51.0,1.0,0.0,0.08401976935749589,-1.354525116562254,-4.502153537611908,1.7931033044873994,-0.7443225882579239,,,,,,,,,,,,,,,,,,,,,,,,,,,,,,
CRO,typing,Domestic,S_vs_NS,607,,,,,,,,,,428,,,,,,,,,,,,,179.0,105.0,331.0,97.0,74.0,0.7182866556836903,0.6820428336079077,0.7528830313014827,0.5865921787709497,0.5113636363636364,0.6621725252860222,0.7733644859813084,0.7343957157214951,0.8130825485389924,0.5198019801980198,0.45250764998175236,0.5870705993840322,0.817283950617284,0.7823782896424357,0.8520532248325042,0.5511811023622047,0.49299318581300716,0.6080802948306683,0.7276405784994517,0.6860221134457183,0.7708981667508479,0.5310448922156368,0.46079038882917295,0.6027007550582911,
CRO,typing,GPS,MIC_regression,320,0.884375,0.846875,0.915625,0.721875,0.671875,0.76875,0.99375,0.984375,1.0,318,2.0,0.0,0.0,0.0,2.0,,0.0,0.00625,0.2550857102498412,-1.872311609146464,2.3824830296461466,-0.25961943290192124,,,,,,,,,,,,,,,,,,,,,,,,,,,,,,
CRO,typing,GPS,S_vs_NS,320,,,,,,,,,,318,,,,,,,,,,,,,2.0,2.0,311.0,7.0,0.0,0.978125,0.9625,0.99375,1.0,1.0,1.0,0.9779874213836478,0.959375,0.9936908517350158,0.2222222222222222,0.0,0.5457070707070705,1.0,1.0,1.0,0.36363636363636365,0.0,0.7142857142857143,0.9937106918238994,0.9796238244514107,1.0,0.625,0.1111111111111111,1.0,
CRO,combined,All,MIC_regression,927,0.7961165048543689,0.7669902912621359,0.819848975188781,0.48975188781014023,0.45738942826321466,0.5199838187702265,0.7864077669902912,0.7605177993527508,0.8112189859762675,746,53.0,128.0,108.0,0.0,90.0,0.84375,0.0,0.0970873786407767,-0.25672638556742167,-2.5370980939460877,2.0236453228112445,0.516717659068263,,,,,,,,,,,,,,,,,,,,,,,,,,,,,,
CRO,combined,All,S_vs_NS,927,,,,,,,,,,746,,,,,,,,,,,,,181.0,153.0,572.0,174.0,28.0,0.7820927723840345,0.7540453074433657,0.8058522114347356,0.8453038674033149,0.7954211229946524,0.89334375,0.7667560321715817,0.7357985361557711,0.7976035920360154,0.46788990825688076,0.4148495244470477,0.5205894024276377,0.9533333333333334,0.9343378890253891,0.9703483984061158,0.6023622047244095,0.5507769009362348,0.6477368742092897,0.809103431931628,0.778209533666407,0.8375326659792667,0.45311685403407137,0.386291962721776,0.5296333001811792,
CRO,combined,Domestic,MIC_regression,607,0.7397034596375618,0.7051070840197694,0.7726523887973641,0.3756177924217463,0.3393739703459638,0.41515650741350907,0.6754530477759473,0.6408566721581549,0.71334431630972,428,51.0,128.0,108.0,0.0,89.0,0.84375,0.0,0.14662273476112025,-0.3823759197495276,-2.7866613399774978,2.021909500478442,0.34789619746373446,,,,,,,,,,,,,,,,,,,,,,,,,,,,,,
CRO,combined,Domestic,S_vs_NS,607,,,,,,,,,,428,,,,,,,,,,,,,179.0,151.0,263.0,165.0,28.0,0.6820428336079077,0.6457990115321252,0.7182866556836903,0.8435754189944135,0.7903158973445018,0.8938613210647387,0.6144859813084113,0.5724633378085304,0.6591610144241723,0.4778481012658228,0.4220651897122485,0.5355990284597919,0.9037800687285223,0.8698521071459734,0.9344939773264053,0.6101010101010101,0.5541554752066116,0.6573303616578952,0.6951521954785151,0.6508699306122117,0.737700809502145,0.46124562158939764,0.39618455897468535,0.5406226350980146,
CRO,combined,GPS,MIC_regression,320,0.903125,0.86875,0.9344531249999999,0.70625,0.659375,0.75625,0.996875,0.990625,1.0,318,2.0,0.0,0.0,0.0,1.0,,0.0,0.003125,-0.01838492541573942,-1.9624326835819763,1.9256628327504977,0.003019569357498031,,,,,,,,,,,,,,,,,,,,,,,,,,,,,,
CRO,combined,GPS,S_vs_NS,320,,,,,,,,,,318,,,,,,,,,,,,,2.0,2.0,309.0,9.0,0.0,0.971875,0.953125,0.9875,1.0,1.0,1.0,0.9716981132075472,0.9525202713632871,0.987460815047022,0.18181818181818182,0.0,0.42857142857142855,1.0,1.0,1.0,0.3076923076923077,0.0,0.6156249999999999,0.9921383647798743,0.9749216300940438,1.0,0.6428571428571428,0.125,1.0,
ERY,kmer,All,MIC_regression,927,0.8230852211434736,0.7971952535059331,0.8468176914778857,0.5598705501618123,0.5285868392664509,0.5889967637540453,0.9439050701186623,0.9277238403451996,0.9579288025889967,293,5.0,629.0,15.0,23.0,14.0,0.02384737678855326,0.07849829351535836,0.015102481121898598,-0.022006255796554918,-2.7122619666275165,2.668249455034407,0.8236693546002003,,,,,,,,,,,,,,,,,,,,,,,,,,,,,,
ERY,kmer,All,S_vs_NS,927,,,,,,,,,,293,,,,,,,,,,,,,634.0,608.0,285.0,8.0,26.0,0.9633225458468176,0.9514563106796117,0.9751887810140237,0.9589905362776026,0.942457231726283,0.9744010223642173,0.9726962457337884,0.9538980759778105,0.9899015151515151,0.987012987012987,0.9779527559055118,0.9951534733441034,0.9163987138263665,0.8847322070452911,0.9450690548122572,0.9728,0.9629002244493162,0.9805840901973066,0.9825717854028274,0.9711284628059391,0.9921077363884836,0.9879537109244347,0.9770886789919541,0.9958602817608513,
ERY,kmer,Domestic,MIC_regression,607,0.8500823723228995,0.8204283360790774,0.8780889621087314,0.5617792421746294,0.5205930807248764,0.5996705107084019,0.9802306425041186,0.9686985172981878,0.9901153212520593,10,5.0,592.0,0.0,6.0,6.0,0.0,0.6,0.009884678747940691,-0.16337015048970502,-2.613888809289837,2.287148508310427,-0.21653117444778114,,,,,,,,,,,,,,,,,,,,,,,,,,,,,,
ERY,kmer,Domestic,S_vs_NS,607,,,,,,,,,,10,,,,,,,,,,,,,597.0,592.0,5.0,5.0,5.0,0.9835255354200988,0.9719934102141681,0.9917627677100495,0.9916247906197655,0.9831932773109243,0.998324958123953,0.5,0.18143939393939396,0.8181818181818182,0.9916247906197655,0.9848484848484849,0.9983193982290903,0.5,0.16666666666666666,0.8181818181818182,0.9916247906197655,0.9857022708158116,0.9966556579806924,0.8222780569514238,0.6171780620273083,0.984172619047619,0.9947599494222675,0.9861709922947811,0.9997998382541287,
ERY,kmer,GPS,MIC_regression,320,0.771875,0.725,0.81875,0.55625,0.503125,0.60625,0.875,0.840625,0.909375,283,0.0,37.0,15.0,17.0,8.0,0.40540540540540543,0.06007067137809187,0.025,0.24614338194951416,-2.7834160328536326,3.275702796752661,-0.04176552496120434,,,,,,,,,,,,,,,,,,,,,,,,,,,,,,
ERY,kmer,GPS,S_vs_NS,320,,,,,,,,,,283,,,,,,,,,,,,,37.0,16.0,280.0,3.0,21.0,0.925,0.896875,0.953125,0.43243243243243246,0.2748817567567568,0.5937711148648649,0.9893992932862191,0.9754385964912281,1.0,0.8421052631578947,0.6666666666666666,1.0,0.9302325581395349,0.9016323742611799,0.9568142065081077,0.5714285714285714,0.4,0.7242163009404388,0.8992932862190813,0.8430763082404396,0.9455341368960288,0.5836426826150258,0.4215400846917528,0.7788951864306617,
ERY,typing,All,MIC_regression,927,0.4638619201725998,0.4325782092772384,0.49838187702265374,0.06040992448759439,0.04635922330097088,0.07659115426105717,0.6871628910463862,0.656957928802589,0.7152103559870551,293,5.0,629.0,26.0,240.0,24.0,0.04133545310015898,0.8191126279863481,0.025889967637540454,0.40161555615869604,-5.2304141560285125,6.033645268345905,0.21228387047645114,,,,,,,,,,,,,,,,,,,,,,,,,,,,,,
ERY,typing,All,S_vs_NS,927,,,,,,,,,,293,,,,,,,,,,,,,634.0,275.0,275.0,18.0,359.0,0.593311758360302,0.5641585760517799,0.6235167206040992,0.43375394321766564,0.3968675884525661,0.47154501971666424,0.9385665529010239,0.9079365079365079,0.9647519841269842,0.9385665529010239,0.9108910891089109,0.965520203815618,0.43375394321766564,0.3965230919035701,0.4729761802942183,0.593311758360302,0.5554254756530151,0.6294424258616084,0.7827031362711426,0.7503027382892297,0.815958786546799,0.8650451834618119,0.8363720602402125,0.8924076817083837,
ERY,typing,Domestic,MIC_regression,607,0.6161449752883031,0.5749588138385503,0.657331136738056,0.0757825370675453,0.054365733113673806,0.09719934102141681,0.9357495881383855,0.914332784184514,0.9522652388797365,10,5.0,592.0,21.0,9.0,9.0,0.03547297297297297,0.9,0.014827018121911038,-1.2179851235953794,-4.429136305046017,1.993166057855258,-2.1908127396711903,,,,,,,,,,,,,,,,,,,,,,,,,,,,,,
ERY,typing,Domestic,S_vs_NS,607,,,,,,,,,,10,,,,,,,,,,,,,597.0,271.0,7.0,3.0,326.0,0.45799011532125206,0.41680395387149916,0.4975288303130148,0.4539363484087102,0.4153930186047293,0.490808557839364,0.7,0.375,1.0,0.9890510948905109,0.9746330529990479,1.0,0.021021021021021023,0.006134500290801298,0.037037037037037035,0.6222732491389208,0.5842094161675396,0.6592427616926503,0.6090452261306534,0.3847229085627474,0.8205119192221724,0.985267905529337,0.9705089639662223,0.9974088653162698,
ERY,typing,GPS,MIC_regression,320,0.175,0.134375,0.215625,0.03125,0.015625,0.05,0.215625,0.171875,0.2625,283,0.0,37.0,5.0,231.0,15.0,0.13513513513513514,0.8162544169611308,0.046875,3.473795595567208,-0.6422466211157154,7.589837812250131,-6.02258161423158,,,,,,,,,,,,,,,,,,,,,,,,,,,,,,
ERY,typing,GPS,S_vs_NS,320,,,,,,,,,,283,,,,,,,,,,,,,37.0,4.0,268.0,15.0,33.0,0.85,0.809375,0.890625,0.10810810810810811,0.024984756097560977,0.21621621621621623,0.9469964664310954,0.9215017064846417,0.9703890894504612,0.21052631578947367,0.045454545454545456,0.4,0.8903654485049833,0.8547191023805262,0.9235943653604982,0.14285714285714285,0.03331967213114754,0.2759099616858237,0.5881004679591252,0.4975103928426397,0.6763067586071987,0.14926350631879876,0.10159952797239723,0.22946808704734725,
ERY,combined,All,MIC_regression,927,0.8327939590075513,0.8079557713052858,0.8554746494066882,0.5361380798274002,0.5037486515641855,0.5674487594390506,0.9395900755124056,0.9234088457389428,0.9546925566343042,293,5.0,629.0,13.0,16.0,27.0,0.02066772655007949,0.05460750853242321,0.02912621359223301,-0.15654721614998135,-2.769830756244829,2.4567363239448667,0.8313623470560508,,,,,,,,,,,,,,,,,,,,,,,,,,,,,,
ERY,combined,All,S_vs_NS,927,,,,,,,,,,293,,,,,,,,,,,,,634.0,614.0,282.0,11.0,20.0,0.9665587918015103,0.9546925566343042,0.9773462783171522,0.9684542586750788,0.9543307086614173,0.9815668202764977,0.962457337883959,0.9365628790675598,0.9829960700496415,0.9824,0.9717596226665414,0.9917501910289551,0.9337748344370861,0.9024350520378168,0.961268173557474,0.9753772835583797,0.9661991070966303,0.9832981566015522,0.977643436224847,0.9636604309699766,0.9889540697319996,0.9811143314175225,0.9647369772910174,0.9939938568683714,
ERY,combined,Domestic,MIC_regression,607,0.8665568369028006,0.8401976935749588,0.8913097199341021,0.5172981878088962,0.47775947281713343,0.5601317957166392,0.9802306425041186,0.9686985172981878,0.9901153212520593,10,5.0,592.0,0.0,5.0,7.0,0.0,0.5,0.011532125205930808,-0.3273775235824962,-2.6208156239558065,1.966060576790814,-0.12979346009614567,,,,,,,,,,,,,,,,,,,,,,,,,,,,,,
ERY,combined,Domestic,S_vs_NS,607,,,,,,,,,,10,,,,,,,,,,,,,597.0,596.0,3.0,7.0,1.0,0.9868204283360791,0.9769357495881383,0.9950576606260296,0.998324958123953,0.9949234269561246,1.0,0.3,0.0,0.625,0.988391376451078,0.979999165275459,0.995049504950495,0.75,0.0,1.0,0.9933333333333333,0.9882747068676717,0.9975103734439834,0.7515912897822445,0.5316525484565686,0.947073959910592,0.9910279526975116,0.9774070706795063,0.9993722795038468,
ERY,combined,GPS,MIC_regression,320,0.76875,0.721875,0.8125,0.571875,0.521875,0.621875,0.8625,0.825,0.8969531249999999,283,0.0,37.0,13.0,11.0,20.0,0.35135135135135137,0.038869257950530034,0.0625,0.16749652326107026,-2.86796714290981,3.2029601894319506,-0.03185280930610612,,,,,,,,,,,,,,,,,,,,,,,,,,,,,,
ERY,combined,GPS,S_vs_NS,320,,,,,,,,,,283,,,,,,,,,,,,,37.0,18.0,279.0,4.0,19.0,0.928125,0.9,0.9532031249999999,0.4864864864864865,0.3157518796992481,0.6410714285714286,0.9858657243816255,0.9705476673427992,0.9965397923875432,0.8181818181818182,0.625,0.9565670289855073,0.9362416107382551,0.9087834874348032,0.9630903346726224,0.6101694915254238,0.4443333333333333,0.7419354838709677,0.8697354598414669,0.8068952522929814,0.9236912977167223,0.5535426623350056,0.40204615346154465,0.7438440408879963,
CLI,kmer,All,MIC_regression,927,0.8090614886731392,0.7842502696871629,0.8327939590075513,0.41423948220064727,0.3807982740021575,0.44555016181229773,0.9277238403451996,0.9104368932038834,0.9439050701186623,343,5.0,579.0,1.0,47.0,19.0,0.0017271157167530224,0.13702623906705538,0.020496224379719527,-0.20810860871239903,-3.2531765570760656,2.836959339651268,0.7827818499354597,,,,,,,,,,,,,,,,,,,,,,,,,,,,,,
CLI,kmer,All,S_vs_NS,927,,,,,,,,,,343,,,,,,,,,,,,,584.0,583.0,306.0,37.0,1.0,0.9590075512405609,0.9449838187702265,0.970873786407767,0.9982876712328768,0.9946900301261533,1.0,0.892128279883382,0.857903981264637,0.9239444856272135,0.9403225806451613,0.9211779858209013,0.9573862849226507,0.996742671009772,0.9900332225913622,1.0,0.96843853820598,0.9583966563793732,0.9783485690115512,0.960314409521147,0.944897211468159,0.974690598024071,0.9648475507748817,0.946774189944934,0.9804798586259021,
CLI,kmer,Domestic,MIC_regression,607,0.7891268533772653,0.7594728171334432,0.8220757825370676,0.32784184514003295,0.2899093904448105,0.3641268533772652,0.9275123558484349,0.9060955518945635,0.9472817133443163,39,5.0,563.0,0.0,34.0,10.0,0.0,0.8717948717948718,0.016474464579901153,-0.382244762910846,-3.6380825479664027,2.8735930221447106,-0.2030203244099491,,,,,,,,,,,,,,,,,,,,,,,,,,,,,,
CLI,kmer,Domestic,S_vs_NS,607,,,,,,,,,,39,,,,,,,,,,,,,568.0,568.0,5.0,34.0,0.0,0.943986820428336,0.9258649093904449,0.9604612850082372,1.0,1.0,1.0,0.1282051282051282,0.03125,0.2413793103448276,0.9435215946843853,0.9235880398671097,0.9601990049751243,1.0,1.0,1.0,0.9709401709401709,0.9611734253666955,0.9804587935429057,0.698153665583243,0.6031502601793095,0.7887397984356502,0.9679172875805373,0.9508216627863553,0.9814926809437879,
CLI,kmer,GPS,MIC_regression,320,0.846875,0.80625,0.8875,0.578125,0.525,0.634453125,0.928125,0.9,0.953125,304,0.0,16.0,1.0,13.0,9.0,0.0625,0.04276315789473684,0.028125,0.12220590878278018,-2.3549945869950166,2.599406404560577,-0.6296255032964917,,,,,,,,,,,,,,,,,,,,,,,,,,,,,,
CLI,kmer,GPS,S_vs_NS,320,,,,,,,,,,304,,,,,,,,,,,,,16.0,15.0,301.0,3.0,1.0,0.9875,0.975,0.996875,0.9375,0.7997916666666667,1.0,0.9901315789473685,0.9772708765176192,1.0,0.8333333333333334,0.6363636363636364,1.0,0.9966887417218543,0.98989898989899,1.0,0.8823529411764706,0.7498214285714285,0.9777777777777777,0.951891447368421,0.848015873015873,0.9988008025956284,0.7790599973963945,0.5668502050314357,0.9703316955480416,
CLI,typing,All,MIC_regression,927,0.2686084142394822,0.23948220064724918,0.2977615965480043,0.022653721682847898,0.014023732470334413,0.032362459546925564,0.6256742179072277,0.593311758360302,0.656957928802589,343,5.0,579.0,24.0,288.0,35.0,0.04145077720207254,0.8396501457725948,0.037756202804746494,0.2608882507556465,-5.6413092246129235,6.163085726124216,0.1923022973736861,,,,,,,,,,,,,,,,,,,,,,,,,,,,,,
CLI,typing,All,S_vs_NS,927,,,,,,,,,,343,,,,,,,,,,,,,584.0,290.0,308.0,35.0,294.0,0.645091693635383,0.6148867313915858,0.6731391585760518,0.4965753424657534,0.45516855727752037,0.5396181348904121,0.8979591836734694,0.8636260016579166,0.9300360014135524,0.8923076923076924,0.857984462667242,0.9237812137049942,0.5116279069767442,0.47357945964087933,0.5512858347386173,0.6380638063806381,0.5990694779368012,0.6710160845223169,0.7845710691321538,0.7539665838536106,0.8145001749387715,0.8427840856624641,0.8124948078072894,0.872413252454203,
CLI,typing,Domestic,MIC_regression,607,0.32784184514003295,0.2932454695222405,0.3657331136738056,0.023064250411861616,0.011532125205930808,0.036243822075782535,0.8632619439868204,0.8352553542009885,0.8912685337726524,39,5.0,563.0,23.0,38.0,22.0,0.04085257548845471,0.9743589743589743,0.036243822075782535,-1.4518885881481984,-5.284409663915303,2.380632487618907,-1.4571443657895795,,,,,,,,,,,,,,,,,,,,,,,,,,,,,,
CLI,typing,Domestic,S_vs_NS,607,,,,,,,,,,39,,,,,,,,,,,,,568.0,289.0,23.0,16.0,279.0,0.514003294892916,0.47442339373970344,0.5568780889621088,0.5088028169014085,0.4647887323943662,0.5523991106584356,0.5897435897435898,0.4444444444444444,0.7428754578754578,0.9475409836065574,0.9218673406862745,0.9703995743034056,0.076158940397351,0.046045106639146884,0.10847652765388045,0.6620847651775487,0.6255776066350711,0.6970058633194002,0.5676462621885157,0.46235965582463323,0.6669110354944209,0.9451513450713457,0.9199765098612813,0.9680940002642593,
CLI,typing,GPS,MIC_regression,320,0.15625,0.115625,0.196875,0.021875,0.00625,0.040625,0.175,0.134375,0.21875,304,0.0,16.0,1.0,250.0,13.0,0.0625,0.8223684210526315,0.040625,3.5098118170513772,0.17843795039790988,6.841185683704845,-14.409492222179162,,,,,,,,,,,,,,,,,,,,,,,,,,,,,,
CLI,typing,GPS,S_vs_NS,320,,,,,,,,,,304,,,,,,,,,,,,,16.0,1.0,285.0,19.0,15.0,0.89375,0.859375,0.925,0.0625,0.0,0.21428571428571427,0.9375,0.9105960264900662,0.9644041653617288,0.05,0.0,0.17397698209718665,0.95,0.9245714363261318,0.9735995310057322,0.05555555555555555,0.0,0.16666666666666666,0.7032277960526315,0.5791652713065426,0.8145576569264069,0.09533402510397848,0.05132191811208663,0.17057225565915654,
CLI,combined,All,MIC_regression,927,0.8381877022653722,0.8144282632146709,0.8608683926645091,0.27939590075512405,0.25026968716289105,0.30962783171521036,0.9406688241639698,0.9266181229773462,0.9546925566343042,343,5.0,579.0,1.0,43.0,11.0,0.0017271157167530224,0.12536443148688048,0.011866235167206042,-0.3009165374631466,-3.2492088923800084,2.6473758174537148,0.7919485987366395,,,,,,,,,,,,,,,,,,,,,,,,,,,,,,
CLI,combined,All,S_vs_NS,927,,,,,,,,,,343,,,,,,,,,,,,,584.0,583.0,306.0,37.0,1.0,0.9590075512405609,0.9460625674217907,0.9719525350593312,0.9982876712328768,0.9947271273281818,1.0,0.892128279883382,0.8584891452602864,0.9244240815638692,0.9403225806451613,0.9200636215334421,0.9588172200084942,0.996742671009772,0.9897233611413945,1.0,0.96843853820598,0.9574617954765031,0.9779242138669845,0.9643081792403851,0.9502409381552692,0.9766172689856942,0.9725682667805373,0.9616577562215958,0.9833942895806532,
CLI,combined,Domestic,MIC_regression,607,0.8204283360790774,0.7890856672158155,0.8517298187808896,0.1614497528830313,0.13179571663920922,0.1927512355848435,0.929159802306425,0.9077429983525536,0.9489291598023064,39,5.0,563.0,0.0,34.0,9.0,0.0,0.8717948717948718,0.014827018121911038,-0.5220287725501241,-3.668354407722895,2.624296862622647,-0.1798792549059729,,,,,,,,,,,,,,,,,,,,,,,,,,,,,,
CLI,combined,Domestic,S_vs_NS,607,,,,,,,,,,39,,,,,,,,,,,,,568.0,568.0,5.0,34.0,0.0,0.943986820428336,0.9258649093904449,0.9621499176276771,1.0,1.0,1.0,0.1282051282051282,0.029411764705882353,0.25,0.9435215946843853,0.9248747913188647,0.9601990049751243,1.0,1.0,1.0,0.9709401709401709,0.9604793991873237,0.9803275758513369,0.721040989526905,0.6435449735449735,0.7975319516899086,0.9744118460484935,0.9632145644524613,0.9854012352053713,
CLI,combined,GPS,MIC_regression,320,0.871875,0.8375,0.90625,0.503125,0.453125,0.553125,0.9625,0.940625,0.98125,304,0.0,16.0,1.0,9.0,2.0,0.0625,0.029605263157894735,0.00625,0.11850573346746388,-2.2034710734912415,2.4404825404261694,-0.4327314229686807,,,,,,,,,,,,,,,,,,,,,,,,,,,,,,
CLI,combined,GPS,S_vs_NS,320,,,,,,,,,,304,,,,,,,,,,,,,16.0,15.0,301.0,3.0,1.0,0.9875,0.971875,0.996875,0.9375,0.8,1.0,0.9901315789473685,0.9771223079395692,1.0,0.8333333333333334,0.6363636363636364,1.0,0.9966887417218543,0.9870529078776763,1.0,0.8823529411764706,0.7584051724137931,1.0,0.9619654605263159,0.8814937454010302,0.9993452363298102,0.8492232743728215,0.6571824127696537,0.9819583333333334,
LVX,kmer,All,MIC_regression,927,0.9935275080906149,0.9881337648327939,0.9978425026968716,0.8295577130528586,0.8058252427184466,0.8532901833872708,0.9946062567421791,0.9892125134843581,0.9989212513484358,922,3.0,2.0,2.0,0.0,3.0,1.0,0.0,0.003236245954692557,-0.043713189619369784,-0.898385953992778,0.8109595747540385,-0.2428488281375556,,,,,,,,,,,,,,,,,,,,,,,,,,,,,,
LVX,kmer,Domestic,MIC_regression,607,0.9967051070840197,0.9917627677100495,1.0,0.7512355848434926,0.7165980230642504,0.7825370675453048,0.9983525535420099,0.9950576606260296,1.0,606,0.0,1.0,1.0,0.0,0.0,1.0,0.0,0.0,-0.037871004628666556,-0.9649746095169061,0.889232600259573,-0.2809221209225592,,,,,,,,,,,,,,,,,,,,,,,,,,,,,,
LVX,kmer,GPS,MIC_regression,320,0.9875,0.975,0.996875,0.978125,0.9625,0.99375,0.9875,0.975,0.996875,316,3.0,1.0,1.0,0.0,3.0,1.0,0.0,0.009375,-0.054795084273609976,-0.7525540204200756,0.6429638518728555,-0.3417716096812451,,,,,,,,,,,,,,,,,,,,,,,,,,,,,,
LVX,typing,All,MIC_regression,927,0.9946062567421791,0.9892125134843581,0.9989212513484358,0.8716289104638619,0.8500539374325782,0.8932038834951457,0.9946062567421791,0.9892125134843581,0.9989212513484358,922,3.0,2.0,2.0,0.0,3.0,1.0,0.0,0.003236245954692557,0.05478239090492328,-0.728768581315446,0.8383333631252926,-0.05364478834138864,,,,,,,,,,,,,,,,,,,,,,,,,,,,,,
LVX,typing,Domestic,MIC_regression,607,0.9983525535420099,0.9950576606260296,1.0,0.8171334431630972,0.785831960461285,0.8434925864909391,0.9983525535420099,0.9950576606260296,1.0,606,0.0,1.0,1.0,0.0,0.0,1.0,0.0,0.0,0.10161884687994369,-0.7346269541005683,0.9378646478604558,-0.09434923671088136,,,,,,,,,,,,,,,,,,,,,,,,,,,,,,
LVX,typing,GPS,MIC_regression,320,0.9875,0.975,0.996875,0.975,0.95625,0.990625,0.9875,0.975,0.996875,316,3.0,1.0,1.0,0.0,3.0,1.0,0.0,0.009375,-0.03406051152269356,-0.6722429176165712,0.6041218945711841,-0.10840455323003995,,,,,,,,,,,,,,,,,,,,,,,,,,,,,,
LVX,combined,All,MIC_regression,927,0.9935275080906149,0.9881337648327939,0.9978425026968716,0.8640776699029126,0.8414239482200647,0.8856526429341963,0.9946062567421791,0.9892125134843581,0.9989212513484358,922,3.0,2.0,2.0,0.0,3.0,1.0,0.0,0.003236245954692557,-0.022468232419152172,-0.8191882973044009,0.7742518324660965,-0.07252911851369004,,,,,,,,,,,,,,,,,,,,,,,,,,,,,,
LVX,combined,Domestic,MIC_regression,607,0.9967051070840197,0.9917627677100495,1.0,0.8056013179571664,0.7726523887973641,0.8385502471169687,0.9983525535420099,0.9950576606260296,1.0,606,0.0,1.0,1.0,0.0,0.0,1.0,0.0,0.0,-0.0032747245482491294,-0.8472879215886452,0.8407384724921468,-0.05489743892118226,,,,,,,,,,,,,,,,,,,,,,,,,,,,,,
LVX,combined,GPS,MIC_regression,320,0.9875,0.975,0.996875,0.975,0.95625,0.990625,0.9875,0.975,0.996875,316,3.0,1.0,1.0,0.0,3.0,1.0,0.0,0.009375,-0.05887591766177138,-0.7528101940628711,0.6350583587393284,-0.3322551423193396,,,,,,,,,,,,,,,,,,,,,,,,,,,,,,
MFX,kmer,All,MIC_regression,927,0.9870550161812298,0.9784250269687162,0.9935275080906149,0.6601941747572816,0.627831715210356,0.6893473570658036,0.9978425026968716,0.9946062567421791,1.0,925,2.0,0.0,0.0,0.0,2.0,,0.0,0.002157497303128371,-0.0693843760793906,-1.3554459937070855,1.2166772415483043,-0.17304677766599297,,,,,,,,,,,,,,,,,,,,,,,,,,,,,,
MFX,kmer,Domestic,MIC_regression,607,0.9950576606260296,0.9884678747940692,1.0,0.6803953871499177,0.642504118616145,0.7166392092257001,0.9983525535420099,0.9950576606260296,1.0,606,1.0,0.0,0.0,0.0,1.0,,0.0,0.0016474464579901153,-0.09261978202832394,-1.346143936591862,1.1609043725352142,-0.20628882968539553,,,,,,,,,,,,,,,,,,,,,,,,,,,,,,
MFX,kmer,GPS,MIC_regression,320,0.971875,0.953125,0.9875,0.621875,0.571875,0.678125,0.996875,0.9875,1.0,319,1.0,0.0,0.0,0.0,1.0,,0.0,0.003125,-0.025309715420007706,-1.3686939122778403,1.318074481437825,-0.168826155990226,,,,,,,,,,,,,,,,,,,,,,,,,,,,,,
MFX,typing,All,MIC_regression,927,0.9881337648327939,0.9805825242718447,0.9946062567421791,0.6494066882416397,0.6202535059331176,0.6796116504854369,0.9978425026968716,0.9946062567421791,1.0,925,2.0,0.0,0.0,0.0,2.0,,0.0,0.002157497303128371,-0.07700579310440837,-1.3030213821203689,1.1490097959115522,-0.07025891135066353,,,,,,,,,,,,,,,,,,,,,,,,,,,,,,
MFX,typing,Domestic,MIC_regression,607,0.9950576606260296,0.9900741350906095,1.0,0.6441515650741351,0.6062191103789126,0.6820428336079077,0.9983525535420099,0.9950576606260296,1.0,606,1.0,0.0,0.0,0.0,1.0,,0.0,0.0016474464579901153,-0.04663171917445577,-1.2449517081836496,1.151688269834738,-0.08599029288655724,,,,,,,,,,,,,,,,,,,,,,,,,,,,,,
MFX,typing,GPS,MIC_regression,320,0.975,0.95625,0.990625,0.659375,0.60625,0.715625,0.996875,0.990625,1.0,319,1.0,0.0,0.0,0.0,1.0,,0.0,0.003125,-0.1346216145902872,-1.4057790327119537,1.1365358035313793,-0.09026257364749402,,,,,,,,,,,,,,,,,,,,,,,,,,,,,,
MFX,combined,All,MIC_regression,927,0.9881337648327939,0.9805825242718447,0.9946062567421791,0.651564185544768,0.6202804746494067,0.6806903991370011,0.9978425026968716,0.9946062567421791,1.0,925,2.0,0.0,0.0,0.0,2.0,,0.0,0.002157497303128371,-0.014882578947526095,-1.263292362513425,1.2335272046183725,-0.09372708163435783,,,,,,,,,,,,,,,,,,,,,,,,,,,,,,
MFX,combined,Domestic,MIC_regression,607,0.9967051070840197,0.9917627677100495,1.0,0.6589785831960461,0.6227347611202636,0.6936161449752883,0.9983525535420099,0.9950576606260296,1.0,606,1.0,0.0,0.0,0.0,1.0,,0.0,0.0016474464579901153,0.009157354395707711,-1.200128097558618,1.2184428063500334,-0.099791903591119,,,,,,,,,,,,,,,,,,,,,,,,,,,,,,
MFX,combined,GPS,MIC_regression,320,0.971875,0.953125,0.9875,0.6375,0.5875,0.684375,0.996875,0.990625,1.0,319,1.0,0.0,0.0,0.0,1.0,,0.0,0.003125,-0.060483327507972716,-1.3772370710896138,1.2562704160736682,-0.1305292625351644,,,,,,,,,,,,,,,,,,,,,,,,,,,,,,
SXT,kmer,All,MIC_regression,927,0.6418554476806904,0.6094929881337648,0.6731391585760518,0.31283710895361383,0.2826321467098166,0.343042071197411,0.7572815533980582,0.7292071197411003,0.784277238403452,410,52.0,465.0,29.0,15.0,181.0,0.06236559139784946,0.036585365853658534,0.19525350593311758,-0.15963939383390893,-3.367937294234425,3.048658506566607,0.6125859266277505,,,,,,,,,,,,,,,,,,,,,,,,,,,,,,
SXT,kmer,All,S_vs_NS,927,,,,,,,,,,410,,,,,,,,,,,,,517.0,451.0,365.0,45.0,66.0,0.8802588996763754,0.8576051779935275,0.9007551240560949,0.8723404255319149,0.8426051430896709,0.9006212913626593,0.8902439024390244,0.8585055835928272,0.9182768765903307,0.9092741935483871,0.8818688686432115,0.9354855475823217,0.8468677494199536,0.8132626945126945,0.8785080754922421,0.8904244817374136,0.8701027813249448,0.9090909090909091,0.9366679247063264,0.9177989083238086,0.9521306281329167,0.9370117324506719,0.9145560790956749,0.957029978720962,
SXT,kmer,Domestic,MIC_regression,607,0.5074135090609555,0.467833607907743,0.5485996705107083,0.18780889621087316,0.15650741350906094,0.21915156507413505,0.6902800658978583,0.6572899505766062,0.7265238879736409,142,47.0,418.0,28.0,14.0,146.0,0.06698564593301436,0.09859154929577464,0.24052718286655683,-0.29522592355259364,-3.994090524643764,3.4036386775385763,0.4099066502352655,,,,,,,,,,,,,,,,,,,,,,,,,,,,,,
SXT,kmer,Domestic,S_vs_NS,607,,,,,,,,,,142,,,,,,,,,,,,,465.0,422.0,100.0,42.0,43.0,0.8599670510708401,0.8319604612850082,0.8847199341021417,0.9075268817204301,0.8789794635971552,0.9336220578912136,0.704225352112676,0.6277104622871046,0.7770281029437079,0.9094827586206896,0.8830869941811398,0.9356257639393076,0.6993006993006993,0.6233766233766234,0.7681159420289855,0.9085037674919269,0.8876886904663767,0.9265227360361353,0.8537710131758293,0.8156257603799263,0.8887549995965366,0.9414490212623321,0.9184710837864363,0.9618354748892269,
SXT,kmer,GPS,MIC_regression,320,0.896875,0.8625,0.928125,0.55,0.49375,0.60625,0.884375,0.85,0.91875,268,5.0,47.0,1.0,1.0,35.0,0.02127659574468085,0.0037313432835820895,0.109375,0.09755130472622113,-1.7730660812738523,1.9681686907262945,0.7087021545218171,,,,,,,,,,,,,,,,,,,,,,,,,,,,,,
SXT,kmer,GPS,S_vs_NS,320,,,,,,,,,,268,,,,,,,,,,,,,52.0,29.0,265.0,3.0,23.0,0.91875,0.884375,0.946875,0.5576923076923077,0.4230555555555556,0.6982135688478521,0.9888059701492538,0.9744454844183478,1.0,0.90625,0.7998863636363637,1.0,0.9201388888888888,0.8877532534753032,0.9489795918367347,0.6904761904761905,0.5674809424809425,0.8045977011494253,0.9696469575200919,0.9252793683617803,0.994731184339888,0.9012052417880291,0.7963955570197231,0.9772655104761692,
SXT,typing,All,MIC_regression,927,0.2815533980582524,0.2534789644012945,0.30962783171521036,0.04854368932038835,0.034519956850053934,0.06151564185544765,0.2513484358144552,0.22327400215749732,0.2783171521035599,410,52.0,465.0,47.0,47.0,600.0,0.1010752688172043,0.11463414634146342,0.6472491909385113,-0.4055169708012104,-5.398262442384278,4.587228500781857,0.047050607076330464,,,,,,,,,,,,,,,,,,,,,,,,,,,,,,
SXT,typing,All,S_vs_NS,927,,,,,,,,,,410,,,,,,,,,,,,,517.0,317.0,332.0,78.0,200.0,0.7001078748651565,0.6699029126213593,0.7281553398058253,0.6131528046421664,0.5716913746630727,0.651828597158295,0.8097560975609757,0.7723946788073071,0.8468990875974923,0.8025316455696202,0.7641271341271342,0.8430557753164557,0.6240601503759399,0.5819192324407448,0.663094161390815,0.6951754385964912,0.6604931288101035,0.7289949126290027,0.6671722413549087,0.6274806641060132,0.7019140406253234,0.6793608724562509,0.6365842709897698,0.7231892366258872,
SXT,typing,Domestic,MIC_regression,607,0.18945634266886327,0.15980230642504117,0.21911037891268534,0.047775947281713346,0.032948929159802305,0.0642504118616145,0.14332784184514002,0.11532125205930807,0.17298187808896212,142,47.0,418.0,34.0,27.0,459.0,0.08133971291866028,0.19014084507042253,0.7561779242174629,-1.184245769887291,-6.080407748385376,3.7119162086107944,-0.2363856204407062,,,,,,,,,,,,,,,,,,,,,,,,,,,,,,
SXT,typing,Domestic,S_vs_NS,607,,,,,,,,,,142,,,,,,,,,,,,,465.0,308.0,91.0,51.0,157.0,0.657331136738056,0.6194398682042833,0.6985172981878089,0.6623655913978495,0.6219225359648989,0.7061437541592912,0.6408450704225352,0.5615322580645161,0.7166076587548857,0.8579387186629527,0.8235208866155157,0.8918148411569464,0.36693548387096775,0.3,0.4267556229601248,0.7475728155339806,0.7123235782482358,0.7813708141321045,0.6034151143419657,0.543404455042273,0.6593289009043782,0.8065238033221066,0.7664145023611767,0.8481173979295612,
SXT,typing,GPS,MIC_regression,320,0.45625,0.403125,0.509375,0.05,0.028125,0.075,0.45625,0.406171875,0.509375,268,5.0,47.0,13.0,20.0,141.0,0.2765957446808511,0.07462686567164178,0.440625,1.071634219965199,-2.667169115446395,4.810437555376793,-0.5161978026182434,,,,,,,,,,,,,,,,,,,,,,,,,,,,,,
SXT,typing,GPS,S_vs_NS,320,,,,,,,,,,268,,,,,,,,,,,,,52.0,9.0,241.0,27.0,43.0,0.78125,0.734375,0.825,0.17307692307692307,0.08163265306122448,0.2830188679245283,0.8992537313432836,0.8619143474357536,0.9350204618733982,0.25,0.10808397683397684,0.4001063829787233,0.8485915492957746,0.8063352868073493,0.8893077999745514,0.20454545454545456,0.08888888888888889,0.32559403437815976,0.4144302525832377,0.33032466872375094,0.5011860521112387,0.16531409523142948,0.1183408177360131,0.23287699270721143,
SXT,combined,All,MIC_regression,927,0.7335490830636462,0.7065533980582523,0.7605177993527508,0.313915857605178,0.2858683926645092,0.3430690399137001,0.7572815533980582,0.7281553398058253,0.7842502696871629,410,52.0,465.0,33.0,20.0,172.0,0.07096774193548387,0.04878048780487805,0.1855447680690399,-0.006101043296610171,-3.2030023314021285,3.1908002448089086,0.618956179345941,,,,,,,,,,,,,,,,,,,,,,,,,,,,,,
SXT,combined,All,S_vs_NS,927,,,,,,,,,,410,,,,,,,,,,,,,517.0,459.0,348.0,62.0,58.0,0.8705501618122977,0.8500539374325782,0.8921251348435815,0.8878143133462283,0.8605493784071268,0.9141262268266085,0.848780487804878,0.8138957816377171,0.8837810230024213,0.8809980806142035,0.8528784656402669,0.9063111836781461,0.8571428571428571,0.8207022144522145,0.891319036427732,0.884393063583815,0.8627761012534498,0.9059060302141484,0.9398405434731328,0.9226206390700464,0.9533723726444783,0.9418801058592545,0.9196478297690035,0.9614925909882822,
SXT,combined,Domestic,MIC_regression,607,0.6243822075782537,0.586490939044481,0.6622734761120264,0.1630971993410214,0.1350494233937397,0.19439868204283361,0.6688632619439868,0.6325782537067545,0.7084019769357496,142,47.0,418.0,31.0,18.0,152.0,0.07416267942583732,0.1267605633802817,0.2504118616144975,-0.07034591617694821,-3.8148449763576773,3.674153144003781,0.40892425875276117,,,,,,,,,,,,,,,,,,,,,,,,,,,,,,
SXT,combined,Domestic,S_vs_NS,607,,,,,,,,,,142,,,,,,,,,,,,,465.0,422.0,83.0,59.0,43.0,0.8319604612850082,0.8039126853377265,0.8632619439868204,0.9075268817204301,0.8803418803418803,0.9329007732309619,0.5845070422535211,0.5037037037037037,0.6618277310924369,0.8773388773388774,0.8490566037735849,0.9079497907949791,0.6587301587301587,0.5763791666666667,0.7395428861199652,0.8921775898520085,0.8691775786759037,0.9122861842105262,0.8638800545206724,0.8281295213407283,0.8959418982074407,0.9469423741753166,0.9244112976517374,0.9667875616032519,
SXT,combined,GPS,MIC_regression,320,0.940625,0.915546875,0.965625,0.6,0.546796875,0.65625,0.925,0.896875,0.953125,268,5.0,47.0,2.0,2.0,20.0,0.0425531914893617,0.007462686567164179,0.0625,0.11576344994828106,-1.6000236291141512,1.8315505290107135,0.753214961203719,,,,,,,,,,,,,,,,,,,,,,,,,,,,,,
SXT,combined,GPS,S_vs_NS,320,,,,,,,,,,268,,,,,,,,,,,,,52.0,37.0,265.0,3.0,15.0,0.94375,0.915625,0.96875,0.7115384615384616,0.5918135435992579,0.8269230769230769,0.9888059701492538,0.9744525547445255,1.0,0.925,0.8292508710801393,1.0,0.9464285714285714,0.9181494661921709,0.9719298245614035,0.8043478260869565,0.7026676026676028,0.8888888888888888,0.9723737083811711,0.9359358291990357,0.9945878787878788,0.906348625042087,0.8230835210269439,0.9718481889566397,
