drug,featset,task,fold,n_estimators,max_depth,learning_rate,subsample,colsample_bytree,min_child_weight
PEN,kmer,clf,0,300,4,0.1,0.8,0.5,1
PEN,kmer,reg,0,300,4,0.1,0.8,0.5,1
PEN,kmer,clf,1,300,4,0.1,0.8,0.5,1
PEN,kmer,reg,1,300,4,0.1,0.8,0.5,1
PEN,kmer,clf,2,300,4,0.1,0.8,0.5,1
PEN,kmer,reg,2,300,4,0.1,0.8,0.5,1
PEN,kmer,clf,3,300,4,0.1,0.8,0.5,1
PEN,kmer,reg,3,300,4,0.1,0.8,0.5,1
PEN,kmer,clf,4,300,4,0.1,0.8,0.5,1
PEN,kmer,reg,4,300,4,0.1,0.8,0.5,1
PEN,typing,clf,0,300,4,0.1,0.8,0.5,1
PEN,typing,reg,0,300,4,0.1,0.8,0.5,1
PEN,typing,clf,1,300,4,0.1,0.8,0.5,1
PEN,typing,reg,1,300,4,0.1,0.8,0.5,1
PEN,typing,clf,2,300,4,0.1,0.8,0.5,1
PEN,typing,reg,2,300,4,0.1,0.8,0.5,1
PEN,typing,clf,3,300,4,0.1,0.8,0.5,1
PEN,typing,reg,3,300,4,0.1,0.8,0.5,1
PEN,typing,clf,4,300,4,0.1,0.8,0.5,1
PEN,typing,reg,4,300,4,0.1,0.8,0.5,1
PEN,combined,clf,0,300,4,0.1,0.8,0.5,1
PEN,combined,reg,0,300,4,0.1,0.8,0.5,1
PEN,combined,clf,1,300,4,0.1,0.8,0.5,1
PEN,combined,reg,1,300,4,0.1,0.8,0.5,1
PEN,combined,clf,2,300,4,0.1,0.8,0.5,1
PEN,combined,reg,2,300,4,0.1,0.8,0.5,1
PEN,combined,clf,3,300,4,0.1,0.8,0.5,1
PEN,combined,reg,3,300,4,0.1,0.8,0.5,1
PEN,combined,clf,4,300,4,0.1,0.8,0.5,1
PEN,combined,reg,4,300,4,0.1,0.8,0.5,1
AMC,kmer,clf,0,300,4,0.1,0.8,0.5,1
AMC,kmer,reg,0,300,4,0.1,0.8,0.5,1
AMC,kmer,clf,1,300,4,0.1,0.8,0.5,1
AMC,kmer,reg,1,300,4,0.1,0.8,0.5,1
AMC,kmer,clf,2,300,4,0.1,0.8,0.5,1
AMC,kmer,reg,2,300,4,0.1,0.8,0.5,1
AMC,kmer,clf,3,300,4,0.1,0.8,0.5,1
AMC,kmer,reg,3,300,4,0.1,0.8,0.5,1
AMC,kmer,clf,4,300,4,0.1,0.8,0.5,1
AMC,kmer,reg,4,300,4,0.1,0.8,0.5,1
AMC,typing,clf,0,300,4,0.1,0.8,0.5,1
AMC,typing,reg,0,300,4,0.1,0.8,0.5,1
AMC,typing,clf,1,300,4,0.1,0.8,0.5,1
AMC,typing,reg,1,300,4,0.1,0.8,0.5,1
AMC,typing,clf,2,300,4,0.1,0.8,0.5,1
AMC,typing,reg,2,300,4,0.1,0.8,0.5,1
AMC,typing,clf,3,300,4,0.1,0.8,0.5,1
AMC,typing,reg,3,300,4,0.1,0.8,0.5,1
AMC,typing,clf,4,300,4,0.1,0.8,0.5,1
AMC,typing,reg,4,300,4,0.1,0.8,0.5,1
AMC,combined,clf,0,300,4,0.1,0.8,0.5,1
AMC,combined,reg,0,300,4,0.1,0.8,0.5,1
AMC,combined,clf,1,300,4,0.1,0.8,0.5,1
AMC,combined,reg,1,300,4,0.1,0.8,0.5,1
AMC,combined,clf,2,300,4,0.1,0.8,0.5,1
AMC,combined,reg,2,300,4,0.1,0.8,0.5,1
AMC,combined,clf,3,300,4,0.1,0.8,0.5,1
AMC,combined,reg,3,300,4,0.1,0.8,0.5,1
AMC,combined,clf,4,300,4,0.1,0.8,0.5,1
AMC,combined,reg,4,300,4,0.1,0.8,0.5,1
CRO,kmer,clf,0,300,4,0.1,0.8,0.5,1
CRO,kmer,reg,0,300,4,0.1,0.8,0.5,1
CRO,kmer,clf,1,300,4,0.1,0.8,0.5,1
CRO,kmer,reg,1,300,4,0.1,0.8,0.5,1
CRO,kmer,clf,2,300,4,0.1,0.8,0.5,1
CRO,kmer,reg,2,300,4,0.1,0.8,0.5,1
CRO,kmer,clf,3,300,4,0.1,0.8,0.5,1
CRO,kmer,reg,3,300,4,0.1,0.8,0.5,1
CRO,kmer,clf,4,300,4,0.1,0.8,0.5,1
CRO,kmer,reg,4,300,4,0.1,0.8,0.5,1
CRO,typing,clf,0,300,4,0.1,0.8,0.5,1
CRO,typing,reg,0,300,4,0.1,0.8,0.5,1
CRO,typing,clf,1,300,4,0.1,0.8,0.5,1
CRO,typing,reg,1,300,4,0.1,0.8,0.5,1
CRO,typing,clf,2,300,4,0.1,0.8,0.5,1
CRO,typing,reg,2,300,4,0.1,0.8,0.5,1
CRO,typing,clf,3,300,4,0.1,0.8,0.5,1
CRO,typing,reg,3,300,4,0.1,0.8,0.5,1
CRO,typing,clf,4,300,4,0.1,0.8,0.5,1
CRO,typing,reg,4,300,4,0.1,0.8,0.5,1
CRO,combined,clf,0,300,4,0.1,0.8,0.5,1
CRO,combined,reg,0,300,4,0.1,0.8,0.5,1
CRO,combined,clf,1,300,4,0.1,0.8,0.5,1
CRO,combined,reg,1,300,4,0.1,0.8,0.5,1
CRO,combined,clf,2,300,4,0.1,0.8,0.5,1
CRO,combined,reg,2,300,4,0.1,0.8,0.5,1
CRO,combined,clf,3,300,4,0.1,0.8,0.5,1
CRO,combined,reg,3,300,4,0.1,0.8,0.5,1
CRO,combined,clf,4,300,4,0.1,0.8,0.5,1
CRO,combined,reg,4,300,4,0.1,0.8,0.5,1
ERY,kmer,clf,0,300,4,0.1,0.8,0.5,1
ERY,kmer,reg,0,300,4,0.1,0.8,0.5,1
ERY,kmer,clf,1,300,4,0.1,0.8,0.5,1
ERY,kmer,reg,1,300,4,0.1,0.8,0.5,1
ERY,kmer,clf,2,300,4,0.1,0.8,0.5,1
ERY,kmer,reg,2,300,4,0.1,0.8,0.5,1
ERY,kmer,clf,3,300,4,0.1,0.8,0.5,1
ERY,kmer,reg,3,300,4,0.1,0.8,0.5,1
ERY,kmer,clf,4,300,4,0.1,0.8,0.5,1
ERY,kmer,reg,4,300,4,0.1,0.8,0.5,1
ERY,typing,clf,0,300,4,0.1,0.8,0.5,1
ERY,typing,reg,0,300,4,0.1,0.8,0.5,1
ERY,typing,clf,1,300,4,0.1,0.8,0.5,1
ERY,typing,reg,1,300,4,0.1,0.8,0.5,1
ERY,typing,clf,2,300,4,0.1,0.8,0.5,1
ERY,typing,reg,2,300,4,0.1,0.8,0.5,1
ERY,typing,clf,3,300,4,0.1,0.8,0.5,1
ERY,typing,reg,3,300,4,0.1,0.8,0.5,1
ERY,typing,clf,4,300,4,0.1,0.8,0.5,1
ERY,typing,reg,4,300,4,0.1,0.8,0.5,1
ERY,combined,clf,0,300,4,0.1,0.8,0.5,1
ERY,combined,reg,0,300,4,0.1,0.8,0.5,1
ERY,combined,clf,1,300,4,0.1,0.8,0.5,1
ERY,combined,reg,1,300,4,0.1,0.8,0.5,1
ERY,combined,clf,2,300,4,0.1,0.8,0.5,1
ERY,combined,reg,2,300,4,0.1,0.8,0.5,1
ERY,combined,clf,3,300,4,0.1,0.8,0.5,1
ERY,combined,reg,3,300,4,0.1,0.8,0.5,1
ERY,combined,clf,4,300,4,0.1,0.8,0.5,1
ERY,combined,reg,4,300,4,0.1,0.8,0.5,1
CLI,kmer,clf,0,300,4,0.1,0.8,0.5,1
CLI,kmer,reg,0,300,4,0.1,0.8,0.5,1
CLI,kmer,clf,1,300,4,0.1,0.8,0.5,1
CLI,kmer,reg,1,300,4,0.1,0.8,0.5,1
CLI,kmer,clf,2,300,4,0.1,0.8,0.5,1
CLI,kmer,reg,2,300,4,0.1,0.8,0.5,1
CLI,kmer,clf,3,300,4,0.1,0.8,0.5,1
CLI,kmer,reg,3,300,4,0.1,0.8,0.5,1
CLI,kmer,clf,4,300,4,0.1,0.8,0.5,1
CLI,kmer,reg,4,300,4,0.1,0.8,0.5,1
CLI,typing,clf,0,300,4,0.1,0.8,0.5,1
CLI,typing,reg,0,300,4,0.1,0.8,0.5,1
CLI,typing,clf,1,300,4,0.1,0.8,0.5,1
CLI,typing,reg,1,300,4,0.1,0.8,0.5,1
CLI,typing,clf,2,300,4,0.1,0.8,0.5,1
CLI,typing,reg,2,300,4,0.1,0.8,0.5,1
CLI,typing,clf,3,300,4,0.1,0.8,0.5,1
CLI,typing,reg,3,300,4,0.1,0.8,0.5,1
CLI,typing,clf,4,300,4,0.1,0.8,0.5,1
CLI,typing,reg,4,300,4,0.1,0.8,0.5,1
CLI,combined,clf,0,300,4,0.1,0.8,0.5,1
CLI,combined,reg,0,300,4,0.1,0.8,0.5,1
CLI,combined,clf,1,300,4,0.1,0.8,0.5,1
CLI,combined,reg,1,300,4,0.1,0.8,0.5,1
CLI,combined,clf,2,300,4,0.1,0.8,0.5,1
CLI,combined,reg,2,300,4,0.1,0.8,0.5,1
CLI,combined,clf,3,300,4,0.1,0.8,0.5,1
CLI,combined,reg,3,300,4,0.1,0.8,0.5,1
CLI,combined,clf,4,300,4,0.1,0.8,0.5,1
CLI,combined,reg,4,300,4,0.1,0.8,0.5,1
LVX,kmer,reg,0,300,4,0.1,0.8,0.5,1
LVX,kmer,reg,1,300,4,0.1,0.8,0.5,1
LVX,kmer,reg,2,300,4,0.1,0.8,0.5,1
LVX,kmer,reg,3,300,4,0.1,0.8,0.5,1
LVX,kmer,reg,4,300,4,0.1,0.8,0.5,1
LVX,typing,reg,0,300,4,0.1,0.8,0.5,1
LVX,typing,reg,1,300,4,0.1,0.8,0.5,1
LVX,typing,reg,2,300,4,0.1,0.8,0.5,1
LVX,typing,reg,3,300,4,0.1,0.8,0.5,1
LVX,typing,reg,4,300,4,0.1,0.8,0.5,1
LVX,combined,reg,0,300,4,0.1,0.8,0.5,1
LVX,combined,reg,1,300,4,0.1,0.8,0.5,1
LVX,combined,reg,2,300,4,0.1,0.8,0.5,1
LVX,combined,reg,3,300,4,0.1,0.8,0.5,1
LVX,combined,reg,4,300,4,0.1,0.8,0.5,1
MFX,kmer,reg,0,300,4,0.1,0.8,0.5,1
MFX,kmer,reg,1,300,4,0.1,0.8,0.5,1
MFX,kmer,reg,2,300,4,0.1,0.8,0.5,1
MFX,kmer,reg,3,300,4,0.1,0.8,0.5,1
MFX,kmer,reg,4,300,4,0.1,0.8,0.5,1
MFX,typing,reg,0,300,4,0.1,0.8,0.5,1
MFX,typing,reg,1,300,4,0.1,0.8,0.5,1
MFX,typing,reg,2,300,4,0.1,0.8,0.5,1
MFX,typing,reg,3,300,4,0.1,0.8,0.5,1
MFX,typing,reg,4,300,4,0.1,0.8,0.5,1
MFX,combined,reg,0,300,4,0.1,0.8,0.5,1
MFX,combined,reg,1,300,4,0.1,0.8,0.5,1
MFX,combined,reg,2,300,4,0.1,0.8,0.5,1
MFX,combined,reg,3,300,4,0.1,0.8,0.5,1
MFX,combined,reg,4,300,4,0.1,0.8,0.5,1
SXT,kmer,clf,0,300,4,0.1,0.8,0.5,1
SXT,kmer,reg,0,300,4,0.1,0.8,0.5,1
SXT,kmer,clf,1,300,4,0.1,0.8,0.5,1
SXT,kmer,reg,1,300,4,0.1,0.8,0.5,1
SXT,kmer,clf,2,300,4,0.1,0.8,0.5,1
SXT,kmer,reg,2,300,4,0.1,0.8,0.5,1
SXT,kmer,clf,3,300,4,0.1,0.8,0.5,1
SXT,kmer,reg,3,300,4,0.1,0.8,0.5,1
SXT,kmer,clf,4,300,4,0.1,0.8,0.5,1
SXT,kmer,reg,4,300,4,0.1,0.8,0.5,1
SXT,typing,clf,0,300,4,0.1,0.8,0.5,1
SXT,typing,reg,0,300,4,0.1,0.8,0.5,1
SXT,typing,clf,1,300,4,0.1,0.8,0.5,1
SXT,typing,reg,1,300,4,0.1,0.8,0.5,1
SXT,typing,clf,2,300,4,0.1,0.8,0.5,1
SXT,typing,reg,2,300,4,0.1,0.8,0.5,1
SXT,typing,clf,3,300,4,0.1,0.8,0.5,1
SXT,typing,reg,3,300,4,0.1,0.8,0.5,1
SXT,typing,clf,4,300,4,0.1,0.8,0.5,1
SXT,typing,reg,4,300,4,0.1,0.8,0.5,1
SXT,combined,clf,0,300,4,0.1,0.8,0.5,1
SXT,combined,reg,0,300,4,0.1,0.8,0.5,1
SXT,combined,clf,1,300,4,0.1,0.8,0.5,1
SXT,combined,reg,1,300,4,0.1,0.8,0.5,1
SXT,combined,clf,2,300,4,0.1,0.8,0.5,1
SXT,combined,reg,2,300,4,0.1,0.8,0.5,1
SXT,combined,clf,3,300,4,0.1,0.8,0.5,1
SXT,combined,reg,3,300,4,0.1,0.8,0.5,1
SXT,combined,clf,4,300,4,0.1,0.8,0.5,1
SXT,combined,reg,4,300,4,0.1,0.8,0.5,1
