drug,featset,task,fold,subsample,n_estimators,min_child_weight,max_depth,learning_rate,colsample_bytree
PEN,kmer,clf,0,0.9,200,3,2,0.1,0.8
PEN,kmer,reg,0,0.7,200,3,2,0.1,0.3
PEN,kmer,clf,1,0.7,100,1,2,0.2,0.8
PEN,kmer,reg,1,0.7,100,3,6,0.1,0.5
PEN,kmer,clf,2,0.7,100,3,6,0.1,0.5
PEN,kmer,reg,2,0.7,100,3,6,0.1,0.5
PEN,kmer,clf,3,0.7,100,1,2,0.2,0.8
PEN,kmer,reg,3,0.7,100,3,6,0.1,0.5
PEN,kmer,clf,4,0.7,100,1,6,0.2,0.8
PEN,kmer,reg,4,0.9,200,3,2,0.1,0.8
PEN,typing,clf,0,0.7,100,1,2,0.2,0.8
PEN,typing,reg,0,0.7,100,1,6,0.2,0.8
PEN,typing,clf,1,0.7,100,1,2,0.2,0.8
PEN,typing,reg,1,0.7,100,1,6,0.2,0.8
PEN,typing,clf,2,0.7,100,1,2,0.2,0.8
PEN,typing,reg,2,0.7,100,1,6,0.2,0.8
PEN,typing,clf,3,0.7,100,1,2,0.2,0.8
PEN,typing,reg,3,0.7,100,1,6,0.2,0.8
PEN,typing,clf,4,0.7,100,1,2,0.2,0.8
PEN,typing,reg,4,0.7,100,1,6,0.2,0.8
PEN,combined,clf,0,0.9,200,3,2,0.1,0.8
PEN,combined,reg,0,0.7,100,3,6,0.1,0.5
PEN,combined,clf,1,0.7,100,1,6,0.2,0.8
PEN,combined,reg,1,0.9,200,3,2,0.1,0.8
PEN,combined,clf,2,0.7,200,3,2,0.1,0.3
PEN,combined,reg,2,0.9,100,3,2,0.2,0.8
PEN,combined,clf,3,0.7,100,1,2,0.2,0.8
PEN,combined,reg,3,0.7,100,1,6,0.2,0.8
PEN,combined,clf,4,0.7,100,1,2,0.2,0.8
PEN,combined,reg,4,0.7,100,3,6,0.1,0.5
AMC,kmer,clf,0,0.7,100,3,6,0.1,0.5
AMC,kmer,reg,0,0.7,100,3,6,0.1,0.5
AMC,kmer,clf,1,0.7,100,3,6,0.1,0.5
AMC,kmer,reg,1,0.7,100,3,6,0.1,0.5
AMC,kmer,clf,2,0.7,200,3,2,0.1,0.3
AMC,kmer,reg,2,0.7,100,3,6,0.1,0.5
AMC,kmer,clf,3,0.9,100,3,2,0.2,0.8
AMC,kmer,reg,3,0.7,100,1,6,0.2,0.8
AMC,kmer,clf,4,0.7,200,3,2,0.1,0.3
AMC,kmer,reg,4,0.7,100,3,6,0.1,0.5
AMC,typing,clf,0,0.7,100,1,2,0.2,0.8
AMC,typing,reg,0,0.7,100,1,6,0.2,0.8
AMC,typing,clf,1,0.7,200,3,2,0.1,0.3
AMC,typing,reg,1,0.7,100,1,6,0.2,0.8
AMC,typing,clf,2,0.7,100,1,2,0.2,0.8
AMC,typing,reg,2,0.7,100,1,6,0.2,0.8
AMC,typing,clf,3,0.7,100,1,2,0.2,0.8
AMC,typing,reg,3,0.7,100,1,6,0.2,0.8
AMC,typing,clf,4,0.7,100,1,2,0.2,0.8
AMC,typing,reg,4,0.7,100,1,6,0.2,0.8
AMC,combined,clf,0,0.7,100,3,6,0.1,0.5
AMC,combined,reg,0,0.7,100,3,6,0.1,0.5
AMC,combined,clf,1,0.9,100,3,2,0.2,0.8
AMC,combined,reg,1,0.7,100,1,6,0.2,0.8
AMC,combined,clf,2,0.9,200,3,2,0.1,0.8
AMC,combined,reg,2,0.7,100,1,6,0.2,0.8
AMC,combined,clf,3,0.9,200,3,2,0.1,0.8
AMC,combined,reg,3,0.7,100,3,6,0.1,0.5
AMC,combined,clf,4,0.9,200,3,2,0.1,0.8
AMC,combined,reg,4,0.7,100,3,6,0.1,0.5
CRO,kmer,clf,0,0.7,100,3,6,0.1,0.5
CRO,kmer,reg,0,0.7,100,3,6,0.1,0.5
CRO,kmer,clf,1,0.7,100,1,2,0.2,0.8
CRO,kmer,reg,1,0.7,100,3,6,0.1,0.5
CRO,kmer,clf,2,0.9,200,3,2,0.1,0.8
CRO,kmer,reg,2,0.7,100,3,6,0.1,0.5
CRO,kmer,clf,3,0.7,100,3,6,0.1,0.5
CRO,kmer,reg,3,0.7,100,1,6,0.2,0.8
CRO,kmer,clf,4,0.7,200,3,2,0.1,0.3
CRO,kmer,reg,4,0.7,100,3,6,0.1,0.5
CRO,typing,clf,0,0.7,200,3,2,0.1,0.3
CRO,typing,reg,0,0.7,100,1,6,0.2,0.8
CRO,typing,clf,1,0.7,100,1,6,0.2,0.8
CRO,typing,reg,1,0.7,100,1,6,0.2,0.8
CRO,typing,clf,2,0.7,200,3,4,0.2,0.8
CRO,typing,reg,2,0.7,100,1,6,0.2,0.8
CRO,typing,clf,3,0.7,100,1,2,0.2,0.8
CRO,typing,reg,3,0.7,100,1,6,0.2,0.8
CRO,typing,clf,4,0.7,100,1,6,0.2,0.8
CRO,typing,reg,4,0.7,100,1,6,0.2,0.8
CRO,combined,clf,0,0.9,200,3,2,0.1,0.8
CRO,combined,reg,0,0.7,100,3,6,0.1,0.5
CRO,combined,clf,1,0.7,100,1,2,0.2,0.8
CRO,combined,reg,1,0.7,100,3,6,0.1,0.5
CRO,combined,clf,2,0.7,100,3,6,0.1,0.5
CRO,combined,reg,2,0.7,100,3,6,0.1,0.5
CRO,combined,clf,3,0.7,100,3,6,0.1,0.5
CRO,combined,reg,3,0.9,200,3,2,0.1,0.8
CRO,combined,clf,4,0.9,100,3,2,0.2,0.8
CRO,combined,reg,4,0.7,100,3,6,0.1,0.5
ERY,kmer,clf,0,0.7,100,3,6,0.1,0.5
ERY,kmer,reg,0,0.7,100,1,6,0.2,0.8
ERY,kmer,clf,1,0.7,100,3,6,0.1,0.5
ERY,kmer,reg,1,0.7,100,1,6,0.2,0.8
ERY,kmer,clf,2,0.7,100,3,6,0.1,0.5
ERY,kmer,reg,2,0.7,100,3,6,0.1,0.5
ERY,kmer,clf,3,0.9,200,3,2,0.1,0.8
ERY,kmer,reg,3,0.7,100,1,6,0.2,0.8
ERY,kmer,clf,4,0.7,400,3,3,0.1,0.8
ERY,kmer,reg,4,0.7,100,1,6,0.2,0.8
ERY,typing,clf,0,0.7,100,1,6,0.2,0.8
ERY,typing,reg,0,0.7,100,1,6,0.2,0.8
ERY,typing,clf,1,0.7,100,1,6,0.2,0.8
ERY,typing,reg,1,0.7,100,1,6,0.2,0.8
ERY,typing,clf,2,0.7,100,1,6,0.2,0.8
ERY,typing,reg,2,0.7,100,1,6,0.2,0.8
ERY,typing,clf,3,0.7,100,1,2,0.2,0.8
ERY,typing,reg,3,0.7,100,1,6,0.2,0.8
ERY,typing,clf,4,0.7,100,1,6,0.2,0.8
ERY,typing,reg,4,0.7,100,1,6,0.2,0.8
ERY,combined,clf,0,0.7,100,3,6,0.1,0.5
ERY,combined,reg,0,0.7,100,3,6,0.1,0.5
ERY,combined,clf,1,0.7,100,3,6,0.1,0.5
ERY,combined,reg,1,0.7,100,3,6,0.1,0.5
ERY,combined,clf,2,0.9,200,3,2,0.1,0.8
ERY,combined,reg,2,0.7,100,3,6,0.1,0.5
ERY,combined,clf,3,0.9,200,3,2,0.1,0.8
ERY,combined,reg,3,0.7,100,3,6,0.1,0.5
ERY,combined,clf,4,0.7,100,1,2,0.2,0.8
ERY,combined,reg,4,0.7,100,1,6,0.2,0.8
CLI,kmer,clf,0,0.7,100,3,6,0.1,0.5
CLI,kmer,reg,0,0.7,100,1,6,0.2,0.8
CLI,kmer,clf,1,0.7,100,3,6,0.1,0.5
CLI,kmer,reg,1,0.7,100,1,6,0.2,0.8
CLI,kmer,clf,2,0.7,100,1,6,0.2,0.8
CLI,kmer,reg,2,0.7,100,3,6,0.1,0.5
CLI,kmer,clf,3,0.7,100,3,6,0.1,0.5
CLI,kmer,reg,3,0.7,100,1,6,0.2,0.8
CLI,kmer,clf,4,0.7,100,1,6,0.2,0.8
CLI,kmer,reg,4,0.9,200,3,2,0.1,0.8
CLI,typing,clf,0,0.7,100,1,2,0.2,0.8
CLI,typing,reg,0,0.7,100,1,6,0.2,0.8
CLI,typing,clf,1,0.7,100,1,6,0.2,0.8
CLI,typing,reg,1,0.7,100,1,6,0.2,0.8
CLI,typing,clf,2,0.7,100,1,2,0.2,0.8
CLI,typing,reg,2,0.7,100,1,6,0.2,0.8
CLI,typing,clf,3,0.7,100,1,2,0.2,0.8
CLI,typing,reg,3,0.7,100,1,6,0.2,0.8
CLI,typing,clf,4,0.7,100,1,6,0.2,0.8
CLI,typing,reg,4,0.7,100,1,6,0.2,0.8
CLI,combined,clf,0,0.7,100,3,6,0.1,0.5
CLI,combined,reg,0,0.7,100,1,6,0.2,0.8
CLI,combined,clf,1,0.7,100,3,6,0.1,0.5
CLI,combined,reg,1,0.7,200,3,2,0.1,0.3
CLI,combined,clf,2,0.7,200,3,2,0.1,0.3
CLI,combined,reg,2,0.7,100,3,6,0.1,0.5
CLI,combined,clf,3,0.7,100,3,6,0.1,0.5
CLI,combined,reg,3,0.7,100,1,6,0.2,0.8
CLI,combined,clf,4,0.7,100,3,6,0.1,0.5
CLI,combined,reg,4,0.7,100,3,6,0.1,0.5
LVX,kmer,reg,0,0.9,200,3,2,0.1,0.8
LVX,kmer,reg,1,0.9,200,3,2,0.1,0.8
LVX,kmer,reg,2,0.9,200,3,2,0.1,0.8
LVX,kmer,reg,3,0.7,200,3,2,0.1,0.3
LVX,kmer,reg,4,0.9,200,3,2,0.1,0.8
LVX,typing,reg,0,0.7,100,1,6,0.2,0.8
LVX,typing,reg,1,0.7,100,1,6,0.2,0.8
LVX,typing,reg,2,0.7,100,1,6,0.2,0.8
LVX,typing,reg,3,0.7,100,1,6,0.2,0.8
LVX,typing,reg,4,0.9,200,3,2,0.1,0.8
LVX,combined,reg,0,0.9,200,3,2,0.1,0.8
LVX,combined,reg,1,0.7,100,1,6,0.2,0.8
LVX,combined,reg,2,0.9,200,3,2,0.1,0.8
LVX,combined,reg,3,0.9,100,3,2,0.2,0.8
LVX,combined,reg,4,0.9,200,3,2,0.1,0.8
MFX,kmer,reg,0,0.9,100,3,2,0.2,0.8
MFX,kmer,reg,1,0.7,200,3,2,0.1,0.3
MFX,kmer,reg,2,0.9,200,3,2,0.1,0.8
MFX,kmer,reg,3,0.9,200,3,2,0.1,0.8
MFX,kmer,reg,4,0.7,100,3,6,0.1,0.5
MFX,typing,reg,0,0.7,100,1,2,0.2,0.8
MFX,typing,reg,1,0.7,100,1,2,0.2,0.8
MFX,typing,reg,2,0.7,100,1,2,0.2,0.8
MFX,typing,reg,3,0.7,100,1,2,0.2,0.8
MFX,typing,reg,4,0.7,100,1,2,0.2,0.8
MFX,combined,reg,0,0.7,200,3,2,0.1,0.3
MFX,combined,reg,1,0.7,100,3,6,0.1,0.5
MFX,combined,reg,2,0.9,200,3,2,0.1,0.8
MFX,combined,reg,3,0.7,200,3,2,0.1,0.3
MFX,combined,reg,4,0.9,200,3,2,0.1,0.8
SXT,kmer,clf,0,0.7,100,3,6,0.1,0.5
SXT,kmer,reg,0,0.7,100,1,6,0.2,0.8
SXT,kmer,clf,1,0.7,100,3,6,0.1,0.5
SXT,kmer,reg,1,0.7,100,3,6,0.1,0.5
SXT,kmer,clf,2,0.7,100,3,6,0.1,0.5
SXT,kmer,reg,2,0.7,100,3,6,0.1,0.5
SXT,kmer,clf,3,0.9,200,3,2,0.1,0.8
SXT,kmer,reg,3,0.7,100,3,6,0.1,0.5
SXT,kmer,clf,4,0.7,100,1,2,0.2,0.8
SXT,kmer,reg,4,0.9,100,3,2,0.2,0.8
SXT,typing,clf,0,0.7,100,1,6,0.2,0.8
SXT,typing,reg,0,0.7,100,1,6,0.2,0.8
SXT,typing,clf,1,0.7,100,1,2,0.2,0.8
SXT,typing,reg,1,0.7,100,1,6,0.2,0.8
SXT,typing,clf,2,0.7,100,1,2,0.2,0.8
SXT,typing,reg,2,0.7,100,1,6,0.2,0.8
SXT,typing,clf,3,0.7,100,1,6,0.2,0.8
SXT,typing,reg,3,0.7,100,1,6,0.2,0.8
SXT,typing,clf,4,0.7,100,1,6,0.2,0.8
SXT,typing,reg,4,0.7,100,1,6,0.2,0.8
SXT,combined,clf,0,0.7,100,3,6,0.1,0.5
SXT,combined,reg,0,0.7,100,3,6,0.1,0.5
SXT,combined,clf,1,0.7,100,3,6,0.1,0.5
SXT,combined,reg,1,0.7,100,3,6,0.1,0.5
SXT,combined,clf,2,0.7,100,3,6,0.1,0.5
SXT,combined,reg,2,0.9,200,3,2,0.1,0.8
SXT,combined,clf,3,0.7,100,1,2,0.2,0.8
SXT,combined,reg,3,0.7,100,3,6,0.1,0.5
SXT,combined,clf,4,0.7,100,3,6,0.1,0.5
SXT,combined,reg,4,0.9,200,3,2,0.1,0.8
