drug,featset,subset,n,n_S,n_I,n_R,EA% (95%CI),CA% (95%CI),VME%,ME%,minor%,bias (LoA)
PEN,kmer,All,927,273,275.0,379.0,90.1 (88.0–92.0),86.3 (84.2–88.7),0.3,0.0,13.6,"0.01 (-2.09, 2.11)"
PEN,kmer,Domestic,607,0,236.0,371.0,87.8 (85.2–90.4),84.0 (81.2–86.8),0.0,,16.0,"-0.03 (-2.38, 2.33)"
PEN,kmer,GPS,320,273,39.0,8.0,94.4 (91.9–96.6),90.6 (87.5–93.8),12.5,0.0,9.1,"0.08 (-1.40, 1.57)"
PEN,typing,All,927,273,275.0,379.0,73.7 (71.0–76.4),68.9 (65.8–72.0),0.3,0.0,31.0,"-0.00 (-2.96, 2.95)"
PEN,typing,Domestic,607,0,236.0,371.0,71.0 (67.4–74.8),74.1 (70.7–77.4),0.0,,25.9,"-0.28 (-3.27, 2.71)"
PEN,typing,GPS,320,273,39.0,8.0,78.8 (74.1–83.1),59.1 (53.4–64.1),12.5,0.0,40.6,"0.52 (-2.08, 3.13)"
PEN,combined,All,927,273,275.0,379.0,90.4 (88.5–92.3),86.1 (83.9–88.3),0.3,0.0,13.8,"0.02 (-2.03, 2.07)"
PEN,combined,Domestic,607,0,236.0,371.0,88.3 (85.8–90.9),84.0 (81.1–87.0),0.0,,16.0,"0.00 (-2.30, 2.31)"
PEN,combined,GPS,320,273,39.0,8.0,94.4 (91.9–96.6),90.0 (86.6–93.1),12.5,0.0,9.7,"0.06 (-1.40, 1.51)"
AMC,kmer,All,927,712,62.0,153.0,86.4 (84.1–88.7),85.3 (83.1–87.5),14.4,1.7,11.0,"-0.01 (-2.17, 2.15)"
AMC,kmer,Domestic,607,395,60.0,152.0,85.5 (82.7–88.3),78.1 (75.0–81.2),14.5,3.0,16.3,"-0.05 (-2.29, 2.19)"
AMC,kmer,GPS,320,317,2.0,1.0,88.1 (84.4–91.6),99.1 (97.8–100.0),0.0,0.0,0.9,"0.06 (-1.94, 2.06)"
AMC,typing,All,927,712,62.0,153.0,74.6 (71.8–77.6),80.7 (78.1–83.1),12.4,0.8,16.6,"0.02 (-2.93, 2.97)"
AMC,typing,Domestic,607,395,60.0,152.0,76.9 (73.5–80.2),71.0 (67.4–74.3),11.8,1.5,25.0,"-0.28 (-2.99, 2.43)"
AMC,typing,GPS,320,317,2.0,1.0,70.3 (65.3–75.3),99.1 (97.8–100.0),100.0,0.0,0.6,"0.59 (-2.46, 3.64)"
AMC,combined,All,927,712,62.0,153.0,86.7 (84.5–88.9),84.9 (82.5–87.3),11.1,1.0,12.5,"-0.00 (-2.14, 2.14)"
AMC,combined,Domestic,607,395,60.0,152.0,86.5 (83.9–89.0),77.6 (74.5–80.9),11.2,1.8,18.5,"-0.04 (-2.17, 2.09)"
AMC,combined,GPS,320,317,2.0,1.0,87.2 (83.4–90.9),98.8 (97.5–99.7),0.0,0.0,1.2,"0.07 (-2.07, 2.22)"
CRO,kmer,All,927,746,53.0,128.0,88.9 (86.7–90.8),84.3 (81.8–86.5),20.3,1.9,11.4,"0.01 (-1.94, 1.97)"
CRO,kmer,Domestic,607,428,51.0,128.0,87.3 (84.5–90.0),76.1 (72.8–79.4),20.3,3.3,17.3,"-0.03 (-2.09, 2.02)"
CRO,kmer,GPS,320,318,2.0,0.0,91.9 (88.8–94.7),99.7 (99.1–100.0),,0.0,0.3,"0.10 (-1.65, 1.84)"
CRO,typing,All,927,746,53.0,128.0,84.6 (82.3–86.9),81.4 (79.0–83.9),17.2,0.8,15.5,"-0.02 (-2.23, 2.18)"
CRO,typing,Domestic,607,428,51.0,128.0,82.2 (79.1–85.2),72.0 (68.4–75.8),17.2,1.4,23.4,"-0.13 (-2.42, 2.16)"
CRO,typing,GPS,320,318,2.0,0.0,89.1 (85.6–92.2),99.4 (98.4–100.0),,0.0,0.6,"0.18 (-1.79, 2.15)"
CRO,combined,All,927,746,53.0,128.0,88.9 (86.9–90.8),84.6 (82.3–86.8),20.3,1.7,11.2,"0.01 (-1.88, 1.91)"
CRO,combined,Domestic,607,428,51.0,128.0,87.1 (84.5–89.8),76.8 (73.5–79.9),20.3,3.0,16.8,"-0.03 (-2.03, 1.98)"
CRO,combined,GPS,320,318,2.0,0.0,92.2 (89.1–95.0),99.4 (98.4–100.0),,0.0,0.6,"0.09 (-1.57, 1.75)"
ERY,kmer,All,927,293,5.0,629.0,89.4 (87.5–91.5),97.2 (96.1–98.3),0.5,3.1,1.5,"0.01 (-2.06, 2.08)"
ERY,kmer,Domestic,607,10,5.0,592.0,89.1 (86.7–91.6),97.9 (96.5–99.0),0.0,50.0,1.3,"-0.04 (-2.12, 2.04)"
ERY,kmer,GPS,320,283,0.0,37.0,90.0 (86.9–93.1),95.9 (93.8–97.8),8.1,1.4,1.9,"0.09 (-1.95, 2.14)"
ERY,typing,All,927,293,5.0,629.0,74.8 (71.9–77.6),87.4 (85.2–89.5),4.0,21.2,3.2,"0.05 (-3.77, 3.87)"
ERY,typing,Domestic,607,10,5.0,592.0,78.1 (74.8–81.5),93.7 (91.8–95.4),3.4,80.0,1.6,"-0.60 (-3.79, 2.60)"
ERY,typing,GPS,320,283,0.0,37.0,68.4 (63.1–73.1),75.3 (70.6–79.7),13.5,19.1,6.2,"1.28 (-2.47, 5.03)"
ERY,combined,All,927,293,5.0,629.0,90.6 (88.7–92.6),97.1 (96.0–98.2),0.8,2.7,1.5,"0.01 (-1.99, 2.01)"
ERY,combined,Domestic,607,10,5.0,592.0,90.6 (88.3–92.9),97.7 (96.4–98.8),0.2,50.0,1.3,"-0.05 (-2.03, 1.93)"
ERY,combined,GPS,320,283,0.0,37.0,90.6 (87.5–93.4),95.9 (93.8–97.8),10.8,1.1,1.9,"0.13 (-1.90, 2.16)"
CLI,kmer,All,927,343,5.0,579.0,87.2 (85.0–89.5),95.6 (94.2–96.9),0.2,9.0,1.0,"-0.00 (-2.65, 2.65)"
CLI,kmer,Domestic,607,39,5.0,563.0,84.3 (81.2–87.1),94.1 (92.1–95.9),0.0,71.8,1.3,"-0.10 (-3.09, 2.89)"
CLI,kmer,GPS,320,304,0.0,16.0,92.5 (89.4–95.3),98.4 (96.9–99.7),6.2,1.0,0.3,"0.18 (-1.60, 1.97)"
CLI,typing,All,927,343,5.0,579.0,70.3 (67.5–73.2),84.3 (81.9–86.6),3.8,22.7,5.0,"0.02 (-4.12, 4.15)"
CLI,typing,Domestic,607,39,5.0,563.0,71.5 (67.7–75.1),89.6 (87.3–91.9),3.2,82.1,2.1,"-0.67 (-4.50, 3.16)"
CLI,typing,GPS,320,304,0.0,16.0,68.1 (63.7–73.1),74.1 (69.1–79.1),25.0,15.1,10.3,"1.31 (-2.13, 4.75)"
CLI,combined,All,927,343,5.0,579.0,88.8 (86.8–90.7),95.4 (94.1–96.7),0.2,8.7,1.3,"0.01 (-2.58, 2.61)"
CLI,combined,Domestic,607,39,5.0,563.0,85.8 (83.2–88.6),93.7 (91.8–95.6),0.0,69.2,1.8,"-0.08 (-3.00, 2.84)"
CLI,combined,GPS,320,304,0.0,16.0,94.4 (91.9–96.6),98.4 (96.9–99.7),6.2,1.0,0.3,"0.18 (-1.60, 1.97)"
LVX,kmer,All,927,922,3.0,2.0,99.4 (98.8–99.8),99.4 (98.8–99.8),100.0,0.0,0.4,"0.00 (-0.77, 0.77)"
LVX,kmer,Domestic,607,606,0.0,1.0,99.8 (99.5–100.0),99.8 (99.5–100.0),100.0,0.0,0.0,"0.01 (-0.78, 0.81)"
LVX,kmer,GPS,320,316,3.0,1.0,98.4 (97.2–99.7),98.4 (97.2–99.7),100.0,0.0,1.2,"-0.02 (-0.73, 0.68)"
LVX,typing,All,927,922,3.0,2.0,99.4 (98.8–99.8),99.5 (98.9–99.9),100.0,0.0,0.3,"0.01 (-0.77, 0.78)"
LVX,typing,Domestic,607,606,0.0,1.0,99.7 (99.2–100.0),99.8 (99.5–100.0),100.0,0.0,0.0,"0.02 (-0.82, 0.86)"
LVX,typing,GPS,320,316,3.0,1.0,98.8 (97.5–99.7),98.8 (97.5–99.7),100.0,0.0,0.9,"-0.03 (-0.67, 0.61)"
LVX,combined,All,927,922,3.0,2.0,99.4 (98.8–99.8),99.4 (98.8–99.8),100.0,0.0,0.4,"0.00 (-0.77, 0.78)"
LVX,combined,Domestic,607,606,0.0,1.0,99.8 (99.5–100.0),99.8 (99.5–100.0),100.0,0.0,0.0,"0.01 (-0.79, 0.82)"
LVX,combined,GPS,320,316,3.0,1.0,98.4 (96.9–99.7),98.4 (96.9–99.7),100.0,0.0,1.2,"-0.01 (-0.74, 0.71)"
MFX,kmer,All,927,925,2.0,0.0,98.5 (97.6–99.2),99.8 (99.5–100.0),,0.0,0.2,"-0.01 (-1.22, 1.19)"
MFX,kmer,Domestic,607,606,1.0,0.0,99.3 (98.7–99.8),99.8 (99.5–100.0),,0.0,0.2,"-0.01 (-1.11, 1.10)"
MFX,kmer,GPS,320,319,1.0,0.0,96.9 (95.0–98.4),99.7 (98.8–100.0),,0.0,0.3,"-0.03 (-1.41, 1.35)"
MFX,typing,All,927,925,2.0,0.0,98.9 (98.2–99.5),99.8 (99.5–100.0),,0.0,0.2,"-0.00 (-1.16, 1.16)"
MFX,typing,Domestic,607,606,1.0,0.0,99.5 (99.0–100.0),99.8 (99.5–100.0),,0.0,0.2,"0.03 (-1.05, 1.12)"
MFX,typing,GPS,320,319,1.0,0.0,97.8 (95.9–99.4),99.7 (99.1–100.0),,0.0,0.3,"-0.07 (-1.35, 1.21)"
MFX,combined,All,927,925,2.0,0.0,98.3 (97.3–99.0),99.8 (99.5–100.0),,0.0,0.2,"-0.01 (-1.21, 1.19)"
MFX,combined,Domestic,607,606,1.0,0.0,99.2 (98.5–99.8),99.8 (99.5–100.0),,0.0,0.2,"0.00 (-1.09, 1.10)"
MFX,combined,GPS,320,319,1.0,0.0,96.6 (94.4–98.4),99.7 (99.1–100.0),,0.0,0.3,"-0.03 (-1.40, 1.35)"
SXT,kmer,All,927,410,52.0,465.0,85.1 (82.7–87.4),83.9 (81.4–86.1),4.1,4.4,12.1,"0.02 (-2.90, 2.93)"
SXT,kmer,Domestic,607,142,47.0,418.0,80.4 (77.3–83.5),78.7 (75.5–82.0),4.3,12.0,15.5,"0.02 (-3.39, 3.44)"
SXT,kmer,GPS,320,268,5.0,47.0,94.1 (91.6–96.6),93.8 (90.9–96.2),2.1,0.4,5.6,"-0.00 (-1.58, 1.57)"
SXT,typing,All,927,410,52.0,465.0,69.8 (67.0–72.6),70.3 (67.2–73.2),8.4,6.3,22.7,"0.04 (-3.46, 3.53)"
SXT,typing,Domestic,607,142,47.0,418.0,66.7 (62.8–70.3),66.9 (63.1–70.7),7.2,13.4,25.0,"-0.13 (-3.87, 3.61)"
SXT,typing,GPS,320,268,5.0,47.0,75.6 (70.6–80.6),76.9 (72.2–81.2),19.1,2.6,18.1,"0.36 (-2.51, 3.23)"
SXT,combined,All,927,410,52.0,465.0,84.8 (82.6–87.2),84.8 (82.3–87.3),5.2,4.4,10.7,"0.03 (-2.83, 2.88)"
SXT,combined,Domestic,607,142,47.0,418.0,80.1 (76.8–83.2),80.4 (77.3–83.5),5.5,11.3,13.2,"0.03 (-3.32, 3.38)"
SXT,combined,GPS,320,268,5.0,47.0,93.8 (91.2–96.2),93.1 (90.3–95.6),2.1,0.7,5.9,"0.01 (-1.54, 1.57)"
