cluster,n,n_domestic,n_GPS,top_ST,top_serotype,PEN_NS%,CRO_NS%,ERY_NS%,SXT_NS%
103,233,232,1,271(139); 320(61); 236(10); 1464(8); 1937(6); 7962(3),19F(141); 19A(63); NVT(4); 15B(4),100.0,61.8,99.6,94.4
6,62,0,62,53(59); 15187(1); 3559(1); 4338(1),8(62),3.2,0.0,1.6,1.6
15,55,26,29,180(30); 505(19); 15272(3); 12449(3),3(30); 19F(14); 6B(2); 15A(2),47.3,3.6,43.6,5.5
78,48,43,5,876(41); 200(2); 4749(1); 416(1); 2220(1); 3017(1),14(31); 19A(5); 13(3); 15B(3),89.6,12.5,89.6,22.9
79,25,24,1,81(22); 9792(1); 189(1); 83(1),23F(14); 28F(3); 23B(3); 28A(1),100.0,8.0,100.0,100.0
61,22,11,11,166(9); 162(8); 143(2); 3811(2); 17861(1),11A(6); 24F(5); 15A(3); 9V(2),54.5,4.5,59.1,63.6
88,21,0,21,433(20); 17272(1),22F(21),0.0,0.0,0.0,0.0
80,19,0,19,66(12); 834(4); 13708(1); 517(1); 70(1),9N(18); 13(1),0.0,0.0,0.0,0.0
107,18,18,0,13646(13); 6325(2); 2624(2); 13393(1),23F(14); 19F(2); 14(1); 23B(1),100.0,0.0,100.0,100.0
3,18,18,0,2912(8); 13025(4); 8738(3); 10392(3),19F(5); 6A(2); 6B(2); 23B(1),100.0,5.6,100.0,100.0
45,17,17,0,2754(8); 3263(5); 9063(1); 5196(1); 9821(1); 7752(1),6A(3); 9V(2); 28F(2); 23F(2),100.0,5.9,94.1,100.0
81,17,0,17,439(4); 438(3); 42(3); 9579(2); 11191(1); 4726(1),23A(11); 23B(6),5.9,0.0,0.0,5.9
115,15,15,0,90(10); 6339(4); 96(1),23F(2); 6B(2); 19A(2); 19F(1),100.0,6.7,100.0,93.3
77,13,12,1,230(5); 9396(4); 6227(3); 700(1),28A(4); 23F(4); 19A(1); 6A(1),100.0,0.0,92.3,100.0
4,12,7,5,2248(5); 63(5); 4652(1); 4593(1),14(7); 15A(4); 15C(1),100.0,0.0,100.0,58.3
92,12,0,12,1635(3); 446(3); 8604(2); 816(2); 2068(1); 17146(1),35F(9); 10A(3),0.0,0.0,100.0,0.0
91,11,0,11,97(6); 1551(4); 481(1),10A(10); 6C(1),0.0,0.0,0.0,0.0
112,10,10,0,902(9); 5244(1),19F(4); 19A(3); 16F(1); 6A(1),100.0,20.0,100.0,90.0
105,10,0,10,2372(5); 1349(3); 11167(2),23B(10),100.0,0.0,0.0,100.0
7,10,0,10,62(9); 18425(1),11A(7); 11E(2); 11F(1),0.0,0.0,0.0,0.0
34,9,9,0,11972(5); 6011(2); 14097(1); 5613(1),15A(5); 19A(1); 23F(1); 19F(1),100.0,11.1,100.0,11.1
109,9,9,0,3173(8); 6340(1),6A(7); 19F(1); 40(1),100.0,22.2,100.0,100.0
113,8,8,0,242(4); 880(4),23F(5); 25F(1); 23B(1); 33(1),100.0,62.5,100.0,50.0
29,8,8,0,4661(3); 6935(2); 15084(1); 280(1); 10071(1),20(3); 19F(2); 14(1); 9A(1),100.0,0.0,100.0,12.5
122,8,8,0,9789(8),6A(7); 19F(1),100.0,0.0,100.0,100.0
106,8,8,0,5242(5); 338(3),28A(2); 19F(1); 28F(1); 23A(1),100.0,12.5,87.5,12.5
59,7,7,0,11967(5); 8589(1); 2758(1),7F(4); 19F(2); 15B(1),100.0,0.0,100.0,100.0
114,7,7,0,16240(7),19F(1); 23F(1); 28F(1); 47A(1),100.0,0.0,100.0,71.4
37,7,7,0,8250(4); 6791(3),16A(2); 33F(1); 15B(1); 15A(1),100.0,0.0,85.7,42.9
24,7,7,0,99(7),18C(2); 11A(2); 37(1); 11F(1),100.0,14.3,100.0,71.4
33,6,6,0,9785(6),19F(2); 15A(2); 15F(1); 15B(1),100.0,50.0,100.0,100.0
26,6,4,2,3500(6),8(4); 19F(2),66.7,16.7,50.0,16.7
118,6,6,0,10088(3); 3397(2); 11952(1),15B(3); 15C(1); 14(1); 15A(1),100.0,16.7,100.0,100.0
5,6,0,6,717(4); 100(2),33F(6),0.0,0.0,66.7,0.0
70,6,0,6,2062(5); 17030(1),19A(6),100.0,0.0,16.7,83.3
108,5,5,0,1437(5),23F(3); 23B(1); 19F(1),100.0,20.0,100.0,80.0
28,5,5,0,1263(3); 12669(1); 4660(1),9V(3); 9A(1); 9N(1),100.0,0.0,100.0,100.0
20,5,5,0,6327(5),47A(1); 47F(1); 35A(1); 29(1),100.0,0.0,100.0,60.0
56,5,0,5,177(4); 179(1),7C(3); 19F(1); 24F(1),20.0,0.0,20.0,60.0
44,4,4,0,9234(2); 4113(1); 6944(1),10A(4),100.0,0.0,100.0,100.0
48,4,4,0,2296(4),2(2); 10B(1); 1(1),100.0,0.0,100.0,0.0
41,4,4,0,6320(2); 15444(1); 6323(1),28F(2); 13(1); 23F(1),100.0,0.0,100.0,0.0
52,4,3,1,6945(4),12F(2); 19A(1); 19F(1),75.0,0.0,75.0,25.0
85,4,1,3,205(2); 695(1); 246(1),4(2); 19F(1); 19A(1),25.0,0.0,25.0,0.0
82,4,0,4,393(4),38(4),0.0,0.0,0.0,0.0
97,4,0,4,570(2); 30(2),16F(4),0.0,0.0,0.0,0.0
64,4,0,4,4084(2); 12245(1); 16130(1),6C(2); 10A(1); 10C(1),0.0,0.0,0.0,100.0
99,4,0,4,392(4),17F(4),0.0,0.0,0.0,0.0
73,4,0,4,452(3); 15434(1),35B(4),25.0,0.0,0.0,0.0
23,3,3,0,15667(2); 3113(1),6A(2); 6B(1),100.0,0.0,100.0,66.7
110,3,3,0,7397(3),19F(1); 19A(1); 6B(1),100.0,0.0,100.0,100.0
49,3,3,0,6832(1); 12202(1); 5872(1),4(3),100.0,0.0,100.0,33.3
25,3,3,0,870(3),18C(3),100.0,0.0,100.0,100.0
39,3,3,0,11945(2); 4560(1),34(1); 35B(1); 19F(1),100.0,33.3,100.0,33.3
14,3,3,0,15069(2); 4655(1),42(1); 19F(1); 3(1),100.0,0.0,100.0,66.7
35,3,3,0,4640(2); 7753(1),35F(1); 19A(1); 15C(1),100.0,66.7,100.0,100.0
36,3,3,0,6542(3),16F(1); 16A(1); 37(1),100.0,0.0,100.0,33.3
120,2,1,1,386(2),14(1); 6C(1),100.0,0.0,100.0,0.0
13,2,2,0,4389(2),47(1); 3(1),100.0,0.0,0.0,0.0
51,2,2,0,289(2),5(2),100.0,0.0,100.0,100.0
104,2,2,0,9788(1); 10236(1),37(1); 19F(1),100.0,50.0,50.0,100.0
32,2,2,0,7751(2),34(2),100.0,0.0,100.0,0.0
119,2,2,0,855(2),6A(2),100.0,0.0,100.0,0.0
9,2,0,2,458(2),3(2),0.0,0.0,0.0,0.0
10,2,0,2,1220(1); 16383(1),3(2),0.0,0.0,0.0,0.0
72,2,0,2,7068(1); 1877(1),21(2),50.0,0.0,0.0,0.0
50,2,0,2,801(1); 1222(1),4(2),0.0,0.0,0.0,0.0
86,2,0,2,1221(2),4(2),0.0,0.0,0.0,0.0
98,2,0,2,58(1); 11161(1),15A(2),0.0,0.0,0.0,0.0
18,2,0,2,4346(1); 2690(1),35B(2),50.0,0.0,50.0,0.0
53,2,0,2,989(2),12F(2),0.0,0.0,0.0,50.0
76,2,0,2,3135(1); 17009(1),10A(2),100.0,0.0,0.0,100.0
96,2,0,2,404(2),8(2),0.0,0.0,0.0,0.0
27,2,0,2,17310(1); 3214(1),17F(1); 19A(1),100.0,0.0,100.0,100.0
69,2,0,2,347(2),19F(2),100.0,50.0,0.0,100.0
38,2,0,2,9395(1); 1439(1),34(2),50.0,0.0,50.0,0.0
11,2,0,2,10468(1); 1766(1),31(2),0.0,0.0,0.0,0.0
57,2,0,2,654(1); 3423(1),19F(2),0.0,0.0,0.0,0.0
46,1,1,0,9992(1),17F(1),100.0,0.0,100.0,100.0
117,1,1,0,76(1),42(1),100.0,0.0,100.0,100.0
21,1,1,0,9114(1),20(1),100.0,0.0,100.0,100.0
60,1,1,0,4317(1),19A(1),100.0,0.0,100.0,100.0
22,1,1,0,5893(1),23F(1),100.0,0.0,100.0,100.0
116,1,1,0,135(1),19A(1),100.0,0.0,100.0,100.0
54,1,1,0,10085(1),19A(1),100.0,0.0,100.0,100.0
42,1,1,0,10008(1),28A(1),100.0,0.0,100.0,100.0
55,1,1,0,12670(1),19F(1),100.0,0.0,100.0,0.0
43,1,1,0,3545(1),7F(1),100.0,0.0,100.0,100.0
40,1,1,0,3465(1),19A(1),100.0,0.0,100.0,0.0
8,1,1,0,12902(1),19F(1),100.0,0.0,100.0,100.0
123,1,1,0,15701(1),15A(1),100.0,0.0,100.0,100.0
1,1,1,0,8356(1),47F(1),100.0,0.0,100.0,0.0
19,1,0,1,11287(1),15A(1),0.0,0.0,0.0,0.0
93,1,0,1,10595(1),13(1),0.0,0.0,0.0,0.0
16,1,0,1,4909(1),3(1),0.0,0.0,0.0,0.0
100,1,0,1,16045(1),6A(1),0.0,0.0,0.0,0.0
121,1,0,1,7052(1),15C(1),100.0,0.0,0.0,100.0
74,1,0,1,11009(1),35F(1),0.0,0.0,0.0,100.0
67,1,0,1,-(1),16F(1),100.0,0.0,0.0,100.0
71,1,0,1,16420(1),11A(1),100.0,0.0,100.0,100.0
83,1,0,1,2185(1),6C(1),0.0,0.0,0.0,100.0
63,1,0,1,6524(1),10B(1),0.0,0.0,0.0,0.0
47,1,0,1,9248(1),6C(1),0.0,0.0,0.0,0.0
75,1,0,1,994(1),19A(1),0.0,0.0,0.0,0.0
94,1,0,1,225(1),28A(1),0.0,0.0,0.0,0.0
84,1,0,1,1379(1),6C(1),0.0,0.0,0.0,0.0
65,1,0,1,-(1),6C(1),0.0,0.0,0.0,100.0
102,1,0,1,2416(1),12F(1),0.0,0.0,0.0,0.0
111,1,0,1,138(1),6B(1),0.0,0.0,0.0,0.0
58,1,0,1,7438(1),16F(1),100.0,0.0,0.0,100.0
30,1,0,1,-(1),9V(1),100.0,0.0,100.0,100.0
31,1,0,1,1026(1),20B(1),0.0,0.0,0.0,0.0
68,1,0,1,373(1),35B(1),100.0,0.0,100.0,100.0
12,1,0,1,1684(1),31(1),0.0,0.0,0.0,0.0
87,1,0,1,5410(1),4(1),0.0,0.0,0.0,0.0
89,1,0,1,3983(1),9N(1),0.0,0.0,0.0,0.0
62,1,0,1,4881(1),9V(1),0.0,0.0,0.0,100.0
101,1,0,1,306(1),1(1),0.0,0.0,0.0,0.0
2,1,0,1,4149(1),3(1),100.0,0.0,100.0,100.0
17,1,0,1,191(1),7F(1),0.0,0.0,0.0,0.0
95,1,0,1,15427(1),16F(1),0.0,0.0,0.0,0.0
66,1,0,1,-(1),13(1),0.0,0.0,0.0,100.0
90,1,0,1,405(1),9N(1),0.0,0.0,0.0,0.0
