ID,ST,Origin,lin_0.0033,lin_0.0046,lin_0.0094,lin_0.0206,lin_0.0369,lin_0.0517,lin_0.0749,lin_0.0935,lin_0.1117,lin_0.2363,lin_0.3518,lin_0.3673,lin_0.3757,lin_0.3836,lin_0.3888,lin_0.3931,lin_0.3995,lin_0.4049
100,15667,Domestic,137,115,88,79,69,56,42,37,32,23,11,8,6,5,4,3,2,2
101,13646,Domestic,657,585,490,416,342,273,215,184,161,107,57,34,21,13,9,8,5,4
103,5244,Domestic,687,612,514,439,361,287,226,194,168,112,58,35,22,14,10,9,5,4
104,236,Domestic,483,444,387,342,294,246,198,174,154,103,55,33,20,12,8,7,4,3
105,236,Domestic,484,445,388,343,295,247,198,174,154,103,55,33,20,12,8,7,4,3
106,505,Domestic,119,97,72,63,56,45,31,26,22,15,7,5,5,4,4,3,2,2
107,320,Domestic,630,561,466,395,324,259,205,176,155,103,55,33,20,12,8,7,4,3
108,876,Domestic,323,295,257,235,208,181,145,129,115,78,40,24,13,8,6,5,3,2
109,6227,Domestic,311,283,245,223,201,176,142,127,113,77,40,24,13,8,6,5,3,2
11,9785,Domestic,176,153,122,109,94,77,58,51,45,33,17,10,7,5,4,3,2,2
111,15272,Domestic,114,96,72,63,56,45,31,26,22,15,7,5,5,4,4,3,2,2
112,13025,Domestic,5,4,4,3,3,3,3,3,3,3,2,2,2,2,2,2,2,2
113,11967,Domestic,255,227,193,175,157,136,108,98,88,59,28,16,8,5,4,3,2,2
116,13646,Domestic,655,583,488,415,341,272,215,184,161,107,57,34,21,13,9,8,5,4
117,271,Domestic,545,488,415,363,304,252,202,175,155,103,55,33,20,12,8,7,4,3
118,3500,Domestic,150,128,100,88,74,61,46,41,35,26,14,9,6,5,4,3,2,2
12,180,Domestic,125,103,77,68,59,47,33,28,23,15,7,5,5,4,4,3,2,2
120,271,Domestic,559,502,425,363,304,252,202,175,155,103,55,33,20,12,8,7,4,3
121,242,Domestic,690,615,517,442,364,289,227,195,169,113,59,36,22,14,10,9,5,4
122,81,Domestic,363,329,288,259,224,188,151,135,120,79,40,24,13,8,6,5,3,2
123,4113,Domestic,211,185,153,138,121,103,80,70,63,44,22,13,7,5,4,3,2,2
124,143,Domestic,272,244,209,189,170,147,117,104,92,61,29,17,9,6,5,4,3,2
125,320,Domestic,601,539,456,389,320,257,204,176,155,103,55,33,20,12,8,7,4,3
127,902,Domestic,686,611,513,438,360,286,225,193,167,112,58,35,22,14,10,9,5,4
128,320,Domestic,599,539,456,389,320,257,204,176,155,103,55,33,20,12,8,7,4,3
129,271,Domestic,533,484,415,363,304,252,202,175,155,103,55,33,20,12,8,7,4,3
131,3397,Domestic,719,644,546,469,386,308,239,205,177,118,62,38,24,15,10,9,5,4
132,8589,Domestic,259,231,196,178,160,138,110,99,88,59,28,16,8,5,4,3,2,2
134,271,Domestic,509,469,408,358,302,252,202,175,155,103,55,33,20,12,8,7,4,3
135,11972,Domestic,179,156,124,111,95,78,59,52,46,34,17,10,7,5,4,3,2,2
136,6227,Domestic,316,288,250,228,205,178,143,127,113,77,40,24,13,8,6,5,3,2
137,16240,Domestic,697,622,524,449,371,294,230,197,170,114,60,36,22,14,10,9,5,4
138,9396,Domestic,314,286,248,226,203,177,142,127,113,77,40,24,13,8,6,5,3,2
139,2248,Domestic,17,16,14,13,13,13,8,7,6,4,3,3,3,3,3,3,2,2
141,11972,Domestic,177,154,123,110,95,78,59,52,46,34,17,10,7,5,4,3,2,2
142,4652,Domestic,21,20,17,16,16,15,8,7,6,4,3,3,3,3,3,3,2,2
143,271,Domestic,542,485,415,363,304,252,202,175,155,103,55,33,20,12,8,7,4,3
144,2296,Domestic,232,206,173,156,139,119,93,83,73,48,23,14,8,5,4,3,2,2
145,2296,Domestic,232,206,173,156,139,119,93,83,73,48,23,14,8,5,4,3,2,2
146,2754,Domestic,222,196,164,148,131,112,87,77,68,45,22,13,7,5,4,3,2,2
147,876,Domestic,339,309,269,243,211,181,145,129,115,78,40,24,13,8,6,5,3,2
148,90,Domestic,706,631,533,457,378,300,234,200,173,115,61,37,23,15,10,9,5,4
149,7962,Domestic,491,452,394,349,298,250,201,175,155,103,55,33,20,12,8,7,4,3
15,876,Domestic,334,304,264,238,209,181,145,129,115,78,40,24,13,8,6,5,3,2
150,876,Domestic,321,293,255,233,208,181,145,129,115,78,40,24,13,8,6,5,3,2
151,876,Domestic,328,298,258,235,208,181,145,129,115,78,40,24,13,8,6,5,3,2
152,271,Domestic,553,496,419,363,304,252,202,175,155,103,55,33,20,12,8,7,4,3
153,13646,Domestic,652,580,485,413,340,272,215,184,161,107,57,34,21,13,9,8,5,4
154,16240,Domestic,698,623,525,450,372,295,231,198,171,114,60,36,22,14,10,9,5,4
155,230,Domestic,309,281,243,221,199,174,140,126,113,77,40,24,13,8,6,5,3,2
158,3500,Domestic,152,130,102,89,75,61,46,41,35,26,14,9,6,5,4,3,2,2
159,320,Domestic,631,562,467,396,325,260,206,177,155,103,55,33,20,12,8,7,4,3
16,242,Domestic,691,616,518,443,365,290,228,195,169,113,59,36,22,14,10,9,5,4
160,236,Domestic,483,444,387,342,294,246,198,174,154,103,55,33,20,12,8,7,4,3
162,271,Domestic,538,484,415,363,304,252,202,175,155,103,55,33,20,12,8,7,4,3
163,6935,Domestic,164,142,113,100,86,70,53,46,40,29,15,9,6,5,4,3,2,2
164,6935,Domestic,164,142,113,100,86,70,53,46,40,29,15,9,6,5,4,3,2,2
165,876,Domestic,331,301,261,235,208,181,145,129,115,78,40,24,13,8,6,5,3,2
167,81,Domestic,364,330,289,260,224,188,151,135,120,79,40,24,13,8,6,5,3,2
168,13646,Domestic,659,586,491,417,343,273,215,184,161,107,57,34,21,13,9,8,5,4
169,8738,Domestic,11,10,9,8,8,8,5,5,5,3,2,2,2,2,2,2,2,2
170,876,Domestic,324,295,257,235,208,181,145,129,115,78,40,24,13,8,6,5,3,2
172,876,Domestic,323,295,257,235,208,181,145,129,115,78,40,24,13,8,6,5,3,2
173,2296,Domestic,233,207,174,156,139,119,93,83,73,48,23,14,8,5,4,3,2,2
174,271,Domestic,582,524,443,378,314,253,202,175,155,103,55,33,20,12,8,7,4,3
175,15667,Domestic,137,115,88,79,69,56,42,37,32,23,11,8,6,5,4,3,2,2
176,13646,Domestic,649,578,483,411,340,272,215,184,161,107,57,34,21,13,9,8,5,4
177,8227,Domestic,485,446,389,344,296,248,199,175,155,103,55,33,20,12,8,7,4,3
178,236,Domestic,484,445,388,343,295,247,198,174,154,103,55,33,20,12,8,7,4,3
180,7397,Domestic,677,603,506,431,353,280,221,190,165,110,57,34,21,13,9,8,5,4
184,9789,Domestic,728,653,555,478,395,316,246,211,182,122,65,40,24,15,10,9,5,4
185,876,Domestic,341,311,271,245,213,181,145,129,115,78,40,24,13,8,6,5,3,2
186,90,Domestic,710,635,537,460,378,300,234,200,173,115,61,37,23,15,10,9,5,4
187,4593,Domestic,28,27,24,22,21,19,12,10,8,4,3,3,3,3,3,3,2,2
188,271,Domestic,535,484,415,363,304,252,202,175,155,103,55,33,20,12,8,7,4,3
189,8250,Domestic,190,167,135,121,104,87,65,57,50,37,19,11,7,5,4,3,2,2
19,271,Domestic,549,492,415,363,304,252,202,175,155,103,55,33,20,12,8,7,4,3
192,1437,Domestic,663,590,495,421,346,276,218,187,163,108,57,34,21,13,9,8,5,4
193,386,Domestic,723,648,550,473,390,311,242,208,179,120,63,39,24,15,10,9,5,4
195,271,Domestic,537,484,415,363,304,252,202,175,155,103,55,33,20,12,8,7,4,3
196,8250,Domestic,192,168,136,121,104,87,65,57,50,37,19,11,7,5,4,3,2,2
197,9789,Domestic,730,655,557,480,396,316,246,211,182,122,65,40,24,15,10,9,5,4
198,6993,Domestic,567,510,433,371,309,252,202,175,155,103,55,33,20,12,8,7,4,3
199,505,Domestic,116,97,72,63,56,45,31,26,22,15,7,5,5,4,4,3,2,2
200,876,Domestic,335,305,265,239,210,181,145,129,115,78,40,24,13,8,6,5,3,2
201,13646,Domestic,658,585,490,416,342,273,215,184,161,107,57,34,21,13,9,8,5,4
202,876,Domestic,323,295,257,235,208,181,145,129,115,78,40,24,13,8,6,5,3,2
203,271,Domestic,581,524,443,378,314,253,202,175,155,103,55,33,20,12,8,7,4,3
204,6832,Domestic,234,208,175,157,140,120,94,84,74,49,24,14,8,5,4,3,2,2
205,90,Domestic,704,629,531,455,377,299,234,200,173,115,61,37,23,15,10,9,5,4
206,13646,Domestic,651,579,484,412,340,272,215,184,161,107,57,34,21,13,9,8,5,4
209,876,Domestic,324,295,257,235,208,181,145,129,115,78,40,24,13,8,6,5,3,2
210,13025,Domestic,3,3,3,3,3,3,3,3,3,3,2,2,2,2,2,2,2,2
211,81,Domestic,355,325,285,259,224,188,151,135,120,79,40,24,13,8,6,5,3,2
213,876,Domestic,324,295,257,235,208,181,145,129,115,78,40,24,13,8,6,5,3,2
214,870,Domestic,145,123,95,84,72,59,45,40,34,25,13,9,6,5,4,3,2,2
216,876,Domestic,330,300,260,235,208,181,145,129,115,78,40,24,13,8,6,5,3,2
217,13646,Domestic,650,578,483,411,340,272,215,184,161,107,57,34,21,13,9,8,5,4
221,271,Domestic,537,484,415,363,304,252,202,175,155,103,55,33,20,12,8,7,4,3
223,876,Domestic,329,299,259,235,208,181,145,129,115,78,40,24,13,8,6,5,3,2
224,876,Domestic,323,295,257,235,208,181,145,129,115,78,40,24,13,8,6,5,3,2
225,9992,Domestic,230,204,171,154,137,117,91,81,71,46,22,13,7,5,4,3,2,2
226,320,Domestic,615,549,458,390,320,257,204,176,155,103,55,33,20,12,8,7,4,3
228,1937,Domestic,496,457,398,351,299,250,201,175,155,103,55,33,20,12,8,7,4,3
229,271,Domestic,589,530,447,381,315,253,202,175,155,103,55,33,20,12,8,7,4,3
232,3113,Domestic,138,116,89,79,69,56,42,37,32,23,11,8,6,5,4,3,2,2
234,6320,Domestic,203,178,146,131,114,96,73,64,57,41,20,12,7,5,4,3,2,2
235,271,Domestic,543,486,415,363,304,252,202,175,155,103,55,33,20,12,8,7,4,3
236,880,Domestic,688,613,515,440,362,288,227,195,169,113,59,36,22,14,10,9,5,4
237,880,Domestic,688,613,515,440,362,288,227,195,169,113,59,36,22,14,10,9,5,4
238,13646,Domestic,653,581,486,414,341,272,215,184,161,107,57,34,21,13,9,8,5,4
242,320,Domestic,615,549,458,390,320,257,204,176,155,103,55,33,20,12,8,7,4,3
243,2248,Domestic,22,21,18,17,17,16,9,7,6,4,3,3,3,3,3,3,2,2
245,876,Domestic,318,290,252,230,207,180,145,129,115,78,40,24,13,8,6,5,3,2
246,505,Domestic,110,93,70,61,56,45,31,26,22,15,7,5,5,4,4,3,2,2
247,230,Domestic,308,280,242,220,199,174,140,126,113,77,40,24,13,8,6,5,3,2
251,6945,Domestic,240,214,181,163,146,125,99,89,79,52,25,14,8,5,4,3,2,2
252,6945,Domestic,240,214,181,163,146,125,99,89,79,52,25,14,8,5,4,3,2,2
253,12202,Domestic,235,209,176,158,141,120,94,84,74,49,24,14,8,5,4,3,2,2
254,4389,Domestic,80,68,55,49,44,36,25,21,18,13,6,5,5,4,4,3,2,2
259,271,Domestic,574,517,440,377,313,253,202,175,155,103,55,33,20,12,8,7,4,3
260,271,Domestic,537,484,415,363,304,252,202,175,155,103,55,33,20,12,8,7,4,3
261,271,Domestic,527,483,415,363,304,252,202,175,155,103,55,33,20,12,8,7,4,3
263,880,Domestic,689,614,516,441,363,289,227,195,169,113,59,36,22,14,10,9,5,4
264,880,Domestic,689,614,516,441,363,289,227,195,169,113,59,36,22,14,10,9,5,4
265,236,Domestic,482,443,386,341,293,245,197,174,154,103,55,33,20,12,8,7,4,3
266,876,Domestic,323,295,257,235,208,181,145,129,115,78,40,24,13,8,6,5,3,2
269,6339,Domestic,699,624,526,451,373,296,232,199,172,115,61,37,23,15,10,9,5,4
270,271,Domestic,587,528,445,379,314,253,202,175,155,103,55,33,20,12,8,7,4,3
271,96,Domestic,712,637,539,462,380,302,235,201,173,115,61,37,23,15,10,9,5,4
272,6339,Domestic,699,624,526,451,373,296,232,199,172,115,61,37,23,15,10,9,5,4
273,2248,Domestic,19,18,16,15,15,14,8,7,6,4,3,3,3,3,3,3,2,2
275,76,Domestic,714,639,541,464,382,304,237,203,175,117,61,37,23,15,10,9,5,4
277,271,Domestic,554,497,420,363,304,252,202,175,155,103,55,33,20,12,8,7,4,3
280,9114,Domestic,135,113,86,77,67,54,40,35,30,21,10,7,6,5,4,3,2,2
281,236,Domestic,478,439,384,339,291,244,197,174,154,103,55,33,20,12,8,7,4,3
284,876,Domestic,332,302,262,236,208,181,145,129,115,78,40,24,13,8,6,5,3,2
286,320,Domestic,613,549,458,390,320,257,204,176,155,103,55,33,20,12,8,7,4,3
287,876,Domestic,337,307,267,241,211,181,145,129,115,78,40,24,13,8,6,5,3,2
288,13025,Domestic,4,3,3,3,3,3,3,3,3,3,2,2,2,2,2,2,2,2
289,236,Domestic,480,441,385,340,292,244,197,174,154,103,55,33,20,12,8,7,4,3
292,271,Domestic,581,524,443,378,314,253,202,175,155,103,55,33,20,12,8,7,4,3
299,6011,Domestic,183,160,128,114,98,81,59,52,46,34,17,10,7,5,4,3,2,2
3,505,Domestic,117,97,72,63,56,45,31,26,22,15,7,5,5,4,4,3,2,2
300,320,Domestic,597,537,454,387,319,256,204,176,155,103,55,33,20,12,8,7,4,3
301,4661,Domestic,161,139,111,98,84,69,52,45,39,29,15,9,6,5,4,3,2,2
302,876,Domestic,337,307,267,241,211,181,145,129,115,78,40,24,13,8,6,5,3,2
304,2248,Domestic,20,19,16,15,15,14,8,7,6,4,3,3,3,3,3,3,2,2
306,320,Domestic,627,558,463,392,321,257,204,176,155,103,55,33,20,12,8,7,4,3
308,1263,Domestic,156,134,106,93,79,65,49,44,38,28,15,9,6,5,4,3,2,2
309,2248,Domestic,18,17,15,14,14,13,8,7,6,4,3,3,3,3,3,3,2,2
310,2296,Domestic,232,206,173,156,139,119,93,83,73,48,23,14,8,5,4,3,2,2
311,6325,Domestic,660,587,492,418,344,274,216,185,162,107,57,34,21,13,9,8,5,4
312,4317,Domestic,260,232,197,179,161,139,111,100,89,60,28,16,8,5,4,3,2,2
315,236,Domestic,480,441,385,340,292,244,197,174,154,103,55,33,20,12,8,7,4,3
318,7962,Domestic,492,453,394,349,298,250,201,175,155,103,55,33,20,12,8,7,4,3
320,271,Domestic,572,515,438,375,311,253,202,175,155,103,55,33,20,12,8,7,4,3
321,876,Domestic,323,295,257,235,208,181,145,129,115,78,40,24,13,8,6,5,3,2
322,271,Domestic,581,524,443,378,314,253,202,175,155,103,55,33,20,12,8,7,4,3
323,289,Domestic,239,213,180,162,145,124,98,88,78,51,25,14,8,5,4,3,2,2
324,870,Domestic,147,125,97,85,72,59,45,40,34,25,13,9,6,5,4,3,2,2
325,13646,Domestic,656,584,489,416,342,273,215,184,161,107,57,34,21,13,9,8,5,4
327,289,Domestic,239,213,180,162,145,124,98,88,78,51,25,14,8,5,4,3,2,2
328,6945,Domestic,242,215,181,163,146,125,99,89,79,52,25,14,8,5,4,3,2,2
329,5872,Domestic,236,210,177,159,142,121,95,85,75,49,24,14,8,5,4,3,2,2
330,271,Domestic,535,484,415,363,304,252,202,175,155,103,55,33,20,12,8,7,4,3
331,200,Domestic,342,312,272,246,214,182,146,130,115,78,40,24,13,8,6,5,3,2
333,12669,Domestic,160,138,110,97,83,68,51,44,38,28,15,9,6,5,4,3,2,2
334,876,Domestic,323,295,257,235,208,181,145,129,115,78,40,24,13,8,6,5,3,2
335,271,Domestic,535,484,415,363,304,252,202,175,155,103,55,33,20,12,8,7,4,3
44,320,Domestic,613,549,458,390,320,257,204,176,155,103,55,33,20,12,8,7,4,3
46,271,Domestic,583,524,443,378,314,253,202,175,155,103,55,33,20,12,8,7,4,3
48,320,Domestic,599,539,456,389,320,257,204,176,155,103,55,33,20,12,8,7,4,3
49,16240,Domestic,694,619,521,446,368,292,229,196,170,114,60,36,22,14,10,9,5,4
5,902,Domestic,683,609,511,436,358,285,224,192,167,112,58,35,22,14,10,9,5,4
50,16240,Domestic,694,619,521,446,368,292,229,196,170,114,60,36,22,14,10,9,5,4
51,271,Domestic,518,476,414,363,304,252,202,175,155,103,55,33,20,12,8,7,4,3
52,2754,Domestic,213,187,155,140,123,105,82,72,65,45,22,13,7,5,4,3,2,2
53,876,Domestic,320,292,254,232,208,181,145,129,115,78,40,24,13,8,6,5,3,2
55,3263,Domestic,220,194,162,146,129,110,86,76,67,45,22,13,7,5,4,3,2,2
56,9396,Domestic,313,285,247,225,203,177,142,127,113,77,40,24,13,8,6,5,3,2
57,9789,Domestic,726,651,553,476,393,314,245,211,182,122,65,40,24,15,10,9,5,4
59,271,Domestic,537,484,415,363,304,252,202,175,155,103,55,33,20,12,8,7,4,3
6,902,Domestic,683,609,511,436,358,285,224,192,167,112,58,35,22,14,10,9,5,4
60,271,Domestic,512,472,411,361,304,252,202,175,155,103,55,33,20,12,8,7,4,3
61,81,Domestic,357,325,285,259,224,188,151,135,120,79,40,24,13,8,6,5,3,2
62,876,Domestic,324,295,257,235,208,181,145,129,115,78,40,24,13,8,6,5,3,2
64,902,Domestic,681,607,510,435,357,284,223,192,167,112,58,35,22,14,10,9,5,4
65,90,Domestic,708,633,535,458,378,300,234,200,173,115,61,37,23,15,10,9,5,4
66,81,Domestic,359,325,285,259,224,188,151,135,120,79,40,24,13,8,6,5,3,2
67,320,Domestic,605,542,457,390,320,257,204,176,155,103,55,33,20,12,8,7,4,3
68,320,Domestic,605,542,457,390,320,257,204,176,155,103,55,33,20,12,8,7,4,3
69,271,Domestic,563,506,429,367,305,252,202,175,155,103,55,33,20,12,8,7,4,3
7,876,Domestic,322,294,256,234,208,181,145,129,115,78,40,24,13,8,6,5,3,2
70,695,Domestic,411,375,330,295,251,210,168,149,131,85,44,28,17,11,7,6,3,2
71,876,Domestic,324,295,257,235,208,181,145,129,115,78,40,24,13,8,6,5,3,2
72,271,Domestic,537,484,415,363,304,252,202,175,155,103,55,33,20,12,8,7,4,3
75,876,Domestic,323,295,257,235,208,181,145,129,115,78,40,24,13,8,6,5,3,2
76,16240,Domestic,695,620,522,447,369,292,229,196,170,114,60,36,22,14,10,9,5,4
77,271,Domestic,537,484,415,363,304,252,202,175,155,103,55,33,20,12,8,7,4,3
78,271,Domestic,541,484,415,363,304,252,202,175,155,103,55,33,20,12,8,7,4,3
79,271,Domestic,490,451,393,348,297,249,200,175,155,103,55,33,20,12,8,7,4,3
8,505,Domestic,117,97,72,63,56,45,31,26,22,15,7,5,5,4,4,3,2,2
80,1937,Domestic,498,459,400,351,299,250,201,175,155,103,55,33,20,12,8,7,4,3
81,902,Domestic,681,607,510,435,357,284,223,192,167,112,58,35,22,14,10,9,5,4
82,320,Domestic,605,542,457,390,320,257,204,176,155,103,55,33,20,12,8,7,4,3
83,876,Domestic,324,295,257,235,208,181,145,129,115,78,40,24,13,8,6,5,3,2
84,1263,Domestic,157,135,107,94,80,65,49,44,38,28,15,9,6,5,4,3,2,2
86,320,Domestic,605,542,457,390,320,257,204,176,155,103,55,33,20,12,8,7,4,3
87,8738,Domestic,10,9,9,8,8,8,5,5,5,3,2,2,2,2,2,2,2,2
88,271,Domestic,525,482,415,363,304,252,202,175,155,103,55,33,20,12,8,7,4,3
89,271,Domestic,525,482,415,363,304,252,202,175,155,103,55,33,20,12,8,7,4,3
9,81,Domestic,360,326,285,259,224,188,151,135,120,79,40,24,13,8,6,5,3,2
90,505,Domestic,109,93,70,61,56,45,31,26,22,15,7,5,5,4,4,3,2,2
91,505,Domestic,109,93,70,61,56,45,31,26,22,15,7,5,5,4,4,3,2,2
92,2754,Domestic,223,197,164,148,131,112,87,77,68,45,22,13,7,5,4,3,2,2
93,5242,Domestic,647,576,481,409,338,270,213,182,159,106,57,34,21,13,9,8,5,4
94,5242,Domestic,647,576,481,409,338,270,213,182,159,106,57,34,21,13,9,8,5,4
95,5242,Domestic,647,576,481,409,338,270,213,182,159,106,57,34,21,13,9,8,5,4
96,505,Domestic,116,97,72,63,56,45,31,26,22,15,7,5,5,4,4,3,2,2
97,8227,Domestic,485,446,389,344,296,248,199,175,155,103,55,33,20,12,8,7,4,3
98,13646,Domestic,649,578,483,411,340,272,215,184,161,107,57,34,21,13,9,8,5,4
99,90,Domestic,702,627,529,453,375,298,234,200,173,115,61,37,23,15,10,9,5,4
BR-19-60,4749,Domestic,340,310,270,244,212,181,145,129,115,78,40,24,13,8,6,5,3,2
BR-19-76,9234,Domestic,212,186,154,139,122,104,81,71,64,44,22,13,7,5,4,3,2,2
CJ-19-40,99,Domestic,144,122,94,83,71,58,44,39,33,24,12,8,6,5,4,3,2,2
cq08004,271,Domestic,522,479,415,363,304,252,202,175,155,103,55,33,20,12,8,7,4,3
cq08010,320,Domestic,603,540,456,389,320,257,204,176,155,103,55,33,20,12,8,7,4,3
cq08015,271,Domestic,520,477,415,363,304,252,202,175,155,103,55,33,20,12,8,7,4,3
cq08016,320,Domestic,608,544,458,390,320,257,204,176,155,103,55,33,20,12,8,7,4,3
cq08018,320,Domestic,610,546,458,390,320,257,204,176,155,103,55,33,20,12,8,7,4,3
cq09005,242,Domestic,692,617,519,444,366,290,228,195,169,113,59,36,22,14,10,9,5,4
CY-18-10,99,Domestic,142,120,92,82,71,58,44,39,33,24,12,8,6,5,4,3,2,2
CY-18-13,271,Domestic,534,484,415,363,304,252,202,175,155,103,55,33,20,12,8,7,4,3
CY-18-53,320,Domestic,628,559,464,393,322,257,204,176,155,103,55,33,20,12,8,7,4,3
DE-18-43,320,Domestic,622,553,458,390,320,257,204,176,155,103,55,33,20,12,8,7,4,3
DE-18-50,4660,Domestic,159,137,109,96,82,67,50,44,38,28,15,9,6,5,4,3,2,2
DE-19-05,81,Domestic,366,332,291,262,225,188,151,135,120,79,40,24,13,8,6,5,3,2
DE-19-46,6325,Domestic,661,588,493,419,344,274,216,185,162,107,57,34,21,13,9,8,5,4
ebj28,271,Domestic,523,480,415,363,304,252,202,175,155,103,55,33,20,12,8,7,4,3
GF-19-19,11967,Domestic,256,228,193,175,157,136,108,98,88,59,28,16,8,5,4,3,2,2
GF-19-49,1464,Domestic,505,465,405,356,302,252,202,175,155,103,55,33,20,12,8,7,4,3
GF-19-50,1437,Domestic,664,591,496,422,346,276,218,187,163,108,57,34,21,13,9,8,5,4
GF-19-70,271,Domestic,588,529,446,380,314,253,202,175,155,103,55,33,20,12,8,7,4,3
GX-18-04,1937,Domestic,497,458,399,351,299,250,201,175,155,103,55,33,20,12,8,7,4,3
GX-18-07,271,Domestic,534,484,415,363,304,252,202,175,155,103,55,33,20,12,8,7,4,3
GX-18-18,271,Domestic,548,491,415,363,304,252,202,175,155,103,55,33,20,12,8,7,4,3
gz08010,4389,Domestic,81,69,56,50,45,37,26,21,18,13,6,5,5,4,4,3,2,2
HB-18-61,320,Domestic,626,557,462,391,320,257,204,176,155,103,55,33,20,12,8,7,4,3
HB-18-66,320,Domestic,617,549,458,390,320,257,204,176,155,103,55,33,20,12,8,7,4,3
HB-19-15,81,Domestic,361,327,286,259,224,188,151,135,120,79,40,24,13,8,6,5,3,2
HB-19-92,271,Domestic,544,487,415,363,304,252,202,175,155,103,55,33,20,12,8,7,4,3
HN-18-37,271,Domestic,584,525,443,378,314,253,202,175,155,103,55,33,20,12,8,7,4,3
HN-19-15,320,Domestic,607,543,457,390,320,257,204,176,155,103,55,33,20,12,8,7,4,3
HX18S04,14097,Domestic,182,159,127,113,97,80,59,52,46,34,17,10,7,5,4,3,2,2
HY-18-03,320,Domestic,615,549,458,390,320,257,204,176,155,103,55,33,20,12,8,7,4,3
HY-18-08,320,Domestic,618,549,458,390,320,257,204,176,155,103,55,33,20,12,8,7,4,3
HY-18-17,15272,Domestic,115,96,72,63,56,45,31,26,22,15,7,5,5,4,4,3,2,2
HY-18-30,11945,Domestic,199,175,143,128,111,93,70,61,54,39,19,11,7,5,4,3,2,2
LZ-18-12,242,Domestic,693,618,520,445,367,291,228,195,169,113,59,36,22,14,10,9,5,4
MY-19-13,15272,Domestic,114,96,72,63,56,45,31,26,22,15,7,5,5,4,4,3,2,2
njspn003,505,Domestic,121,99,73,64,56,45,31,26,22,15,7,5,5,4,4,3,2,2
njspn004,11972,Domestic,178,155,123,110,95,78,59,52,46,34,17,10,7,5,4,3,2,2
NX19S20,2624,Domestic,648,577,482,410,339,271,214,183,160,107,57,34,21,13,9,8,5,4
SD-18-12,3173,Domestic,674,600,503,428,351,278,219,188,164,109,57,34,21,13,9,8,5,4
SH-18-17,4655,Domestic,83,71,58,52,47,38,27,22,19,14,7,5,5,4,4,3,2,2
SH-18-62,271,Domestic,516,475,414,363,304,252,202,175,155,103,55,33,20,12,8,7,4,3
SH-18-71,271,Domestic,560,503,426,364,304,252,202,175,155,103,55,33,20,12,8,7,4,3
SJ-18-15,3397,Domestic,720,645,547,470,387,309,240,206,177,118,62,38,24,15,10,9,5,4
SJ-19-61,5613,Domestic,184,161,129,115,99,82,60,52,46,34,17,10,7,5,4,3,2,2
sy10018,271,Domestic,579,522,443,378,314,253,202,175,155,103,55,33,20,12,8,7,4,3
sy14,320,Domestic,608,544,458,390,320,257,204,176,155,103,55,33,20,12,8,7,4,3
sy19,5893,Domestic,136,114,87,78,68,55,41,36,31,22,10,7,6,5,4,3,2,2
sy20,271,Domestic,586,527,444,378,314,253,202,175,155,103,55,33,20,12,8,7,4,3
sy27,320,Domestic,609,545,458,390,320,257,204,176,155,103,55,33,20,12,8,7,4,3
sy28,320,Domestic,611,547,458,390,320,257,204,176,155,103,55,33,20,12,8,7,4,3
sy9,271,Domestic,519,477,415,363,304,252,202,175,155,103,55,33,20,12,8,7,4,3
TA-18-48,9788,Domestic,632,563,468,397,326,261,207,178,156,104,56,34,21,13,9,8,5,4
TA-19-07,271,Domestic,531,484,415,363,304,252,202,175,155,103,55,33,20,12,8,7,4,3
TS-18-42,9789,Domestic,729,654,556,479,395,316,246,211,182,122,65,40,24,15,10,9,5,4
TS-19-32,1464,Domestic,506,466,405,356,302,252,202,175,155,103,55,33,20,12,8,7,4,3
TS-19-52,9789,Domestic,731,656,558,481,397,317,246,211,182,122,65,40,24,15,10,9,5,4
TS-19-70,1464,Domestic,505,465,405,356,302,252,202,175,155,103,55,33,20,12,8,7,4,3
TS-19-76,271,Domestic,535,484,415,363,304,252,202,175,155,103,55,33,20,12,8,7,4,3
WH-19-22,90,Domestic,711,636,538,461,379,301,234,200,173,115,61,37,23,15,10,9,5,4
wh10013,81,Domestic,349,319,279,253,220,187,151,135,120,79,40,24,13,8,6,5,3,2
wh10018,271,Domestic,580,523,443,378,314,253,202,175,155,103,55,33,20,12,8,7,4,3
wh11,271,Domestic,521,478,415,363,304,252,202,175,155,103,55,33,20,12,8,7,4,3
wh17,876,Domestic,319,291,253,231,207,180,145,129,115,78,40,24,13,8,6,5,3,2
wh9,271,Domestic,519,477,415,363,304,252,202,175,155,103,55,33,20,12,8,7,4,3
X10,135,Domestic,713,638,540,463,381,303,236,202,174,116,61,37,23,15,10,9,5,4
X100,180,Domestic,123,101,75,66,58,46,32,27,23,15,7,5,5,4,4,3,2,2
X101,902,Domestic,683,609,511,436,358,285,224,192,167,112,58,35,22,14,10,9,5,4
X102,320,Domestic,612,548,458,390,320,257,204,176,155,103,55,33,20,12,8,7,4,3
X103,271,Domestic,516,475,414,363,304,252,202,175,155,103,55,33,20,12,8,7,4,3
X104,271,Domestic,591,532,449,383,317,255,203,175,155,103,55,33,20,12,8,7,4,3
X105,271,Domestic,524,481,415,363,304,252,202,175,155,103,55,33,20,12,8,7,4,3
X106,271,Domestic,537,484,415,363,304,252,202,175,155,103,55,33,20,12,8,7,4,3
X107,320,Domestic,500,461,402,353,300,251,202,175,155,103,55,33,20,12,8,7,4,3
X108,7178,Domestic,502,463,403,354,301,251,202,175,155,103,55,33,20,12,8,7,4,3
X109,271,Domestic,524,481,415,363,304,252,202,175,155,103,55,33,20,12,8,7,4,3
X11,7751,Domestic,170,148,119,106,92,76,57,50,44,32,17,10,7,5,4,3,2,2
X111,320,Domestic,500,461,402,353,300,251,202,175,155,103,55,33,20,12,8,7,4,3
X112,320,Domestic,501,462,403,354,301,251,202,175,155,103,55,33,20,12,8,7,4,3
X113,320,Domestic,501,462,403,354,301,251,202,175,155,103,55,33,20,12,8,7,4,3
X114,271,Domestic,546,489,415,363,304,252,202,175,155,103,55,33,20,12,8,7,4,3
X115,271,Domestic,558,501,424,363,304,252,202,175,155,103,55,33,20,12,8,7,4,3
X116,271,Domestic,552,495,418,363,304,252,202,175,155,103,55,33,20,12,8,7,4,3
X117,271,Domestic,517,475,414,363,304,252,202,175,155,103,55,33,20,12,8,7,4,3
X118,902,Domestic,684,610,512,437,359,285,224,192,167,112,58,35,22,14,10,9,5,4
X119,271,Domestic,568,511,434,372,310,253,202,175,155,103,55,33,20,12,8,7,4,3
X12,10088,Domestic,717,642,544,467,384,306,238,204,176,118,62,38,24,15,10,9,5,4
X120,320,Domestic,602,539,456,389,320,257,204,176,155,103,55,33,20,12,8,7,4,3
X121,271,Domestic,529,484,415,363,304,252,202,175,155,103,55,33,20,12,8,7,4,3
X122,271,Domestic,528,483,415,363,304,252,202,175,155,103,55,33,20,12,8,7,4,3
X123,1437,Domestic,665,592,497,423,347,277,218,187,163,108,57,34,21,13,9,8,5,4
X124,1437,Domestic,667,594,499,424,348,277,218,187,163,108,57,34,21,13,9,8,5,4
X13,11967,Domestic,257,229,194,176,158,136,108,98,88,59,28,16,8,5,4,3,2,2
X131,3173,Domestic,668,595,500,425,349,278,219,188,164,109,57,34,21,13,9,8,5,4
X132,271,Domestic,526,482,415,363,304,252,202,175,155,103,55,33,20,12,8,7,4,3
X133,5242,Domestic,646,575,480,408,337,269,212,182,159,106,57,34,21,13,9,8,5,4
X134,5242,Domestic,646,575,480,408,337,269,212,182,159,106,57,34,21,13,9,8,5,4
X135,8250,Domestic,191,167,135,121,104,87,65,57,50,37,19,11,7,5,4,3,2,2
X136,320,Domestic,592,533,450,384,318,256,204,176,155,103,55,33,20,12,8,7,4,3
X140,876,Domestic,336,306,266,240,210,181,145,129,115,78,40,24,13,8,6,5,3,2
X142,4661,Domestic,163,141,112,99,85,69,52,45,39,29,15,9,6,5,4,3,2,2
X143,876,Domestic,323,295,257,235,208,181,145,129,115,78,40,24,13,8,6,5,3,2
X144,271,Domestic,540,484,415,363,304,252,202,175,155,103,55,33,20,12,8,7,4,3
X145,7753,Domestic,187,164,132,118,102,85,63,55,48,35,18,11,7,5,4,3,2,2
X148,271,Domestic,511,471,410,360,303,252,202,175,155,103,55,33,20,12,8,7,4,3
X15,271,Domestic,537,484,415,363,304,252,202,175,155,103,55,33,20,12,8,7,4,3
X150,15084,Domestic,166,144,115,102,88,72,53,46,40,29,15,9,6,5,4,3,2,2
X151,81,Domestic,362,328,287,259,224,188,151,135,120,79,40,24,13,8,6,5,3,2
X152,3263,Domestic,217,191,159,144,127,109,86,76,67,45,22,13,7,5,4,3,2,2
X153,9789,Domestic,727,652,554,477,394,315,246,211,182,122,65,40,24,15,10,9,5,4
X154,180,Domestic,124,102,76,67,58,46,32,27,23,15,7,5,5,4,4,3,2,2
X155,10085,Domestic,245,218,184,166,148,127,101,91,81,54,25,14,8,5,4,3,2,2
X156,90,Domestic,707,632,534,457,378,300,234,200,173,115,61,37,23,15,10,9,5,4
X157,11952,Domestic,715,640,542,465,383,305,238,204,176,118,62,38,24,15,10,9,5,4
X158,10088,Domestic,716,641,543,466,383,305,238,204,176,118,62,38,24,15,10,9,5,4
X159,9785,Domestic,175,152,121,108,93,77,58,51,45,33,17,10,7,5,4,3,2,2
X16,12449,Domestic,113,95,71,62,56,45,31,26,22,15,7,5,5,4,4,3,2,2
X160,9396,Domestic,315,287,249,227,204,177,142,127,113,77,40,24,13,8,6,5,3,2
X161,10392,Domestic,6,5,5,4,4,4,4,4,4,3,2,2,2,2,2,2,2,2
X162,2912,Domestic,16,15,13,12,12,12,7,6,5,3,2,2,2,2,2,2,2,2
X163,280,Domestic,167,145,116,103,89,73,54,47,41,29,15,9,6,5,4,3,2,2
X164,2754,Domestic,228,202,169,152,135,115,89,79,69,45,22,13,7,5,4,3,2,2
X168,16240,Domestic,696,621,523,448,370,293,230,197,170,114,60,36,22,14,10,9,5,4
X169,876,Domestic,326,296,257,235,208,181,145,129,115,78,40,24,13,8,6,5,3,2
X17,271,Domestic,537,484,415,363,304,252,202,175,155,103,55,33,20,12,8,7,4,3
X170,338,Domestic,644,573,478,406,335,267,211,181,159,106,57,34,21,13,9,8,5,4
X171,271,Domestic,565,508,431,369,307,252,202,175,155,103,55,33,20,12,8,7,4,3
X174,271,Domestic,535,484,415,363,304,252,202,175,155,103,55,33,20,12,8,7,4,3
X176,16240,Domestic,696,621,523,448,370,293,230,197,170,114,60,36,22,14,10,9,5,4
X177,271,Domestic,516,475,414,363,304,252,202,175,155,103,55,33,20,12,8,7,4,3
X18,2624,Domestic,648,577,482,410,339,271,214,183,160,107,57,34,21,13,9,8,5,4
X181,505,Domestic,118,97,72,63,56,45,31,26,22,15,7,5,5,4,4,3,2,2
X183,876,Domestic,320,292,254,232,208,181,145,129,115,78,40,24,13,8,6,5,3,2
X186,15444,Domestic,206,180,148,133,116,98,75,66,59,41,20,12,7,5,4,3,2,2
X187,9789,Domestic,727,652,554,477,394,315,246,211,182,122,65,40,24,15,10,9,5,4
X19,271,Domestic,513,473,412,361,304,252,202,175,155,103,55,33,20,12,8,7,4,3
X191,81,Domestic,355,325,285,259,224,188,151,135,120,79,40,24,13,8,6,5,3,2
X192,505,Domestic,117,97,72,63,56,45,31,26,22,15,7,5,5,4,4,3,2,2
X193,338,Domestic,644,573,478,406,335,267,211,181,159,106,57,34,21,13,9,8,5,4
X194,271,Domestic,487,448,391,346,297,249,200,175,155,103,55,33,20,12,8,7,4,3
X195,876,Domestic,320,292,254,232,208,181,145,129,115,78,40,24,13,8,6,5,3,2
X196,9789,Domestic,726,651,553,476,393,314,245,211,182,122,65,40,24,15,10,9,5,4
X198,4640,Domestic,186,163,131,117,101,84,62,54,47,35,18,11,7,5,4,3,2,2
X199,505,Domestic,117,97,72,63,56,45,31,26,22,15,7,5,5,4,4,3,2,2
X20,143,Domestic,273,245,210,190,171,148,117,104,92,61,29,17,9,6,5,4,3,2
X202,876,Domestic,333,303,263,237,208,181,145,129,115,78,40,24,13,8,6,5,3,2
X203,8250,Domestic,193,169,137,122,105,88,65,57,50,37,19,11,7,5,4,3,2,2
X205,2754,Domestic,215,189,157,142,125,107,84,74,66,45,22,13,7,5,4,3,2,2
X206,13025,Domestic,3,3,3,3,3,3,3,3,3,3,2,2,2,2,2,2,2,2
X207,99,Domestic,139,117,90,80,70,57,43,38,33,24,12,8,6,5,4,3,2,2
X21,10008,Domestic,207,181,149,134,117,99,76,67,60,42,21,13,7,5,4,3,2,2
X210,81,Domestic,348,318,278,252,219,187,151,135,120,79,40,24,13,8,6,5,3,2
X211,81,Domestic,348,318,278,252,219,187,151,135,120,79,40,24,13,8,6,5,3,2
X212,4640,Domestic,186,163,131,117,101,84,62,54,47,35,18,11,7,5,4,3,2,2
X213,99,Domestic,139,117,90,80,70,57,43,38,33,24,12,8,6,5,4,3,2,2
X215,320,Domestic,629,560,465,394,323,258,204,176,155,103,55,33,20,12,8,7,4,3
X216,320,Domestic,605,542,457,390,320,257,204,176,155,103,55,33,20,12,8,7,4,3
X217,1464,Domestic,505,465,405,356,302,252,202,175,155,103,55,33,20,12,8,7,4,3
X219,12670,Domestic,246,219,185,167,149,128,102,92,82,55,25,14,8,5,4,3,2,2
X22,271,Domestic,527,483,415,363,304,252,202,175,155,103,55,33,20,12,8,7,4,3
X220,10392,Domestic,8,7,7,6,6,6,4,4,4,3,2,2,2,2,2,2,2,2
X221,9785,Domestic,174,151,120,107,93,77,58,51,45,33,17,10,7,5,4,3,2,2
X222,271,Domestic,537,484,415,363,304,252,202,175,155,103,55,33,20,12,8,7,4,3
X223,271,Domestic,516,475,414,363,304,252,202,175,155,103,55,33,20,12,8,7,4,3
X225,90,Domestic,705,630,532,456,377,299,234,200,173,115,61,37,23,15,10,9,5,4
X228,271,Domestic,514,474,413,362,304,252,202,175,155,103,55,33,20,12,8,7,4,3
X229,2754,Domestic,216,190,158,143,126,108,85,75,66,45,22,13,7,5,4,3,2,2
X23,271,Domestic,590,531,448,382,316,254,202,175,155,103,55,33,20,12,8,7,4,3
X230,271,Domestic,535,484,415,363,304,252,202,175,155,103,55,33,20,12,8,7,4,3
X231,9063,Domestic,214,188,156,141,124,106,83,73,65,45,22,13,7,5,4,3,2,2
X232,13393,Domestic,662,589,494,420,345,275,217,186,162,107,57,34,21,13,9,8,5,4
X233,320,Domestic,613,549,458,390,320,257,204,176,155,103,55,33,20,12,8,7,4,3
X234,271,Domestic,533,484,415,363,304,252,202,175,155,103,55,33,20,12,8,7,4,3
X235,320,Domestic,625,556,461,390,320,257,204,176,155,103,55,33,20,12,8,7,4,3
X236,320,Domestic,624,555,460,390,320,257,204,176,155,103,55,33,20,12,8,7,4,3
X237,1464,Domestic,504,465,405,356,302,252,202,175,155,103,55,33,20,12,8,7,4,3
X238,9792,Domestic,355,325,285,259,224,188,151,135,120,79,40,24,13,8,6,5,3,2
X239,271,Domestic,537,484,415,363,304,252,202,175,155,103,55,33,20,12,8,7,4,3
X24,320,Domestic,599,539,456,389,320,257,204,176,155,103,55,33,20,12,8,7,4,3
X240,3173,Domestic,669,595,500,425,349,278,219,188,164,109,57,34,21,13,9,8,5,4
X241,1937,Domestic,494,455,396,351,299,250,201,175,155,103,55,33,20,12,8,7,4,3
X242,3173,Domestic,673,599,502,427,350,278,219,188,164,109,57,34,21,13,9,8,5,4
X243,3263,Domestic,221,195,163,147,130,111,86,76,67,45,22,13,7,5,4,3,2,2
X244,320,Domestic,605,542,457,390,320,257,204,176,155,103,55,33,20,12,8,7,4,3
X245,1464,Domestic,505,465,405,356,302,252,202,175,155,103,55,33,20,12,8,7,4,3
X246,1464,Domestic,504,465,405,356,302,252,202,175,155,103,55,33,20,12,8,7,4,3
X247,320,Domestic,619,550,458,390,320,257,204,176,155,103,55,33,20,12,8,7,4,3
X248,2754,Domestic,224,198,165,148,131,112,87,77,68,45,22,13,7,5,4,3,2,2
X251,271,Domestic,515,474,413,362,304,252,202,175,155,103,55,33,20,12,8,7,4,3
X252,7962,Domestic,493,454,395,350,298,250,201,175,155,103,55,33,20,12,8,7,4,3
X253,2912,Domestic,14,13,11,10,10,10,5,5,5,3,2,2,2,2,2,2,2,2
X255,1937,Domestic,495,456,397,351,299,250,201,175,155,103,55,33,20,12,8,7,4,3
X257,236,Domestic,479,440,384,339,291,244,197,174,154,103,55,33,20,12,8,7,4,3
X258,236,Domestic,481,442,385,340,292,244,197,174,154,103,55,33,20,12,8,7,4,3
X259,1464,Domestic,508,468,407,357,302,252,202,175,155,103,55,33,20,12,8,7,4,3
X26,2912,Domestic,12,11,10,9,9,9,5,5,5,3,2,2,2,2,2,2,2,2
X260,2912,Domestic,13,12,10,9,9,9,5,5,5,3,2,2,2,2,2,2,2,2
X261,3545,Domestic,208,182,150,135,118,100,77,68,61,43,21,13,7,5,4,3,2,2
X262,271,Domestic,550,493,416,363,304,252,202,175,155,103,55,33,20,12,8,7,4,3
X263,271,Domestic,576,519,441,377,313,253,202,175,155,103,55,33,20,12,8,7,4,3
X264,271,Domestic,527,483,415,363,304,252,202,175,155,103,55,33,20,12,8,7,4,3
X265,81,Domestic,368,334,293,264,227,190,153,136,121,79,40,24,13,8,6,5,3,2
X269,271,Domestic,486,447,390,345,297,249,200,175,155,103,55,33,20,12,8,7,4,3
X27,271,Domestic,570,513,436,373,310,253,202,175,155,103,55,33,20,12,8,7,4,3
X271,166,Domestic,277,249,214,193,174,150,118,105,93,61,29,17,9,6,5,4,3,2
X272,11967,Domestic,255,227,193,175,157,136,108,98,88,59,28,16,8,5,4,3,2,2
X275,271,Domestic,557,500,423,363,304,252,202,175,155,103,55,33,20,12,8,7,4,3
X276,271,Domestic,573,516,439,376,312,253,202,175,155,103,55,33,20,12,8,7,4,3
X277,271,Domestic,578,521,442,377,313,253,202,175,155,103,55,33,20,12,8,7,4,3
X278,320,Domestic,604,541,456,389,320,257,204,176,155,103,55,33,20,12,8,7,4,3
X280,166,Domestic,277,249,214,193,174,150,118,105,93,61,29,17,9,6,5,4,3,2
X282,876,Domestic,325,295,257,235,208,181,145,129,115,78,40,24,13,8,6,5,3,2
X284,271,Domestic,571,514,437,374,310,253,202,175,155,103,55,33,20,12,8,7,4,3
X285,320,Domestic,503,464,404,355,301,251,202,175,155,103,55,33,20,12,8,7,4,3
X286,81,Domestic,355,325,285,259,224,188,151,135,120,79,40,24,13,8,6,5,3,2
X289,271,Domestic,533,484,415,363,304,252,202,175,155,103,55,33,20,12,8,7,4,3
X29,271,Domestic,562,505,428,366,304,252,202,175,155,103,55,33,20,12,8,7,4,3
X291,271,Domestic,530,484,415,363,304,252,202,175,155,103,55,33,20,12,8,7,4,3
X292,271,Domestic,533,484,415,363,304,252,202,175,155,103,55,33,20,12,8,7,4,3
X293,320,Domestic,623,554,459,390,320,257,204,176,155,103,55,33,20,12,8,7,4,3
X294,9785,Domestic,173,150,120,107,93,77,58,51,45,33,17,10,7,5,4,3,2,2
X296,271,Domestic,532,484,415,363,304,252,202,175,155,103,55,33,20,12,8,7,4,3
X297,505,Domestic,120,98,72,63,56,45,31,26,22,15,7,5,5,4,4,3,2,2
X298,876,Domestic,327,297,257,235,208,181,145,129,115,78,40,24,13,8,6,5,3,2
X30,3500,Domestic,148,126,98,86,73,60,46,41,35,26,14,9,6,5,4,3,2,2
X300,166,Domestic,276,248,213,192,173,150,118,105,93,61,29,17,9,6,5,4,3,2
X301,6542,Domestic,188,165,133,119,103,86,64,56,49,36,19,11,7,5,4,3,2,2
X303,11945,Domestic,200,175,143,128,111,93,70,61,54,39,19,11,7,5,4,3,2,2
X304,855,Domestic,721,646,548,471,388,310,241,207,178,119,63,39,24,15,10,9,5,4
X306,9396,Domestic,313,285,247,225,203,177,142,127,113,77,40,24,13,8,6,5,3,2
X307,189,Domestic,353,323,283,257,223,188,151,135,120,79,40,24,13,8,6,5,3,2
X308,271,Domestic,537,484,415,363,304,252,202,175,155,103,55,33,20,12,8,7,4,3
X31,2912,Domestic,12,11,10,9,9,9,5,5,5,3,2,2,2,2,2,2,2,2
X310,6327,Domestic,133,111,84,75,65,53,39,34,29,20,10,7,6,5,4,3,2,2
X311,271,Domestic,547,490,415,363,304,252,202,175,155,103,55,33,20,12,8,7,4,3
X313,9785,Domestic,172,150,120,107,93,77,58,51,45,33,17,10,7,5,4,3,2,2
X314,81,Domestic,365,331,290,261,224,188,151,135,120,79,40,24,13,8,6,5,3,2
X319,271,Domestic,561,504,427,365,304,252,202,175,155,103,55,33,20,12,8,7,4,3
X32,271,Domestic,527,483,415,363,304,252,202,175,155,103,55,33,20,12,8,7,4,3
X320,271,Domestic,525,482,415,363,304,252,202,175,155,103,55,33,20,12,8,7,4,3
X321,271,Domestic,533,484,415,363,304,252,202,175,155,103,55,33,20,12,8,7,4,3
X322,320,Domestic,613,549,458,390,320,257,204,176,155,103,55,33,20,12,8,7,4,3
X323,3465,Domestic,202,177,145,130,113,95,72,63,56,40,19,11,7,5,4,3,2,2
X324,2912,Domestic,9,8,8,7,7,7,5,5,5,3,2,2,2,2,2,2,2,2
X328,505,Domestic,110,93,70,61,56,45,31,26,22,15,7,5,5,4,4,3,2,2
X33,12449,Domestic,111,94,71,62,56,45,31,26,22,15,7,5,5,4,4,3,2,2
X330,2912,Domestic,9,8,8,7,7,7,5,5,5,3,2,2,2,2,2,2,2,2
X331,876,Domestic,324,295,257,235,208,181,145,129,115,78,40,24,13,8,6,5,3,2
X333,9785,Domestic,172,150,120,107,93,77,58,51,45,33,17,10,7,5,4,3,2,2
X337,271,Domestic,551,494,417,363,304,252,202,175,155,103,55,33,20,12,8,7,4,3
X338,6340,Domestic,676,602,505,430,352,279,220,189,164,109,57,34,21,13,9,8,5,4
X339,271,Domestic,537,484,415,363,304,252,202,175,155,103,55,33,20,12,8,7,4,3
X34,271,Domestic,537,484,415,363,304,252,202,175,155,103,55,33,20,12,8,7,4,3
X340,12902,Domestic,72,61,48,42,38,31,20,16,13,8,3,3,3,3,3,3,2,2
X342,870,Domestic,146,124,96,84,72,59,45,40,34,25,13,9,6,5,4,3,2,2
X343,505,Domestic,110,93,70,61,56,45,31,26,22,15,7,5,5,4,4,3,2,2
X344,230,Domestic,308,280,242,220,199,174,140,126,113,77,40,24,13,8,6,5,3,2
X345,81,Domestic,351,321,281,255,221,187,151,135,120,79,40,24,13,8,6,5,3,2
X346,320,Domestic,600,539,456,389,320,257,204,176,155,103,55,33,20,12,8,7,4,3
X35,15069,Domestic,82,70,57,51,46,38,27,22,19,14,7,5,5,4,4,3,2,2
X350,271,Domestic,569,512,435,372,310,253,202,175,155,103,55,33,20,12,8,7,4,3
X351,81,Domestic,354,324,284,258,223,188,151,135,120,79,40,24,13,8,6,5,3,2
X352,7751,Domestic,171,149,119,106,92,76,57,50,44,32,17,10,7,5,4,3,2,2
X353,320,Domestic,594,534,451,384,318,256,204,176,155,103,55,33,20,12,8,7,4,3
X355,166,Domestic,276,248,213,192,173,150,118,105,93,61,29,17,9,6,5,4,3,2
X356,10088,Domestic,718,643,545,468,385,307,238,204,176,118,62,38,24,15,10,9,5,4
X357,271,Domestic,487,448,391,346,297,249,200,175,155,103,55,33,20,12,8,7,4,3
X358,271,Domestic,488,449,391,346,297,249,200,175,155,103,55,33,20,12,8,7,4,3
X36,6339,Domestic,700,625,527,452,374,297,233,199,172,115,61,37,23,15,10,9,5,4
X361,6791,Domestic,194,170,138,123,106,89,66,58,51,37,19,11,7,5,4,3,2,2
X362,271,Domestic,489,450,392,347,297,249,200,175,155,103,55,33,20,12,8,7,4,3
X363,271,Domestic,537,484,415,363,304,252,202,175,155,103,55,33,20,12,8,7,4,3
X365,1937,Domestic,499,460,401,352,299,250,201,175,155,103,55,33,20,12,8,7,4,3
X366,166,Domestic,278,250,214,193,174,150,118,105,93,61,29,17,9,6,5,4,3,2
X367,271,Domestic,487,448,391,346,297,249,200,175,155,103,55,33,20,12,8,7,4,3
X368,166,Domestic,276,248,213,192,173,150,118,105,93,61,29,17,9,6,5,4,3,2
X369,338,Domestic,645,574,479,407,336,268,211,181,159,106,57,34,21,13,9,8,5,4
X37,271,Domestic,566,509,432,370,308,252,202,175,155,103,55,33,20,12,8,7,4,3
X370,271,Domestic,486,447,390,345,297,249,200,175,155,103,55,33,20,12,8,7,4,3
X371,6791,Domestic,196,172,140,125,108,90,67,58,51,37,19,11,7,5,4,3,2,2
X372,2758,Domestic,258,230,195,177,159,137,109,98,88,59,28,16,8,5,4,3,2,2
X373,271,Domestic,486,447,390,345,297,249,200,175,155,103,55,33,20,12,8,7,4,3
X374,271,Domestic,487,448,391,346,297,249,200,175,155,103,55,33,20,12,8,7,4,3
X376,6011,Domestic,185,162,130,116,100,83,61,53,46,34,17,10,7,5,4,3,2,2
X378,10236,Domestic,633,564,469,398,327,262,208,179,157,104,56,34,21,13,9,8,5,4
X379,166,Domestic,274,246,211,191,172,149,118,105,93,61,29,17,9,6,5,4,3,2
X38,6339,Domestic,701,626,528,452,374,297,233,199,172,115,61,37,23,15,10,9,5,4
X380,10392,Domestic,7,6,6,5,5,5,4,4,4,3,2,2,2,2,2,2,2,2
X381,271,Domestic,486,447,390,345,297,249,200,175,155,103,55,33,20,12,8,7,4,3
X382,1437,Domestic,666,593,498,423,347,277,218,187,163,108,57,34,21,13,9,8,5,4
X383,81,Domestic,356,325,285,259,224,188,151,135,120,79,40,24,13,8,6,5,3,2
X384,6327,Domestic,131,109,83,74,65,53,39,34,29,20,10,7,6,5,4,3,2,2
X386,166,Domestic,274,246,211,191,172,149,118,105,93,61,29,17,9,6,5,4,3,2
X387,230,Domestic,308,280,242,220,199,174,140,126,113,77,40,24,13,8,6,5,3,2
X391,3173,Domestic,671,597,501,426,350,278,219,188,164,109,57,34,21,13,9,8,5,4
X392,271,Domestic,531,484,415,363,304,252,202,175,155,103,55,33,20,12,8,7,4,3
X394,320,Domestic,598,538,455,388,319,256,204,176,155,103,55,33,20,12,8,7,4,3
X395,166,Domestic,275,247,212,191,172,149,118,105,93,61,29,17,9,6,5,4,3,2
X396,81,Domestic,358,325,285,259,224,188,151,135,120,79,40,24,13,8,6,5,3,2
X397,855,Domestic,722,647,549,472,389,310,241,207,178,119,63,39,24,15,10,9,5,4
X398,320,Domestic,612,548,458,390,320,257,204,176,155,103,55,33,20,12,8,7,4,3
X4,5196,Domestic,226,200,167,150,133,113,88,78,69,45,22,13,7,5,4,3,2,2
X40,320,Domestic,613,549,458,390,320,257,204,176,155,103,55,33,20,12,8,7,4,3
X400,505,Domestic,122,100,74,65,57,45,31,26,22,15,7,5,5,4,4,3,2,2
X401,3263,Domestic,218,192,160,144,127,109,86,76,67,45,22,13,7,5,4,3,2,2
X402,271,Domestic,537,484,415,363,304,252,202,175,155,103,55,33,20,12,8,7,4,3
X403,90,Domestic,703,628,530,454,376,298,234,200,173,115,61,37,23,15,10,9,5,4
X404,902,Domestic,685,610,512,437,359,285,224,192,167,112,58,35,22,14,10,9,5,4
X405,3500,Domestic,149,127,99,87,73,60,46,41,35,26,14,9,6,5,4,3,2,2
X406,7397,Domestic,679,605,508,433,355,282,221,190,165,110,57,34,21,13,9,8,5,4
X407,505,Domestic,117,97,72,63,56,45,31,26,22,15,7,5,5,4,4,3,2,2
X408,13646,Domestic,656,584,489,416,342,273,215,184,161,107,57,34,21,13,9,8,5,4
X411,6227,Domestic,312,284,246,224,202,176,142,127,113,77,40,24,13,8,6,5,3,2
X412,320,Domestic,606,542,457,390,320,257,204,176,155,103,55,33,20,12,8,7,4,3
X413,13646,Domestic,654,582,487,414,341,272,215,184,161,107,57,34,21,13,9,8,5,4
X415,6944,Domestic,209,183,151,136,119,101,78,69,62,44,22,13,7,5,4,3,2,2
X416,6791,Domestic,195,171,139,124,107,89,66,58,51,37,19,11,7,5,4,3,2,2
X417,4661,Domestic,162,140,111,98,84,69,52,45,39,29,15,9,6,5,4,3,2,2
X418,10071,Domestic,165,143,114,101,87,71,53,46,40,29,15,9,6,5,4,3,2,2
X419,3263,Domestic,219,193,161,145,128,109,86,76,67,45,22,13,7,5,4,3,2,2
X420,271,Domestic,556,499,422,363,304,252,202,175,155,103,55,33,20,12,8,7,4,3
X421,11972,Domestic,180,157,125,111,95,78,59,52,46,34,17,10,7,5,4,3,2,2
X422,6542,Domestic,188,165,133,119,103,86,64,56,49,36,19,11,7,5,4,3,2,2
X423,81,Domestic,352,322,282,256,222,187,151,135,120,79,40,24,13,8,6,5,3,2
X425,8738,Domestic,10,9,9,8,8,8,5,5,5,3,2,2,2,2,2,2,2,2
X427,9234,Domestic,210,184,152,137,120,102,79,69,62,44,22,13,7,5,4,3,2,2
X428,230,Domestic,310,282,244,222,200,175,141,126,113,77,40,24,13,8,6,5,3,2
X429,11967,Domestic,255,227,193,175,157,136,108,98,88,59,28,16,8,5,4,3,2,2
X43,271,Domestic,510,470,409,359,302,252,202,175,155,103,55,33,20,12,8,7,4,3
X433,81,Domestic,350,320,280,254,220,187,151,135,120,79,40,24,13,8,6,5,3,2
X437,320,Domestic,614,549,458,390,320,257,204,176,155,103,55,33,20,12,8,7,4,3
X438,11972,Domestic,181,158,126,112,96,79,59,52,46,34,17,10,7,5,4,3,2,2
X44,15069,Domestic,82,70,57,51,46,38,27,22,19,14,7,5,5,4,4,3,2,2
X440,99,Domestic,143,121,93,82,71,58,44,39,33,24,12,8,6,5,4,3,2,2
X441,15701,Domestic,732,657,559,482,398,318,247,212,183,123,66,40,24,15,10,9,5,4
X46,271,Domestic,585,526,443,378,314,253,202,175,155,103,55,33,20,12,8,7,4,3
X47,902,Domestic,682,608,510,435,357,284,223,192,167,112,58,35,22,14,10,9,5,4
X48,271,Domestic,564,507,430,368,306,252,202,175,155,103,55,33,20,12,8,7,4,3
X5,271,Domestic,537,484,415,363,304,252,202,175,155,103,55,33,20,12,8,7,4,3
X52,271,Domestic,536,484,415,363,304,252,202,175,155,103,55,33,20,12,8,7,4,3
X54,6327,Domestic,131,109,83,74,65,53,39,34,29,20,10,7,6,5,4,3,2,2
X55,6542,Domestic,189,166,134,120,103,86,64,56,49,36,19,11,7,5,4,3,2,2
X56,90,Domestic,709,634,536,459,378,300,234,200,173,115,61,37,23,15,10,9,5,4
X57,9821,Domestic,227,201,168,151,134,114,88,78,69,45,22,13,7,5,4,3,2,2
X58,4560,Domestic,201,176,144,129,112,94,71,62,55,39,19,11,7,5,4,3,2,2
X6,8356,Domestic,1,1,1,1,1,1,1,1,1,1,1,1,1,1,1,1,1,1
X60,12449,Domestic,112,94,71,62,56,45,31,26,22,15,7,5,5,4,4,3,2,2
X61,320,Domestic,613,549,458,390,320,257,204,176,155,103,55,33,20,12,8,7,4,3
X62,3173,Domestic,675,601,504,429,351,278,219,188,164,109,57,34,21,13,9,8,5,4
X64,6327,Domestic,134,112,85,76,66,53,39,34,29,20,10,7,6,5,4,3,2,2
X65,271,Domestic,537,484,415,363,304,252,202,175,155,103,55,33,20,12,8,7,4,3
X66,3173,Domestic,670,596,500,425,349,278,219,188,164,109,57,34,21,13,9,8,5,4
X67,2754,Domestic,225,199,166,149,132,112,87,77,68,45,22,13,7,5,4,3,2,2
X68,7752,Domestic,229,203,170,153,136,116,90,80,70,45,22,13,7,5,4,3,2,2
X69,99,Domestic,140,118,91,81,71,58,44,39,33,24,12,8,6,5,4,3,2,2
X70,6327,Domestic,132,110,83,74,65,53,39,34,29,20,10,7,6,5,4,3,2,2
X72,99,Domestic,141,119,91,81,71,58,44,39,33,24,12,8,6,5,4,3,2,2
X73,320,Domestic,620,551,458,390,320,257,204,176,155,103,55,33,20,12,8,7,4,3
X74,3173,Domestic,672,598,501,426,350,278,219,188,164,109,57,34,21,13,9,8,5,4
X75,320,Domestic,621,552,458,390,320,257,204,176,155,103,55,33,20,12,8,7,4,3
X76,6323,Domestic,205,179,147,132,115,97,74,65,58,41,20,12,7,5,4,3,2,2
X77,6320,Domestic,204,178,146,131,114,96,73,64,57,41,20,12,7,5,4,3,2,2
X79,271,Domestic,575,518,440,377,313,253,202,175,155,103,55,33,20,12,8,7,4,3
X80,320,Domestic,599,539,456,389,320,257,204,176,155,103,55,33,20,12,8,7,4,3
X81,320,Domestic,595,535,452,385,318,256,204,176,155,103,55,33,20,12,8,7,4,3
X82,271,Domestic,577,520,441,377,313,253,202,175,155,103,55,33,20,12,8,7,4,3
X83,271,Domestic,527,483,415,363,304,252,202,175,155,103,55,33,20,12,8,7,4,3
X84,271,Domestic,534,484,415,363,304,252,202,175,155,103,55,33,20,12,8,7,4,3
X86,320,Domestic,593,533,450,384,318,256,204,176,155,103,55,33,20,12,8,7,4,3
X87,271,Domestic,539,484,415,363,304,252,202,175,155,103,55,33,20,12,8,7,4,3
X88,320*,Domestic,596,536,453,386,318,256,204,176,155,103,55,33,20,12,8,7,4,3
X89,7397,Domestic,678,604,507,432,354,281,221,190,165,110,57,34,21,13,9,8,5,4
X9,271,Domestic,533,484,415,363,304,252,202,175,155,103,55,33,20,12,8,7,4,3
X92,271,Domestic,535,484,415,363,304,252,202,175,155,103,55,33,20,12,8,7,4,3
X93,2912,Domestic,15,14,12,11,11,11,6,5,5,3,2,2,2,2,2,2,2,2
X94,320,Domestic,616,549,458,390,320,257,204,176,155,103,55,33,20,12,8,7,4,3
X95,876,Domestic,338,308,268,242,211,181,145,129,115,78,40,24,13,8,6,5,3,2
X96,271,Domestic,555,498,421,363,304,252,202,175,155,103,55,33,20,12,8,7,4,3
X97,271,Domestic,537,484,415,363,304,252,202,175,155,103,55,33,20,12,8,7,4,3
X98,1263,Domestic,158,136,108,95,81,66,49,44,38,28,15,9,6,5,4,3,2,2
X99,876,Domestic,320,292,254,232,208,181,145,129,115,78,40,24,13,8,6,5,3,2
XiJ-19-56,271,Domestic,534,484,415,363,304,252,202,175,155,103,55,33,20,12,8,7,4,3
GPS_NO_NIPH_537,66,GPS,380,344,300,270,232,195,156,139,122,80,40,24,13,8,6,5,3,2
GPS_NO_NIPH_851,11287,GPS,130,108,82,73,64,52,38,33,28,19,9,7,6,5,4,3,2,2
SPE_GB3_872183,416,GPS,347,317,277,251,218,186,150,134,119,78,40,24,13,8,6,5,3,2
SPE_GB3_874964,53,GPS,52,43,33,30,27,23,15,13,11,6,3,3,3,3,3,3,2,2
GPS_ES_CAN_2688,386,GPS,724,649,551,474,391,312,243,209,180,120,63,39,24,15,10,9,5,4
SPE_GB3_877331,53,GPS,49,43,33,30,27,23,15,13,11,6,3,3,3,3,3,3,2,2
GPS_ZA_8545,10595,GPS,460,421,366,323,275,229,185,163,143,93,47,30,18,11,7,6,3,2
SPE_GB3_883070,717,GPS,31,29,25,23,22,20,13,11,9,5,3,3,3,3,3,3,2,2
GPS_NO_NIPH_749,17272,GPS,428,390,340,304,257,216,173,154,135,88,45,29,18,11,7,6,3,2
SPE_GB3_873520,180,GPS,105,89,67,58,53,42,30,25,21,15,7,5,5,4,4,3,2,2
GPS_ZA_8464,458,GPS,73,62,49,43,39,32,21,17,14,9,4,4,4,4,4,3,2,2
SPE_GB3_875006,63,GPS,24,23,20,19,19,18,11,9,7,4,3,3,3,3,3,3,2,2
SPE_GB3_893979,100,GPS,33,31,26,24,23,21,14,12,10,5,3,3,3,3,3,3,2,2
SPE_GB3_885167,1220,GPS,75,63,50,44,40,33,22,18,15,10,5,4,4,4,4,3,2,2
SPE_GB3_901567,162,GPS,266,238,203,184,165,143,114,102,91,61,29,17,9,6,5,4,3,2
GPS_ZA_8575,700,GPS,317,289,251,229,206,179,144,128,114,77,40,24,13,8,6,5,3,2
SPE_GB3_893929,66,GPS,381,345,301,271,232,195,156,139,122,80,40,24,13,8,6,5,3,2
SPE_GB3_897412,393,GPS,404,368,323,289,247,206,164,145,127,82,42,26,15,10,7,6,3,2
GPS_ZA_8602,458,GPS,74,62,49,43,39,32,21,17,14,9,4,4,4,4,4,3,2,2
SPE_GB3_885179,1349,GPS,636,567,472,401,330,264,210,180,158,105,57,34,21,13,9,8,5,4
SPE_GB3_909766,66,GPS,374,340,298,268,231,194,156,139,122,80,40,24,13,8,6,5,3,2
SPE_GB3_897354,97,GPS,438,400,349,310,262,219,176,157,138,91,47,30,18,11,7,6,3,2
GPS_NO_NIPH_1070,62,GPS,67,56,43,37,33,27,16,14,12,7,3,3,3,3,3,3,2,2
GPS_ZA_8534,7068,GPS,298,270,232,210,189,165,133,120,107,72,38,23,12,7,5,4,3,2
GPS_NO_NIPH_890,433,GPS,435,397,346,307,259,216,173,154,135,88,45,29,18,11,7,6,3,2
SPE_GB3_897413,180,GPS,85,72,59,53,48,39,28,23,20,15,7,5,5,4,4,3,2,2
SPE_GB3_894540,439,GPS,399,363,318,284,242,202,162,143,125,81,41,25,14,9,7,6,3,2
GPS_ZA_8642,53,GPS,41,38,32,29,27,23,15,13,11,6,3,3,3,3,3,3,2,2
SPE_GB3_898727,66,GPS,376,341,298,268,231,194,156,139,122,80,40,24,13,8,6,5,3,2
SPE_GB3_897414,11167,GPS,634,565,470,399,328,263,209,180,158,105,57,34,21,13,9,8,5,4
GPS_NO_NIPH_1005,433,GPS,427,389,340,304,257,216,173,154,135,88,45,29,18,11,7,6,3,2
GPS_NO_NIPH_295,205,GPS,409,373,328,293,250,209,167,148,130,85,44,28,17,11,7,6,3,2
GPS_ZA_8636,53,GPS,42,38,32,29,27,23,15,13,11,6,3,3,3,3,3,3,2,2
GPS_ES_CAN_3645,801,GPS,237,211,178,160,143,122,96,86,76,50,24,14,8,5,4,3,2,2
SPE_GB3_896087,717,GPS,29,28,25,23,22,20,13,11,9,5,3,3,3,3,3,3,2,2
GPS_ZA_8582,4909,GPS,126,104,78,69,60,48,34,29,24,16,7,5,5,4,4,3,2,2
GPS_NO_NIPH_825,3500,GPS,153,131,103,90,76,62,46,41,35,26,14,9,6,5,4,3,2,2
GPS_NO_NIPH_292,53,GPS,35,33,28,26,25,23,15,13,11,6,3,3,3,3,3,3,2,2
GPS_NO_NIPH_426,433,GPS,422,384,336,301,256,215,173,154,135,88,45,29,18,11,7,6,3,2
GPS_ZA_8485,1221,GPS,413,377,332,297,253,212,170,151,133,86,44,28,17,11,7,6,3,2
GPS_NO_NIPH_767,16045,GPS,475,436,381,336,288,241,194,171,151,100,52,31,18,11,7,6,3,2
GPS_NL_RAD_0631,15187,GPS,56,45,33,30,27,23,15,13,11,6,3,3,3,3,3,3,2,2
SPE_GB3_894538,18425,GPS,69,58,45,39,35,28,17,14,12,7,3,3,3,3,3,3,2,2
SPE_GB3_888106,2372,GPS,639,568,473,402,331,265,210,180,158,105,57,34,21,13,9,8,5,4
SPE_GB3_886749,3559,GPS,50,43,33,30,27,23,15,13,11,6,3,3,3,3,3,3,2,2
SPE_GB3_871141,53,GPS,52,43,33,30,27,23,15,13,11,6,3,3,3,3,3,3,2,2
SPE_GB3_901551,2372,GPS,635,566,471,400,329,263,209,180,158,105,57,34,21,13,9,8,5,4
GPS_NO_NIPH_1034,180,GPS,90,77,62,55,50,41,29,24,20,15,7,5,5,4,4,3,2,2
GPS_ZA_8448,7052,GPS,725,650,552,475,392,313,244,210,181,121,64,39,24,15,10,9,5,4
SPE_GB3_897429,53,GPS,49,43,33,30,27,23,15,13,11,6,3,3,3,3,3,3,2,2
GPS_ZA_8386,11009,GPS,304,276,238,216,195,170,136,123,110,74,39,23,12,7,5,4,3,2
SPE_GB3_900669,570,GPS,465,426,371,328,280,234,189,167,147,97,50,31,18,11,7,6,3,2
SPE_GB3_877954,53,GPS,52,43,33,30,27,23,15,13,11,6,3,3,3,3,3,3,2,2
GPS_NO_NIPH_795,180,GPS,86,73,60,54,49,40,28,23,20,15,7,5,5,4,4,3,2,2
GPS_NO_NIPH_975,1349,GPS,638,567,472,401,330,264,210,180,158,105,57,34,21,13,9,8,5,4
GPS_PK_AKU_NP0117,-,GPS,287,259,223,201,182,158,126,113,101,67,34,21,11,7,5,4,3,2
SPE_GB3_892787,53,GPS,55,44,33,30,27,23,15,13,11,6,3,3,3,3,3,3,2,2
GPS_NO_NIPH_561,9579,GPS,397,361,316,284,242,202,162,143,125,81,41,25,14,9,7,6,3,2
SPE_GB3_894512,58,GPS,469,430,375,331,283,237,192,169,149,98,51,31,18,11,7,6,3,2
GPS_NO_NIPH_491,433,GPS,426,388,340,304,257,216,173,154,135,88,45,29,18,11,7,6,3,2
GPS_NO_NIPH_530,13708,GPS,385,349,305,275,235,196,157,139,122,80,40,24,13,8,6,5,3,2
GPS_NO_NIPH_279,53,GPS,46,42,33,30,27,23,15,13,11,6,3,3,3,3,3,3,2,2
SPE_GB3_883915,2372,GPS,643,572,477,405,334,266,210,180,158,105,57,34,21,13,9,8,5,4
GPS_NO_NIPH_594,16420,GPS,297,269,231,209,188,164,132,119,106,71,37,22,12,7,5,4,3,2
SPE_GB3_874946,66,GPS,384,348,304,274,234,195,156,139,122,80,40,24,13,8,6,5,3,2
SPE_GB3_877925,30,GPS,468,429,374,330,282,236,191,168,148,97,50,31,18,11,7,6,3,2
SPE_GB3_901548,2372,GPS,641,570,475,404,333,266,210,180,158,105,57,34,21,13,9,8,5,4
SPE_GB3_873511,1551,GPS,443,404,352,312,264,220,177,158,139,91,47,30,18,11,7,6,3,2
SPE_GB3_888056,100,GPS,34,32,27,25,24,22,14,12,10,5,3,3,3,3,3,3,2,2
SPE_GB3_897415,97,GPS,445,406,354,314,266,221,178,159,139,91,47,30,18,11,7,6,3,2
GPS_ZA_8589,53,GPS,41,38,32,29,27,23,15,13,11,6,3,3,3,3,3,3,2,2
GPS_NO_NIPH_711,2372,GPS,640,569,474,403,332,265,210,180,158,105,57,34,21,13,9,8,5,4
SPE_GB3_872196,63,GPS,27,26,23,21,20,18,11,9,7,4,3,3,3,3,3,3,2,2
SPE_GB3_890533,53,GPS,50,43,33,30,27,23,15,13,11,6,3,3,3,3,3,3,2,2
SPE_GB3_879972,438,GPS,390,354,310,280,239,199,160,141,124,81,41,25,14,9,7,6,3,2
GPS_ES_CAN_3274,53,GPS,58,47,35,30,27,23,15,13,11,6,3,3,3,3,3,3,2,2
SPE_GB3_869338,433,GPS,429,391,340,304,257,216,173,154,135,88,45,29,18,11,7,6,3,2
SPE_GB3_900737,53,GPS,52,43,33,30,27,23,15,13,11,6,3,3,3,3,3,3,2,2
GPS_NO_NIPH_815,180,GPS,104,88,66,57,52,42,30,25,21,15,7,5,5,4,4,3,2,2
SPE_GB3_890592,53,GPS,52,43,33,30,27,23,15,13,11,6,3,3,3,3,3,3,2,2
SPE_GB3_873509,180,GPS,84,72,59,53,48,39,28,23,20,15,7,5,5,4,4,3,2,2
GPS_ZA_8380,2062,GPS,295,267,229,207,186,162,130,117,104,70,37,22,12,7,5,4,3,2
GPS_NO_NIPH_489,180,GPS,99,83,64,57,52,42,30,25,21,15,7,5,5,4,4,3,2,2
SPE_GB3_896058,53,GPS,52,43,33,30,27,23,15,13,11,6,3,3,3,3,3,3,2,2
GPS_NO_NIPH_898,834,GPS,370,336,295,266,229,192,154,137,122,80,40,24,13,8,6,5,3,2
SPE_GB3_871133,4346,GPS,128,106,80,71,62,50,36,31,26,18,9,7,6,5,4,3,2,2
GPS_ZA_8520,2185,GPS,407,371,326,291,248,207,165,146,128,83,43,27,16,11,7,6,3,2
SPE_GB3_876187,62,GPS,68,57,44,38,34,27,16,14,12,7,3,3,3,3,3,3,2,2
SPE_GB3_894537,6524,GPS,280,252,216,195,176,152,120,107,95,63,30,18,9,6,5,4,3,2
SPE_GB3_885165,62,GPS,65,54,41,35,32,27,16,14,12,7,3,3,3,3,3,3,2,2
GPS_NO_NIPH_1066,9248,GPS,231,205,172,155,138,118,92,82,72,47,22,13,7,5,4,3,2,2
SPE_GB3_874967,994,GPS,305,277,239,217,196,171,137,124,111,75,39,23,12,7,5,4,3,2
GPS_NO_NIPH_780,717,GPS,30,28,25,23,22,20,13,11,9,5,3,3,3,3,3,3,2,2
GPS_ZA_8377,8678,GPS,507,467,406,356,302,252,202,175,155,103,55,33,20,12,8,7,4,3
SPE_GB3_900736,11191,GPS,394,358,313,281,240,200,160,141,124,81,41,25,14,9,7,6,3,2
SPE_GB3_879947,2062,GPS,294,266,228,206,185,161,129,116,104,70,37,22,12,7,5,4,3,2
SPE_GB3_898754,180,GPS,87,74,60,54,49,40,28,23,20,15,7,5,5,4,4,3,2,2
SPE_GB3_873498,225,GPS,461,422,367,324,276,230,186,164,144,94,48,30,18,11,7,6,3,2
GPS_NO_NIPH_866,162,GPS,269,241,206,186,167,145,115,103,91,61,29,17,9,6,5,4,3,2
SPE_GB3_900735,438,GPS,392,356,311,280,239,199,160,141,124,81,41,25,14,9,7,6,3,2
GPS_NO_NIPH_750,53,GPS,46,42,33,30,27,23,15,13,11,6,3,3,3,3,3,3,2,2
SPE_GB3_883008,53,GPS,49,43,33,30,27,23,15,13,11,6,3,3,3,3,3,3,2,2
GPS_NO_NIPH_593,439,GPS,398,362,317,284,242,202,162,143,125,81,41,25,14,9,7,6,3,2
GPS_ZA_8439,2062,GPS,293,265,227,205,185,161,129,116,104,70,37,22,12,7,5,4,3,2
SPE_GB3_894532,63,GPS,23,22,19,18,18,17,10,8,6,4,3,3,3,3,3,3,2,2
GPS_NO_NIPH_289,205,GPS,410,374,329,294,250,209,167,148,130,85,44,28,17,11,7,6,3,2
GPS_NO_NIPH_817,180,GPS,102,86,64,57,52,42,30,25,21,15,7,5,5,4,4,3,2,2
SPE_GB3_875004,66,GPS,378,342,298,268,231,194,156,139,122,80,40,24,13,8,6,5,3,2
GPS_TW_NHRI_SPN138,83,GPS,367,333,292,263,226,189,152,135,120,79,40,24,13,8,6,5,3,2
GPS_NO_NIPH_555,42,GPS,387,351,307,277,237,198,159,141,124,81,41,25,14,9,7,6,3,2
GPS_ZA_8437,989,GPS,243,216,182,164,147,126,100,90,80,53,25,14,8,5,4,3,2,2
SPE_GB3_891476,1635,GPS,455,416,361,318,270,225,182,162,142,92,47,30,18,11,7,6,3,2
GPS_PK_AKU_NP0006,3135,GPS,306,278,240,218,197,172,138,125,112,76,40,24,13,8,6,5,3,2
GPS_ES_CAN_1992,404,GPS,463,424,369,326,278,232,188,166,146,96,49,31,18,11,7,6,3,2
SPE_GB3_900680,62,GPS,63,52,40,34,31,26,16,14,12,7,3,3,3,3,3,3,2,2
GPS_NO_NIPH_596,1379,GPS,408,372,327,292,249,208,166,147,129,84,43,27,16,11,7,6,3,2
GPS_ZA_8459,1222,GPS,238,212,179,161,144,123,97,87,77,50,24,14,8,5,4,3,2,2
SPE_GB3_874984,53,GPS,52,43,33,30,27,23,15,13,11,6,3,3,3,3,3,3,2,2
SPE_GB3_872247,-,GPS,285,257,221,199,180,156,124,111,99,65,32,19,10,6,5,4,3,2
GPS_NO_NIPH_886,62,GPS,67,56,43,37,33,27,16,14,12,7,3,3,3,3,3,3,2,2
GPS_NO_NIPH_359,433,GPS,434,396,345,306,258,216,173,154,135,88,45,29,18,11,7,6,3,2
GPS_ZA_8424,17009,GPS,307,279,241,219,198,173,139,125,112,76,40,24,13,8,6,5,3,2
GPS_ZA_8537,12245,GPS,283,255,219,197,178,154,122,109,97,64,31,19,10,6,5,4,3,2
GPS_ES_CAN_3829,2068,GPS,448,409,357,317,269,224,181,161,141,92,47,30,18,11,7,6,3,2
SPE_GB3_874977,433,GPS,431,393,342,304,257,216,173,154,135,88,45,29,18,11,7,6,3,2
GPS_NO_NIPH_776,8604,GPS,451,412,360,318,270,225,182,162,142,92,47,30,18,11,7,6,3,2
GPS_NO_NIPH_405,53,GPS,46,42,33,30,27,23,15,13,11,6,3,3,3,3,3,3,2,2
GPS_NO_NIPH_700,179,GPS,251,223,189,171,153,132,105,95,85,56,26,15,8,5,4,3,2,2
SPE_GB3_877350,62,GPS,64,53,40,34,31,26,16,14,12,7,3,3,3,3,3,3,2,2
SPE_GB3_880010,53,GPS,51,43,33,30,27,23,15,13,11,6,3,3,3,3,3,3,2,2
GPS_NO_NIPH_820,17310,GPS,154,132,104,91,77,63,47,42,36,27,15,9,6,5,4,3,2,2
SPE_GB3_869373,53,GPS,52,43,33,30,27,23,15,13,11,6,3,3,3,3,3,3,2,2
GPS_NO_NIPH_659,30,GPS,467,428,373,329,281,235,190,167,147,97,50,31,18,11,7,6,3,2
SPE_GB3_894530,66,GPS,382,346,302,272,232,195,156,139,122,80,40,24,13,8,6,5,3,2
SPE_GB3_873493,3811,GPS,261,233,198,180,162,140,112,101,90,61,29,17,9,6,5,4,3,2
GPS_NO_NIPH_950,392,GPS,471,432,377,333,285,239,193,170,150,99,51,31,18,11,7,6,3,2
SPE_GB3_888052,180,GPS,98,82,63,56,51,42,30,25,21,15,7,5,5,4,4,3,2,2
GPS_ZA_8585,53,GPS,38,35,29,26,25,23,15,13,11,6,3,3,3,3,3,3,2,2
GPS_NO_NIPH_512,433,GPS,432,394,343,305,258,216,173,154,135,88,45,29,18,11,7,6,3,2
SPE_GB3_872240,53,GPS,52,43,33,30,27,23,15,13,11,6,3,3,3,3,3,3,2,2
SPE_GB3_886743,3811,GPS,262,234,199,180,162,140,112,101,90,61,29,17,9,6,5,4,3,2
SPE_GB3_877942,180,GPS,95,80,63,56,51,42,30,25,21,15,7,5,5,4,4,3,2,2
SPE_GB3_896094,162,GPS,267,239,204,185,166,144,115,103,91,61,29,17,9,6,5,4,3,2
GPS_ZA_8486,2416,GPS,477,438,383,338,290,243,196,173,153,102,54,32,19,11,7,6,3,2
GPS_NO_NIPH_1057,446,GPS,456,417,362,319,271,226,183,162,142,92,47,30,18,11,7,6,3,2
GPS_NO_NIPH_757,404,GPS,464,425,370,327,279,233,188,166,146,96,49,31,18,11,7,6,3,2
GPS_ZA_8451,4084,GPS,281,253,217,196,177,153,121,108,96,64,31,19,10,6,5,4,3,2
GPS_NO_NIPH_340,433,GPS,416,380,334,299,255,214,172,153,135,88,45,29,18,11,7,6,3,2
GPS_NO_NIPH_978,392,GPS,474,435,380,335,287,240,193,170,150,99,51,31,18,11,7,6,3,2
SPE_GB3_890568,1551,GPS,441,402,351,312,264,220,177,158,139,91,47,30,18,11,7,6,3,2
GPS_NO_NIPH_919,66,GPS,372,338,297,267,230,193,155,138,122,80,40,24,13,8,6,5,3,2
SPE_GB3_880982,989,GPS,244,217,183,165,147,126,100,90,80,53,25,14,8,5,4,3,2,2
GPS_NO_NIPH_417,62,GPS,66,55,42,36,32,27,16,14,12,7,3,3,3,3,3,3,2,2
GPS_NO_NIPH_708,517,GPS,379,343,299,269,231,194,156,139,122,80,40,24,13,8,6,5,3,2
GPS_NO_NIPH_764,433,GPS,419,381,335,300,255,214,172,153,135,88,45,29,18,11,7,6,3,2
SPE_GB3_894531,433,GPS,425,387,339,303,256,215,173,154,135,88,45,29,18,11,7,6,3,2
GPS_NO_NIPH_1030,138,GPS,680,606,509,434,356,283,222,191,166,111,57,34,21,13,9,8,5,4
SPE_GB3_894509,452,GPS,300,272,234,212,191,167,135,122,109,73,39,23,12,7,5,4,3,2
SPE_GB3_897426,570,GPS,466,427,372,328,280,234,189,167,147,97,50,31,18,11,7,6,3,2
GPS_NO_NIPH_355,180,GPS,91,78,63,56,51,42,30,25,21,15,7,5,5,4,4,3,2,2
GPS_NO_NIPH_557,505,GPS,107,91,69,60,55,44,31,26,22,15,7,5,5,4,4,3,2,2
GPS_NO_NIPH_937,180,GPS,100,84,64,57,52,42,30,25,21,15,7,5,5,4,4,3,2,2
GPS_NO_NIPH_689,17146,GPS,457,418,363,320,272,226,183,162,142,92,47,30,18,11,7,6,3,2
GPS_ZA_8569,347,GPS,289,261,225,203,184,160,128,115,103,69,36,22,12,7,5,4,3,2
GPS_ES_CAN_3818,7438,GPS,254,226,192,174,156,135,107,97,87,58,27,16,8,5,4,3,2,2
GPS_NO_NIPH_838,452,GPS,301,273,235,213,192,167,135,122,109,73,39,23,12,7,5,4,3,2
GPS_PK_AKU_NP0138,-,GPS,168,146,117,104,90,74,55,48,42,30,16,10,7,5,4,3,2,2
GPS_NO_NIPH_831,2220,GPS,346,316,276,250,217,185,149,133,118,78,40,24,13,8,6,5,3,2
GPS_NO_NIPH_629,1551,GPS,442,403,351,312,264,220,177,158,139,91,47,30,18,11,7,6,3,2
GPS_NO_NIPH_373,53,GPS,36,33,28,26,25,23,15,13,11,6,3,3,3,3,3,3,2,2
SPE_GB3_891489,1026,GPS,169,147,118,105,91,75,56,49,43,31,16,10,7,5,4,3,2,2
GPS_NO_NIPH_1064,433,GPS,417,380,334,299,255,214,172,153,135,88,45,29,18,11,7,6,3,2
SPE_GB3_901571,97,GPS,440,401,350,311,263,219,176,157,138,91,47,30,18,11,7,6,3,2
SPE_GB3_876179,162,GPS,268,240,205,185,166,144,115,103,91,61,29,17,9,6,5,4,3,2
SPE_GB3_874930,53,GPS,52,43,33,30,27,23,15,13,11,6,3,3,3,3,3,3,2,2
GPS_NO_NIPH_619,200,GPS,345,315,275,249,216,184,148,132,117,78,40,24,13,8,6,5,3,2
GPS_NO_NIPH_818,97,GPS,439,400,349,310,262,219,176,157,138,91,47,30,18,11,7,6,3,2
GPS_ZA_8373,70,GPS,386,350,306,276,236,197,158,140,123,80,40,24,13,8,6,5,3,2
GPS_NO_NIPH_714,4726,GPS,396,360,315,283,241,201,161,142,124,81,41,25,14,9,7,6,3,2
GPS_NO_NIPH_712,373,GPS,288,260,224,202,183,159,127,114,102,68,35,21,11,7,5,4,3,2
SPE_GB3_872202,717,GPS,32,30,25,23,22,20,13,11,9,5,3,3,3,3,3,3,2,2
GPS_NO_NIPH_1062,66,GPS,373,339,297,267,230,193,155,138,122,80,40,24,13,8,6,5,3,2
SPE_GB3_890588,53,GPS,52,43,33,30,27,23,15,13,11,6,3,3,3,3,3,3,2,2
GPS_NO_NIPH_345,15434,GPS,303,275,237,215,194,169,135,122,109,73,39,23,12,7,5,4,3,2
SPE_GB3_886755,433,GPS,424,386,338,302,256,215,173,154,135,88,45,29,18,11,7,6,3,2
GPS_NO_NIPH_1063,816,GPS,450,411,359,317,269,224,181,161,141,92,47,30,18,11,7,6,3,2
SPE_GB3_897379,53,GPS,52,43,33,30,27,23,15,13,11,6,3,3,3,3,3,3,2,2
GPS_NO_NIPH_706,433,GPS,430,392,341,304,257,216,173,154,135,88,45,29,18,11,7,6,3,2
SPE_GB3_886740,11161,GPS,470,431,376,332,284,238,192,169,149,98,51,31,18,11,7,6,3,2
GPS_NO_NIPH_828,53,GPS,36,33,28,26,25,23,15,13,11,6,3,3,3,3,3,3,2,2
GPS_ZA_8453,53,GPS,44,40,32,29,27,23,15,13,11,6,3,3,3,3,3,3,2,2
GPS_NO_NIPH_375,2690,GPS,129,107,81,72,63,51,37,32,27,18,9,7,6,5,4,3,2,2
SPE_GB3_890516,17646,GPS,391,355,310,280,239,199,160,141,124,81,41,25,14,9,7,6,3,2
GPS_NO_NIPH_758,53,GPS,48,42,33,30,27,23,15,13,11,6,3,3,3,3,3,3,2,2
GPS_NO_NIPH_984,834,GPS,369,335,294,265,228,191,154,137,122,80,40,24,13,8,6,5,3,2
SPE_GB3_897351,177,GPS,247,220,186,168,150,129,103,93,83,56,26,15,8,5,4,3,2,2
GPS_ZA_8503,4084,GPS,282,254,218,196,177,153,121,108,96,64,31,19,10,6,5,4,3,2
GPS_NO_NIPH_330,3500,GPS,151,129,101,88,74,61,46,41,35,26,14,9,6,5,4,3,2,2
SPE_GB3_873515,180,GPS,89,76,61,54,49,40,28,23,20,15,7,5,5,4,4,3,2,2
SPE_GB3_894525,53,GPS,52,43,33,30,27,23,15,13,11,6,3,3,3,3,3,3,2,2
SPE_GB3_900706,1684,GPS,79,67,54,48,43,35,24,20,17,12,5,4,4,4,4,3,2,2
SPE_GB3_874976,62,GPS,71,60,47,41,37,30,19,15,12,7,3,3,3,3,3,3,2,2
GPS_ZA_8596,5410,GPS,415,379,333,298,254,213,171,152,134,87,44,28,17,11,7,6,3,2
GPS_ZA_8588,2062,GPS,291,263,226,204,185,161,129,116,104,70,37,22,12,7,5,4,3,2
SPE_GB3_880990,53,GPS,52,43,33,30,27,23,15,13,11,6,3,3,3,3,3,3,2,2
GPS_ZA_8590,3983,GPS,436,398,347,308,260,217,174,155,136,89,46,30,18,11,7,6,3,2
GPS_NO_NIPH_811,1349,GPS,637,567,472,401,330,264,210,180,158,105,57,34,21,13,9,8,5,4
GPS_NO_NIPH_996,53,GPS,46,42,33,30,27,23,15,13,11,6,3,3,3,3,3,3,2,2
GPS_NO_NIPH_887,180,GPS,92,78,63,56,51,42,30,25,21,15,7,5,5,4,4,3,2,2
GPS_NO_NIPH_948,53,GPS,60,49,37,31,28,23,15,13,11,6,3,3,3,3,3,3,2,2
GPS_NO_NIPH_1047,63,GPS,26,25,22,20,19,18,11,9,7,4,3,3,3,3,3,3,2,2
SPE_GB3_880945,177,GPS,248,220,186,168,150,129,103,93,83,56,26,15,8,5,4,3,2,2
SPE_GB3_896084,53,GPS,57,46,34,30,27,23,15,13,11,6,3,3,3,3,3,3,2,2
SPE_GB3_875000,53,GPS,52,43,33,30,27,23,15,13,11,6,3,3,3,3,3,3,2,2
GPS_NO_NIPH_413,446,GPS,459,420,365,322,274,228,184,162,142,92,47,30,18,11,7,6,3,2
GPS_ES_CAN_2691,97,GPS,446,407,355,315,267,222,179,159,139,91,47,30,18,11,7,6,3,2
SPE_GB3_871172,180,GPS,93,79,63,56,51,42,30,25,21,15,7,5,5,4,4,3,2,2
SPE_GB3_880004,4338,GPS,51,43,33,30,27,23,15,13,11,6,3,3,3,3,3,3,2,2
SPE_GB3_901569,162,GPS,264,236,201,182,163,141,113,102,91,61,29,17,9,6,5,4,3,2
GPS_NO_NIPH_432,53,GPS,35,33,28,26,25,23,15,13,11,6,3,3,3,3,3,3,2,2
GPS_NO_NIPH_929,62,GPS,70,59,46,40,36,29,18,14,12,7,3,3,3,3,3,3,2,2
SPE_GB3_893912,433,GPS,433,395,344,305,258,216,173,154,135,88,45,29,18,11,7,6,3,2
GPS_TW_NHRI_SPN136,9395,GPS,197,173,141,126,109,91,68,59,52,38,19,11,7,5,4,3,2,2
GPS_ZA_8481,4881,GPS,279,251,215,194,175,151,119,106,94,62,29,17,9,6,5,4,3,2
GPS_NO_NIPH_531,1635,GPS,453,414,360,318,270,225,182,162,142,92,47,30,18,11,7,6,3,2
SPE_GB3_892844,17861,GPS,263,235,200,181,162,140,112,101,90,61,29,17,9,6,5,4,3,2
GPS_NO_NIPH_549,439,GPS,400,364,319,285,243,202,162,143,125,81,41,25,14,9,7,6,3,2
SPE_GB3_872225,306,GPS,476,437,382,337,289,242,195,172,152,101,53,31,18,11,7,6,3,2
GPS_NO_NIPH_540,53,GPS,59,48,36,30,27,23,15,13,11,6,3,3,3,3,3,3,2,2
SPE_GB3_891494,177,GPS,249,221,187,169,151,130,103,93,83,56,26,15,8,5,4,3,2,2
SPE_GB3_891461,180,GPS,106,90,68,59,54,43,30,25,21,15,7,5,5,4,4,3,2,2
GPS_NO_NIPH_848,1448,GPS,403,367,322,288,246,205,163,144,126,81,41,25,14,9,7,6,3,2
GPS_NO_NIPH_428,180,GPS,88,75,60,54,49,40,28,23,20,15,7,5,5,4,4,3,2,2
SPE_GB3_876194,16383,GPS,76,64,51,45,40,33,22,18,15,10,5,4,4,4,4,3,2,2
GPS_NO_NIPH_747,433,GPS,418,380,334,299,255,214,172,153,135,88,45,29,18,11,7,6,3,2
SPE_GB3_886767,10468,GPS,77,65,52,46,41,34,23,19,16,11,5,4,4,4,4,3,2,2
GPS_NO_NIPH_1003,654,GPS,252,224,190,172,154,133,106,96,86,57,27,16,8,5,4,3,2,2
GPS_ZA_8587,53,GPS,43,39,32,29,27,23,15,13,11,6,3,3,3,3,3,3,2,2
GPS_NO_NIPH_864,3017,GPS,343,313,273,247,215,183,147,131,116,78,40,24,13,8,6,5,3,2
SPE_GB3_874931,438,GPS,395,359,314,282,240,200,160,141,124,81,41,25,14,9,7,6,3,2
SPE_AU1_AUSMDU00074022,4149,GPS,2,2,2,2,2,2,2,2,2,2,1,1,1,1,1,1,1,1
GPS_ZA_8508,393,GPS,405,369,324,289,247,206,164,145,127,82,42,26,15,10,7,6,3,2
SPE_GB3_872181,191,GPS,127,105,79,70,61,49,35,30,25,17,8,6,5,4,4,3,2,2
GPS_NO_NIPH_490,53,GPS,40,37,31,28,26,23,15,13,11,6,3,3,3,3,3,3,2,2
GPS_NO_NIPH_1008,392,GPS,473,434,379,334,286,239,193,170,150,99,51,31,18,11,7,6,3,2
GPS_NO_NIPH_669,162,GPS,270,242,207,187,168,145,115,103,91,61,29,17,9,6,5,4,3,2
SPE_GB3_900752,53,GPS,53,43,33,30,27,23,15,13,11,6,3,3,3,3,3,3,2,2
GPS_ZA_8474,347,GPS,290,262,225,203,184,160,128,115,103,69,36,22,12,7,5,4,3,2
SPE_GB3_876151,1877,GPS,299,271,233,211,190,166,134,121,108,72,38,23,12,7,5,4,3,2
SPE_GB3_874990,15427,GPS,462,423,368,325,277,231,187,165,145,95,48,30,18,11,7,6,3,2
SPE_GB3_897420,97,GPS,438,400,349,310,262,219,176,157,138,91,47,30,18,11,7,6,3,2
SPE_GB3_873488,53,GPS,52,43,33,30,27,23,15,13,11,6,3,3,3,3,3,3,2,2
GPS_NO_NIPH_824,53,GPS,47,42,33,30,27,23,15,13,11,6,3,3,3,3,3,3,2,2
GPS_NO_NIPH_861,180,GPS,86,73,60,54,49,40,28,23,20,15,7,5,5,4,4,3,2,2
GPS_NO_NIPH_603,6945,GPS,241,214,181,163,146,125,99,89,79,52,25,14,8,5,4,3,2,2
SPE_GB3_880953,162,GPS,271,243,208,188,169,146,116,103,91,61,29,17,9,6,5,4,3,2
SPE_GB3_890569,66,GPS,375,340,298,268,231,194,156,139,122,80,40,24,13,8,6,5,3,2
SPE_GB3_883913,53,GPS,50,43,33,30,27,23,15,13,11,6,3,3,3,3,3,3,2,2
GPS_NO_NIPH_792,42,GPS,388,352,308,278,237,198,159,141,124,81,41,25,14,9,7,6,3,2
GPS_ZA_8438,1221,GPS,414,378,332,297,253,212,170,151,133,86,44,28,17,11,7,6,3,2
SPE_GB3_886768,66,GPS,383,347,303,273,233,195,156,139,122,80,40,24,13,8,6,5,3,2
GPS_NO_NIPH_967,1635,GPS,454,415,360,318,270,225,182,162,142,92,47,30,18,11,7,6,3,2
GPS_NO_NIPH_543,433,GPS,420,382,335,300,255,214,172,153,135,88,45,29,18,11,7,6,3,2
SPE_GB3_890571,8604,GPS,452,413,360,318,270,225,182,162,142,92,47,30,18,11,7,6,3,2
GPS_NO_NIPH_804,63,GPS,25,24,21,19,19,18,11,9,7,4,3,3,3,3,3,3,2,2
GPS_ZA_8484,53,GPS,41,38,32,29,27,23,15,13,11,6,3,3,3,3,3,3,2,2
GPS_NO_NIPH_314,1551,GPS,444,405,353,313,265,220,177,158,139,91,47,30,18,11,7,6,3,2
SPE_GB3_872243,433,GPS,423,385,337,301,256,215,173,154,135,88,45,29,18,11,7,6,3,2
SPE_GB3_898695,246,GPS,412,376,331,296,252,211,169,150,132,85,44,28,17,11,7,6,3,2
SPE_GB3_891432,53,GPS,46,42,33,30,27,23,15,13,11,6,3,3,3,3,3,3,2,2
GPS_NO_NIPH_985,834,GPS,369,335,294,265,228,191,154,137,122,80,40,24,13,8,6,5,3,2
SPE_GB3_890537,11167,GPS,642,571,476,404,333,266,210,180,158,105,57,34,21,13,9,8,5,4
SPE_GB3_890567,199,GPS,344,314,274,248,215,183,147,131,116,78,40,24,13,8,6,5,3,2
GPS_NO_NIPH_964,180,GPS,101,85,64,57,52,42,30,25,21,15,7,5,5,4,4,3,2,2
GPS_PK_AKU_NP0102,-,GPS,286,258,222,200,181,157,125,112,100,66,33,20,10,6,5,4,3,2
GPS_NO_NIPH_469,392,GPS,472,433,378,333,285,239,193,170,150,99,51,31,18,11,7,6,3,2
SPE_GB3_877923,180,GPS,96,80,63,56,51,42,30,25,21,15,7,5,5,4,4,3,2,2
SPE_GB3_880002,180,GPS,97,81,63,56,51,42,30,25,21,15,7,5,5,4,4,3,2,2
GPS_NO_NIPH_272,505,GPS,108,92,69,60,55,44,31,26,22,15,7,5,5,4,4,3,2,2
SPE_GB3_874935,3423,GPS,253,225,191,173,155,134,106,96,86,57,27,16,8,5,4,3,2,2
SPE_GB3_893973,177,GPS,250,222,188,170,152,131,104,94,84,56,26,15,8,5,4,3,2,2
GPS_NO_NIPH_1027,53,GPS,62,51,39,33,30,25,15,13,11,6,3,3,3,3,3,3,2,2
SPE_GB3_879997,2062,GPS,292,264,226,204,185,161,129,116,104,70,37,22,12,7,5,4,3,2
GPS_TW_NHRI_SPN129,1439,GPS,198,174,142,127,110,92,69,60,53,38,19,11,7,5,4,3,2,2
GPS_ZA_8513,17030,GPS,296,268,230,208,187,163,131,118,105,70,37,22,12,7,5,4,3,2
SPE_GB3_876200,180,GPS,94,79,63,56,51,42,30,25,21,15,7,5,5,4,4,3,2,2
SPE_GB3_877367,180,GPS,103,87,65,57,52,42,30,25,21,15,7,5,5,4,4,3,2,2
GPS_NO_NIPH_955,53,GPS,39,36,30,27,25,23,15,13,11,6,3,3,3,3,3,3,2,2
SPE_GB3_871168,53,GPS,49,43,33,30,27,23,15,13,11,6,3,3,3,3,3,3,2,2
GPS_NO_NIPH_973,481,GPS,447,408,356,316,268,223,180,160,140,91,47,30,18,11,7,6,3,2
GPS_NO_NIPH_788,452,GPS,302,274,236,214,193,168,135,122,109,73,39,23,12,7,5,4,3,2
GPS_NO_NIPH_746,446,GPS,458,419,364,321,273,227,183,162,142,92,47,30,18,11,7,6,3,2
SPE_GB3_879925,53,GPS,54,43,33,30,27,23,15,13,11,6,3,3,3,3,3,3,2,2
SPE_GB3_869339,1766,GPS,78,66,53,47,42,34,23,19,16,11,5,4,4,4,4,3,2,2
GPS_NO_NIPH_875,180,GPS,86,73,60,54,49,40,28,23,20,15,7,5,5,4,4,3,2,2
GPS_NO_NIPH_458,393,GPS,406,370,325,290,247,206,164,145,127,82,42,26,15,10,7,6,3,2
GPS_NO_NIPH_797,405,GPS,437,399,348,309,261,218,175,156,137,90,46,30,18,11,7,6,3,2
SPE_GB3_876159,162,GPS,265,237,202,183,164,142,113,102,91,61,29,17,9,6,5,4,3,2
GPS_NO_NIPH_339,433,GPS,421,383,335,300,255,214,172,153,135,88,45,29,18,11,7,6,3,2
SPE_GB3_886764,53,GPS,52,43,33,30,27,23,15,13,11,6,3,3,3,3,3,3,2,2
SPE_GB3_871171,816,GPS,449,410,358,317,269,224,181,161,141,92,47,30,18,11,7,6,3,2
GPS_NO_NIPH_926,9579,GPS,401,365,320,286,244,203,162,143,125,81,41,25,14,9,7,6,3,2
SPE_GB3_876189,439,GPS,402,366,321,287,245,204,162,143,125,81,41,25,14,9,7,6,3,2
SPE_GB3_900734,393,GPS,404,368,323,289,247,206,164,145,127,82,42,26,15,10,7,6,3,2
GPS_NO_NIPH_588,53,GPS,46,42,33,30,27,23,15,13,11,6,3,3,3,3,3,3,2,2
GPS_NO_NIPH_1016,53,GPS,40,37,31,28,26,23,15,13,11,6,3,3,3,3,3,3,2,2
SPE_GB3_897405,66,GPS,377,341,298,268,231,194,156,139,122,80,40,24,13,8,6,5,3,2
SPE_GB3_891417,180,GPS,84,72,59,53,48,39,28,23,20,15,7,5,5,4,4,3,2,2
GPS_NO_NIPH_344,834,GPS,371,337,296,266,229,192,154,137,122,80,40,24,13,8,6,5,3,2
GPS_NO_NIPH_276,53,GPS,37,34,28,26,25,23,15,13,11,6,3,3,3,3,3,3,2,2
GPS_PK_AKU_NP0470,16130,GPS,284,256,220,198,179,155,123,110,98,64,31,19,10,6,5,4,3,2
SPE_GB3_883009,53,GPS,52,43,33,30,27,23,15,13,11,6,3,3,3,3,3,3,2,2
SPE_GB3_871151,18413,GPS,393,357,312,280,239,199,160,141,124,81,41,25,14,9,7,6,3,2
SPE_GB3_900750,3214,GPS,155,133,105,92,78,64,48,43,37,27,15,9,6,5,4,3,2,2
GPS_NO_NIPH_488,180,GPS,101,85,64,57,52,42,30,25,21,15,7,5,5,4,4,3,2,2
GPS_NO_NIPH_349,53,GPS,46,42,33,30,27,23,15,13,11,6,3,3,3,3,3,3,2,2
GPS_NO_NIPH_367,433,GPS,426,388,340,304,257,216,173,154,135,88,45,29,18,11,7,6,3,2
GPS_ZA_8553,53,GPS,45,41,32,29,27,23,15,13,11,6,3,3,3,3,3,3,2,2
GPS_NO_NIPH_644,42,GPS,389,353,309,279,238,198,159,141,124,81,41,25,14,9,7,6,3,2
SPE_GB3_877345,53,GPS,61,50,38,32,29,24,15,13,11,6,3,3,3,3,3,3,2,2
