threshold,n_clusters,n_singleton_clusters,largest_cluster_n,largest_cluster_frac,ST_split_across_clusters,CC271_in_one_cluster,clusters_mixing_origin
0.0033,732,641,19,0.02,100,False,0
0.0046,657,560,46,0.05,95,False,1
0.0094,559,452,72,0.078,87,False,1
0.0206,482,355,88,0.095,80,False,3
0.0369,398,261,95,0.102,71,False,3
0.0517,318,188,112,0.121,62,False,3
0.0749,247,136,143,0.154,36,False,4
0.0935,212,109,166,0.179,22,False,5
0.1117,183,87,223,0.241,11,True,6
0.2363,123,45,233,0.251,0,True,11
0.3518,66,11,233,0.251,0,True,15
0.3673,40,4,233,0.251,0,True,16
0.3757,24,1,233,0.251,0,True,12
0.3836,15,0,233,0.251,0,True,10
0.3888,10,0,233,0.251,0,True,9
0.3931,9,0,306,0.33,0,True,8
0.3995,5,0,324,0.35,0,True,5
0.4049,4,0,574,0.619,0,True,4
