ID,group,outer_fold,Origin,ST,SEROTYPE
100,23,4,Domestic,15667,6A
101,107,1,Domestic,13646,23F
103,112,2,Domestic,5244,19F
104,103,0,Domestic,236,19F
105,103,0,Domestic,236,19F
106,15,2,Domestic,505,19F
107,103,0,Domestic,320,19A
108,78,3,Domestic,876,14
109,77,2,Domestic,6227,28A
11,33,2,Domestic,9785,15F
111,15,2,Domestic,15272,19A
112,3,3,Domestic,13025,23B
113,59,0,Domestic,11967,7F
116,107,1,Domestic,13646,19F
117,103,0,Domestic,271,19F
118,26,0,Domestic,3500,19F
12,15,2,Domestic,180,28F
120,103,0,Domestic,271,19F
121,113,3,Domestic,242,23F
122,79,4,Domestic,81,28F
123,44,2,Domestic,4113,10A
124,61,4,Domestic,143,14
125,103,0,Domestic,320,19A
127,112,2,Domestic,902,19A
128,103,0,Domestic,320,19A
129,103,0,Domestic,271,19F
131,118,4,Domestic,3397,15B
132,59,0,Domestic,8589,15B
134,103,0,Domestic,271,19A
135,34,4,Domestic,11972,15A
136,77,2,Domestic,6227,19A
137,114,2,Domestic,16240,19F
138,77,2,Domestic,9396,28A
139,4,3,Domestic,2248,14
141,34,4,Domestic,11972,15A
142,4,3,Domestic,4652,14
143,103,0,Domestic,271,19F
144,48,1,Domestic,2296,2
145,48,1,Domestic,2296,2
146,45,4,Domestic,2754,24F
147,78,3,Domestic,876,14
148,115,1,Domestic,90,23F
149,103,0,Domestic,7962,19F
15,78,3,Domestic,876,23F
150,78,3,Domestic,876,14
151,78,3,Domestic,876,14
152,103,0,Domestic,271,19A
153,107,1,Domestic,13646,23F
154,114,2,Domestic,16240,23F
155,77,2,Domestic,230,23F
158,26,0,Domestic,3500,8
159,103,0,Domestic,320,19A
16,113,3,Domestic,242,25F
160,103,0,Domestic,236,19A
162,103,0,Domestic,271,3
163,29,4,Domestic,6935,20
164,29,4,Domestic,6935,19F
165,78,3,Domestic,876,14
167,79,4,Domestic,81,23F
168,107,1,Domestic,13646,19F
169,3,3,Domestic,8738,6A
170,78,3,Domestic,876,14
172,78,3,Domestic,876,19A
173,48,1,Domestic,2296,10B
174,103,0,Domestic,271,19F
175,23,4,Domestic,15667,6A
176,107,1,Domestic,13646,23F
177,103,0,Domestic,8227,3
178,103,0,Domestic,236,3
180,110,1,Domestic,7397,19F
184,122,1,Domestic,9789,6A
185,78,3,Domestic,876,14
186,115,1,Domestic,90,19F
187,4,3,Domestic,4593,15C
188,103,0,Domestic,271,19F
189,37,1,Domestic,8250,16A
19,103,0,Domestic,271,19F
192,108,3,Domestic,1437,23B
193,120,2,Domestic,386,14
195,103,0,Domestic,271,19F
196,37,1,Domestic,8250,33F
197,122,1,Domestic,9789,6A
198,103,0,Domestic,6993,19F
199,15,2,Domestic,505,19F
200,78,3,Domestic,876,14
201,107,1,Domestic,13646,14
202,78,3,Domestic,876,14
203,103,0,Domestic,271,19F
204,49,0,Domestic,6832,4
205,115,1,Domestic,90,6B
206,107,1,Domestic,13646,23F
209,78,3,Domestic,876,14
210,3,3,Domestic,13025,6B
211,79,4,Domestic,81,23F
213,78,3,Domestic,876,14
214,25,3,Domestic,870,18C
216,78,3,Domestic,876,14
217,107,1,Domestic,13646,23F
221,103,0,Domestic,271,19A
223,78,3,Domestic,876,14
224,78,3,Domestic,876,14
225,46,2,Domestic,9992,17F
226,103,0,Domestic,320,19F
228,103,0,Domestic,1937,19F
229,103,0,Domestic,271,19A
232,23,4,Domestic,3113,6B
234,41,0,Domestic,6320,13
235,103,0,Domestic,271,19A
236,113,3,Domestic,880,23F
237,113,3,Domestic,880,23B
238,107,1,Domestic,13646,23F
242,103,0,Domestic,320,19A
243,4,3,Domestic,2248,14
245,78,3,Domestic,876,14
246,15,2,Domestic,505,6B
247,77,2,Domestic,230,6A
251,52,3,Domestic,6945,19A
252,52,3,Domestic,6945,19F
253,49,0,Domestic,12202,4
254,13,2,Domestic,4389,47
259,103,0,Domestic,271,19F
260,103,0,Domestic,271,19F
261,103,0,Domestic,271,19A
263,113,3,Domestic,880,23F
264,113,3,Domestic,880,23F
265,103,0,Domestic,236,19F
266,78,3,Domestic,876,13
269,115,1,Domestic,6339,15F
270,103,0,Domestic,271,19F
271,115,1,Domestic,96,47
272,115,1,Domestic,6339,6B
273,4,3,Domestic,2248,14
275,117,2,Domestic,76,42
277,103,0,Domestic,271,19F
280,21,0,Domestic,9114,20
281,103,0,Domestic,236,19F
284,78,3,Domestic,876,14
286,103,0,Domestic,320,19A
287,78,3,Domestic,876,19A
288,3,3,Domestic,13025,6B
289,103,0,Domestic,236,19F
292,103,0,Domestic,271,19F
299,34,4,Domestic,6011,19A
3,15,2,Domestic,505,19F
300,103,0,Domestic,320,19A
301,29,4,Domestic,4661,14
302,78,3,Domestic,876,14
304,4,3,Domestic,2248,14
306,103,0,Domestic,320,19A
308,28,1,Domestic,1263,9A
309,4,3,Domestic,2248,14
310,48,1,Domestic,2296,1
311,107,1,Domestic,6325,23F
312,60,1,Domestic,4317,19A
315,103,0,Domestic,236,19F
318,103,0,Domestic,7962,19F
320,103,0,Domestic,271,19F
321,78,3,Domestic,876,14
322,103,0,Domestic,271,19F
323,51,4,Domestic,289,5
324,25,3,Domestic,870,18C
325,107,1,Domestic,13646,23F
327,51,4,Domestic,289,5
328,52,3,Domestic,6945,12F
329,49,0,Domestic,5872,4
330,103,0,Domestic,271,19F
331,78,3,Domestic,200,14
333,28,1,Domestic,12669,9V
334,78,3,Domestic,876,14
335,103,0,Domestic,271,19F
44,103,0,Domestic,320,19F
46,103,0,Domestic,271,19A
48,103,0,Domestic,320,19A
49,114,2,Domestic,16240,28F
5,112,2,Domestic,902,19A
50,114,2,Domestic,16240,47A
51,103,0,Domestic,271,19F
52,45,4,Domestic,2754,9V
53,78,3,Domestic,876,14
55,45,4,Domestic,3263,6A
56,77,2,Domestic,9396,14
57,122,1,Domestic,9789,6A
59,103,0,Domestic,271,19A
6,112,2,Domestic,902,19F
60,103,0,Domestic,271,19F
61,79,4,Domestic,81,23F
62,78,3,Domestic,876,14
64,112,2,Domestic,902,16F
65,115,1,Domestic,90,16F
66,79,4,Domestic,81,28A
67,103,0,Domestic,320,19F
68,103,0,Domestic,320,19F
69,103,0,Domestic,271,19F
7,78,3,Domestic,876,23F
70,85,0,Domestic,695,19F
71,78,3,Domestic,876,14
72,103,0,Domestic,271,19F
75,78,3,Domestic,876,13
76,114,2,Domestic,16240,28A
77,103,0,Domestic,271,19A
78,103,0,Domestic,271,19A
79,103,0,Domestic,271,19F
8,15,2,Domestic,505,6B
80,103,0,Domestic,1937,19A
81,112,2,Domestic,902,6A
82,103,0,Domestic,320,19F
83,78,3,Domestic,876,14
84,28,1,Domestic,1263,9V
86,103,0,Domestic,320,19F
87,3,3,Domestic,8738,19F
88,103,0,Domestic,271,19F
89,103,0,Domestic,271,19F
9,79,4,Domestic,81,23B
90,15,2,Domestic,505,19F
91,15,2,Domestic,505,19F
92,45,4,Domestic,2754,19A
93,106,3,Domestic,5242,19F
94,106,3,Domestic,5242,28F
95,106,3,Domestic,5242,23A
96,15,2,Domestic,505,11A
97,103,0,Domestic,8227,19F
98,107,1,Domestic,13646,23F
99,115,1,Domestic,90,19A
BR-19-60,78,3,Domestic,4749,13
BR-19-76,44,2,Domestic,9234,10A
CJ-19-40,24,4,Domestic,99,37
cq08004,103,0,Domestic,271,19F
cq08010,103,0,Domestic,320,19F
cq08015,103,0,Domestic,271,19F
cq08016,103,0,Domestic,320,2
cq08018,103,0,Domestic,320,19F
cq09005,113,3,Domestic,242,33
CY-18-10,24,4,Domestic,99,11F
CY-18-13,103,0,Domestic,271,19F
CY-18-53,103,0,Domestic,320,19F
DE-18-43,103,0,Domestic,320,19A
DE-18-50,28,1,Domestic,4660,9V
DE-19-05,79,4,Domestic,81,28F
DE-19-46,107,1,Domestic,6325,23F
ebj28,103,0,Domestic,271,19A
GF-19-19,59,0,Domestic,11967,7F
GF-19-49,103,0,Domestic,1464,19F
GF-19-50,108,3,Domestic,1437,23F
GF-19-70,103,0,Domestic,271,19A
GX-18-04,103,0,Domestic,1937,19F
GX-18-07,103,0,Domestic,271,19F
GX-18-18,103,0,Domestic,271,19F
gz08010,13,2,Domestic,4389,3
HB-18-61,103,0,Domestic,320,19F
HB-18-66,103,0,Domestic,320,19A
HB-19-15,79,4,Domestic,81,23F
HB-19-92,103,0,Domestic,271,19F
HN-18-37,103,0,Domestic,271,6B
HN-19-15,103,0,Domestic,320,19A
HX18S04,34,4,Domestic,14097,23F
HY-18-03,103,0,Domestic,320,19F
HY-18-08,103,0,Domestic,320,19A
HY-18-17,15,2,Domestic,15272,29
HY-18-30,39,1,Domestic,11945,34
LZ-18-12,113,3,Domestic,242,23F
MY-19-13,15,2,Domestic,15272,15A
njspn003,15,2,Domestic,505,19F
njspn004,34,4,Domestic,11972,19F
NX19S20,107,1,Domestic,2624,23F
SD-18-12,109,1,Domestic,3173,6A
SH-18-17,14,2,Domestic,4655,42
SH-18-62,103,0,Domestic,271,19F
SH-18-71,103,0,Domestic,271,19A
SJ-18-15,118,4,Domestic,3397,15B
SJ-19-61,34,4,Domestic,5613,15A
sy10018,103,0,Domestic,271,NVT
sy14,103,0,Domestic,320,19A
sy19,22,1,Domestic,5893,23F
sy20,103,0,Domestic,271,NVT
sy27,103,0,Domestic,320,NVT
sy28,103,0,Domestic,320,NVT
sy9,103,0,Domestic,271,19A
TA-18-48,104,0,Domestic,9788,37
TA-19-07,103,0,Domestic,271,19F
TS-18-42,122,1,Domestic,9789,6A
TS-19-32,103,0,Domestic,1464,19A
TS-19-52,122,1,Domestic,9789,19F
TS-19-70,103,0,Domestic,1464,19F
TS-19-76,103,0,Domestic,271,19F
WH-19-22,115,1,Domestic,90,6A
wh10013,79,4,Domestic,81,19A
wh10018,103,0,Domestic,271,19F
wh11,103,0,Domestic,271,22
wh17,78,3,Domestic,876,7F
wh9,103,0,Domestic,271,19F
X10,116,2,Domestic,135,19A
X100,15,2,Domestic,180,19F
X101,112,2,Domestic,902,19F
X102,103,0,Domestic,320,9V
X103,103,0,Domestic,271,15B
X104,103,0,Domestic,271,19F
X105,103,0,Domestic,271,19A
X106,103,0,Domestic,271,15B
X107,103,0,Domestic,320,11A
X108,103,0,Domestic,7178,19F
X109,103,0,Domestic,271,15B
X11,32,3,Domestic,7751,34
X111,103,0,Domestic,320,4
X112,103,0,Domestic,320,19F
X113,103,0,Domestic,320,19F
X114,103,0,Domestic,271,19F
X115,103,0,Domestic,271,19A
X116,103,0,Domestic,271,15A
X117,103,0,Domestic,271,23F
X118,112,2,Domestic,902,19F
X119,103,0,Domestic,271,6A
X12,118,4,Domestic,10088,15C
X120,103,0,Domestic,320,19F
X121,103,0,Domestic,271,6A
X122,103,0,Domestic,271,15A
X123,108,3,Domestic,1437,19F
X124,108,3,Domestic,1437,23F
X13,59,0,Domestic,11967,7F
X131,109,1,Domestic,3173,19F
X132,103,0,Domestic,271,19F
X133,106,3,Domestic,5242,23F
X134,106,3,Domestic,5242,12F
X135,37,1,Domestic,8250,15B
X136,103,0,Domestic,320,23F
X140,78,3,Domestic,876,19F
X142,29,4,Domestic,4661,19F
X143,78,3,Domestic,876,19F
X144,103,0,Domestic,271,13
X145,35,1,Domestic,7753,35F
X148,103,0,Domestic,271,19F
X15,103,0,Domestic,271,19F
X150,29,4,Domestic,15084,20
X151,79,4,Domestic,81,23B
X152,45,4,Domestic,3263,19F
X153,122,1,Domestic,9789,6A
X154,15,2,Domestic,180,33F
X155,54,3,Domestic,10085,19A
X156,115,1,Domestic,90,19A
X157,118,4,Domestic,11952,14
X158,118,4,Domestic,10088,15A
X159,33,2,Domestic,9785,19F
X16,15,2,Domestic,12449,19F
X160,77,2,Domestic,9396,23F
X161,3,3,Domestic,10392,15B
X162,3,3,Domestic,2912,15A
X163,29,4,Domestic,280,9A
X164,45,4,Domestic,2754,11A
X168,114,2,Domestic,16240,11A
X169,78,3,Domestic,876,14
X17,103,0,Domestic,271,19F
X170,106,3,Domestic,338,13
X171,103,0,Domestic,271,19F
X174,103,0,Domestic,271,19A
X176,114,2,Domestic,16240,20
X177,103,0,Domestic,271,19F
X18,107,1,Domestic,2624,23F
X181,15,2,Domestic,505,14
X183,78,3,Domestic,876,14
X186,41,0,Domestic,15444,28F
X187,122,1,Domestic,9789,6A
X19,103,0,Domestic,271,19F
X191,79,4,Domestic,81,23F
X192,15,2,Domestic,505,3
X193,106,3,Domestic,338,28A
X194,103,0,Domestic,271,19F
X195,78,3,Domestic,876,14
X196,122,1,Domestic,9789,6A
X198,35,1,Domestic,4640,19A
X199,15,2,Domestic,505,19F
X20,61,4,Domestic,143,13
X202,78,3,Domestic,876,9V
X203,37,1,Domestic,8250,16A
X205,45,4,Domestic,2754,28F
X206,3,3,Domestic,13025,19F
X207,24,4,Domestic,99,18C
X21,42,0,Domestic,10008,28A
X210,79,4,Domestic,81,23B
X211,79,4,Domestic,81,28F
X212,35,1,Domestic,4640,15C
X213,24,4,Domestic,99,18C
X215,103,0,Domestic,320,19F
X216,103,0,Domestic,320,19F
X217,103,0,Domestic,1464,19F
X219,55,0,Domestic,12670,19F
X22,103,0,Domestic,271,19A
X220,3,3,Domestic,10392,6A
X221,33,2,Domestic,9785,15A
X222,103,0,Domestic,271,19F
X223,103,0,Domestic,271,19F
X225,115,1,Domestic,90,35B
X228,103,0,Domestic,271,19A
X229,45,4,Domestic,2754,23F
X23,103,0,Domestic,271,19F
X230,103,0,Domestic,271,19A
X231,45,4,Domestic,9063,9V
X232,107,1,Domestic,13393,23B
X233,103,0,Domestic,320,19A
X234,103,0,Domestic,271,19F
X235,103,0,Domestic,320,19A
X236,103,0,Domestic,320,19A
X237,103,0,Domestic,1464,19A
X238,79,4,Domestic,9792,23F
X239,103,0,Domestic,271,19A
X24,103,0,Domestic,320,11A
X240,109,1,Domestic,3173,40
X241,103,0,Domestic,1937,19F
X242,109,1,Domestic,3173,6A
X243,45,4,Domestic,3263,28F
X244,103,0,Domestic,320,19F
X245,103,0,Domestic,1464,19F
X246,103,0,Domestic,1464,19A
X247,103,0,Domestic,320,19A
X248,45,4,Domestic,2754,20
X251,103,0,Domestic,271,19F
X252,103,0,Domestic,7962,19A
X253,3,3,Domestic,2912,20
X255,103,0,Domestic,1937,19F
X257,103,0,Domestic,236,19F
X258,103,0,Domestic,236,19F
X259,103,0,Domestic,1464,19A
X26,3,3,Domestic,2912,19F
X260,3,3,Domestic,2912,9V
X261,43,4,Domestic,3545,7F
X262,103,0,Domestic,271,19F
X263,103,0,Domestic,271,19A
X264,103,0,Domestic,271,19A
X265,79,4,Domestic,81,19F
X269,103,0,Domestic,271,19F
X27,103,0,Domestic,271,19A
X271,61,4,Domestic,166,9V
X272,59,0,Domestic,11967,7F
X275,103,0,Domestic,271,19F
X276,103,0,Domestic,271,19F
X277,103,0,Domestic,271,19F
X278,103,0,Domestic,320,19A
X280,61,4,Domestic,166,9V
X282,78,3,Domestic,876,14
X284,103,0,Domestic,271,19F
X285,103,0,Domestic,320,19F
X286,79,4,Domestic,81,23F
X289,103,0,Domestic,271,19F
X29,103,0,Domestic,271,15B
X291,103,0,Domestic,271,19F
X292,103,0,Domestic,271,19F
X293,103,0,Domestic,320,19F
X294,33,2,Domestic,9785,15B
X296,103,0,Domestic,271,23B
X297,15,2,Domestic,505,19F
X298,78,3,Domestic,876,14
X30,26,0,Domestic,3500,19F
X300,61,4,Domestic,166,11A
X301,36,4,Domestic,6542,16F
X303,39,1,Domestic,11945,35B
X304,119,2,Domestic,855,6A
X306,77,2,Domestic,9396,28F
X307,79,4,Domestic,189,23F
X308,103,0,Domestic,271,19F
X31,3,3,Domestic,2912,19F
X310,20,2,Domestic,6327,47A
X311,103,0,Domestic,271,19F
X313,33,2,Domestic,9785,15A
X314,79,4,Domestic,81,13
X319,103,0,Domestic,271,19F
X32,103,0,Domestic,271,19F
X320,103,0,Domestic,271,19F
X321,103,0,Domestic,271,19F
X322,103,0,Domestic,320,19F
X323,40,3,Domestic,3465,19A
X324,3,3,Domestic,2912,19A
X328,15,2,Domestic,505,23F
X33,15,2,Domestic,12449,19F
X330,3,3,Domestic,2912,6C
X331,78,3,Domestic,876,15B
X333,33,2,Domestic,9785,19F
X337,103,0,Domestic,271,19F
X338,109,1,Domestic,6340,6A
X339,103,0,Domestic,271,19F
X34,103,0,Domestic,271,19F
X340,8,1,Domestic,12902,19F
X342,25,3,Domestic,870,18C
X343,15,2,Domestic,505,19F
X344,77,2,Domestic,230,23F
X345,79,4,Domestic,81,23F
X346,103,0,Domestic,320,19F
X35,14,2,Domestic,15069,19F
X350,103,0,Domestic,271,19F
X351,79,4,Domestic,81,23F
X352,32,3,Domestic,7751,34
X353,103,0,Domestic,320,19A
X355,61,4,Domestic,166,11A
X356,118,4,Domestic,10088,15B
X357,103,0,Domestic,271,19F
X358,103,0,Domestic,271,19F
X36,115,1,Domestic,6339,10A
X361,37,1,Domestic,6791,15A
X362,103,0,Domestic,271,19F
X363,103,0,Domestic,271,19F
X365,103,0,Domestic,1937,19F
X366,61,4,Domestic,166,9A
X367,103,0,Domestic,271,19F
X368,61,4,Domestic,166,11A
X369,106,3,Domestic,338,28A
X37,103,0,Domestic,271,19F
X370,103,0,Domestic,271,19F
X371,37,1,Domestic,6791,36
X372,59,0,Domestic,2758,19F
X373,103,0,Domestic,271,19F
X374,103,0,Domestic,271,19F
X376,34,4,Domestic,6011,37
X378,104,0,Domestic,10236,19F
X379,61,4,Domestic,166,11A
X38,115,1,Domestic,6339,15B
X380,3,3,Domestic,10392,16A
X381,103,0,Domestic,271,19F
X382,108,3,Domestic,1437,23F
X383,79,4,Domestic,81,23F
X384,20,2,Domestic,6327,47F
X386,61,4,Domestic,166,11A
X387,77,2,Domestic,230,23F
X391,109,1,Domestic,3173,6A
X392,103,0,Domestic,271,19F
X394,103,0,Domestic,320,14
X395,61,4,Domestic,166,11A
X396,79,4,Domestic,81,23F
X397,119,2,Domestic,855,6A
X398,103,0,Domestic,320,19A
X4,45,4,Domestic,5196,23F
X40,103,0,Domestic,320,19A
X400,15,2,Domestic,505,19F
X401,45,4,Domestic,3263,23B
X402,103,0,Domestic,271,19F
X403,115,1,Domestic,90,23F
X404,112,2,Domestic,902,15A
X405,26,0,Domestic,3500,8
X406,110,1,Domestic,7397,19A
X407,15,2,Domestic,505,19F
X408,107,1,Domestic,13646,23F
X411,77,2,Domestic,6227,28A
X412,103,0,Domestic,320,19A
X413,107,1,Domestic,13646,23F
X415,44,2,Domestic,6944,10A
X416,37,1,Domestic,6791,37
X417,29,4,Domestic,4661,17F
X418,29,4,Domestic,10071,20
X419,45,4,Domestic,3263,6B
X420,103,0,Domestic,271,19F
X421,34,4,Domestic,11972,15A
X422,36,4,Domestic,6542,16A
X423,79,4,Domestic,81,23F
X425,3,3,Domestic,8738,13
X427,44,2,Domestic,9234,10A
X428,77,2,Domestic,230,28A
X429,59,0,Domestic,11967,19F
X43,103,0,Domestic,271,19A
X433,79,4,Domestic,81,23F
X437,103,0,Domestic,320,19F
X438,34,4,Domestic,11972,15A
X44,14,2,Domestic,15069,3
X440,24,4,Domestic,99,11A
X441,123,1,Domestic,15701,15A
X46,103,0,Domestic,271,19F
X47,112,2,Domestic,902,19A
X48,103,0,Domestic,271,19A
X5,103,0,Domestic,271,19F
X52,103,0,Domestic,271,19A
X54,20,2,Domestic,6327,35A
X55,36,4,Domestic,6542,37
X56,115,1,Domestic,90,42
X57,45,4,Domestic,9821,6A
X58,39,1,Domestic,4560,19F
X6,1,2,Domestic,8356,47F
X60,15,2,Domestic,12449,15A
X61,103,0,Domestic,320,19F
X62,109,1,Domestic,3173,6A
X64,20,2,Domestic,6327,29
X65,103,0,Domestic,271,19A
X66,109,1,Domestic,3173,6A
X67,45,4,Domestic,2754,6A
X68,45,4,Domestic,7752,42
X69,24,4,Domestic,99,11A
X70,20,2,Domestic,6327,34
X72,24,4,Domestic,99,16A
X73,103,0,Domestic,320,19A
X74,109,1,Domestic,3173,6A
X75,103,0,Domestic,320,19F
X76,41,0,Domestic,6323,23F
X77,41,0,Domestic,6320,28F
X79,103,0,Domestic,271,6A
X80,103,0,Domestic,320,19F
X81,103,0,Domestic,320,19F
X82,103,0,Domestic,271,19A
X83,103,0,Domestic,271,19A
X84,103,0,Domestic,271,19A
X86,103,0,Domestic,320,19F
X87,103,0,Domestic,271,19A
X88,103,0,Domestic,320*,19F
X89,110,1,Domestic,7397,6B
X9,103,0,Domestic,271,19F
X92,103,0,Domestic,271,19F
X93,3,3,Domestic,2912,19F
X94,103,0,Domestic,320,42
X95,78,3,Domestic,876,14
X96,103,0,Domestic,271,19F
X97,103,0,Domestic,271,19F
X98,28,1,Domestic,1263,9N
X99,78,3,Domestic,876,14
XiJ-19-56,103,0,Domestic,271,19F
GPS_NO_NIPH_537,80,0,GPS,66,9N
GPS_NO_NIPH_851,19,2,GPS,11287,15A
SPE_GB3_872183,78,3,GPS,416,19A
SPE_GB3_874964,6,1,GPS,53,8
GPS_ES_CAN_2688,120,2,GPS,386,6C
SPE_GB3_877331,6,1,GPS,53,8
GPS_ZA_8545,93,3,GPS,10595,13
SPE_GB3_883070,5,0,GPS,717,33F
GPS_NO_NIPH_749,88,4,GPS,17272,22F
SPE_GB3_873520,15,2,GPS,180,3
GPS_ZA_8464,9,4,GPS,458,3
SPE_GB3_875006,4,3,GPS,63,15A
SPE_GB3_893979,5,0,GPS,100,33F
SPE_GB3_885167,10,3,GPS,1220,3
SPE_GB3_901567,61,4,GPS,162,15B
GPS_ZA_8575,77,2,GPS,700,3
SPE_GB3_893929,80,0,GPS,66,9N
SPE_GB3_897412,82,3,GPS,393,38
GPS_ZA_8602,9,4,GPS,458,3
SPE_GB3_885179,105,4,GPS,1349,23B
SPE_GB3_909766,80,0,GPS,66,9N
SPE_GB3_897354,91,0,GPS,97,10A
GPS_NO_NIPH_1070,7,3,GPS,62,11A
GPS_ZA_8534,72,0,GPS,7068,21
GPS_NO_NIPH_890,88,4,GPS,433,22F
SPE_GB3_897413,15,2,GPS,180,3
SPE_GB3_894540,81,3,GPS,439,23B
GPS_ZA_8642,6,1,GPS,53,8
SPE_GB3_898727,80,0,GPS,66,9N
SPE_GB3_897414,105,4,GPS,11167,23B
GPS_NO_NIPH_1005,88,4,GPS,433,22F
GPS_NO_NIPH_295,85,0,GPS,205,4
GPS_ZA_8636,6,1,GPS,53,8
GPS_ES_CAN_3645,50,4,GPS,801,4
SPE_GB3_896087,5,0,GPS,717,33F
GPS_ZA_8582,16,0,GPS,4909,3
GPS_NO_NIPH_825,26,0,GPS,3500,8
GPS_NO_NIPH_292,6,1,GPS,53,8
GPS_NO_NIPH_426,88,4,GPS,433,22F
GPS_ZA_8485,86,4,GPS,1221,4
GPS_NO_NIPH_767,100,2,GPS,16045,6A
GPS_NL_RAD_0631,6,1,GPS,15187,8
SPE_GB3_894538,7,3,GPS,18425,11A
SPE_GB3_888106,105,4,GPS,2372,23B
SPE_GB3_886749,6,1,GPS,3559,8
SPE_GB3_871141,6,1,GPS,53,8
SPE_GB3_901551,105,4,GPS,2372,23B
GPS_NO_NIPH_1034,15,2,GPS,180,3
GPS_ZA_8448,121,1,GPS,7052,15C
SPE_GB3_897429,6,1,GPS,53,8
GPS_ZA_8386,74,4,GPS,11009,35F
SPE_GB3_900669,97,4,GPS,570,16F
SPE_GB3_877954,6,1,GPS,53,8
GPS_NO_NIPH_795,15,2,GPS,180,3
GPS_NO_NIPH_975,105,4,GPS,1349,23B
GPS_PK_AKU_NP0117,67,0,GPS,-,16F
SPE_GB3_892787,6,1,GPS,53,8
GPS_NO_NIPH_561,81,3,GPS,9579,23B
SPE_GB3_894512,98,3,GPS,58,15A
GPS_NO_NIPH_491,88,4,GPS,433,22F
GPS_NO_NIPH_530,80,0,GPS,13708,9N
GPS_NO_NIPH_279,6,1,GPS,53,8
SPE_GB3_883915,105,4,GPS,2372,23B
GPS_NO_NIPH_594,71,1,GPS,16420,11A
SPE_GB3_874946,80,0,GPS,66,9N
SPE_GB3_877925,97,4,GPS,30,16F
SPE_GB3_901548,105,4,GPS,2372,23B
SPE_GB3_873511,91,0,GPS,1551,10A
SPE_GB3_888056,5,0,GPS,100,33F
SPE_GB3_897415,91,0,GPS,97,10A
GPS_ZA_8589,6,1,GPS,53,8
GPS_NO_NIPH_711,105,4,GPS,2372,23B
SPE_GB3_872196,4,3,GPS,63,15A
SPE_GB3_890533,6,1,GPS,53,8
SPE_GB3_879972,81,3,GPS,438,23A
GPS_ES_CAN_3274,6,1,GPS,53,8
SPE_GB3_869338,88,4,GPS,433,22F
SPE_GB3_900737,6,1,GPS,53,8
GPS_NO_NIPH_815,15,2,GPS,180,3
SPE_GB3_890592,6,1,GPS,53,8
SPE_GB3_873509,15,2,GPS,180,3
GPS_ZA_8380,70,3,GPS,2062,19A
GPS_NO_NIPH_489,15,2,GPS,180,3
SPE_GB3_896058,6,1,GPS,53,8
GPS_NO_NIPH_898,80,0,GPS,834,9N
SPE_GB3_871133,18,1,GPS,4346,35B
GPS_ZA_8520,83,2,GPS,2185,6C
SPE_GB3_876187,7,3,GPS,62,11E
SPE_GB3_894537,63,3,GPS,6524,10B
SPE_GB3_885165,7,3,GPS,62,11A
GPS_NO_NIPH_1066,47,2,GPS,9248,6C
SPE_GB3_874967,75,3,GPS,994,19A
GPS_NO_NIPH_780,5,0,GPS,717,33F
GPS_ZA_8377,103,0,GPS,8678,19F
SPE_GB3_900736,81,3,GPS,11191,23A
SPE_GB3_879947,70,3,GPS,2062,19A
SPE_GB3_898754,15,2,GPS,180,3
SPE_GB3_873498,94,0,GPS,225,28A
GPS_NO_NIPH_866,61,4,GPS,162,24F
SPE_GB3_900735,81,3,GPS,438,23A
GPS_NO_NIPH_750,6,1,GPS,53,8
SPE_GB3_883008,6,1,GPS,53,8
GPS_NO_NIPH_593,81,3,GPS,439,23B
GPS_ZA_8439,70,3,GPS,2062,19A
SPE_GB3_894532,4,3,GPS,63,14
GPS_NO_NIPH_289,85,0,GPS,205,4
GPS_NO_NIPH_817,15,2,GPS,180,3
SPE_GB3_875004,80,0,GPS,66,9N
GPS_TW_NHRI_SPN138,79,4,GPS,83,15B
GPS_NO_NIPH_555,81,3,GPS,42,23A
GPS_ZA_8437,53,4,GPS,989,12F
SPE_GB3_891476,92,2,GPS,1635,35F
GPS_PK_AKU_NP0006,76,1,GPS,3135,10A
GPS_ES_CAN_1992,96,2,GPS,404,8
SPE_GB3_900680,7,3,GPS,62,11A
GPS_NO_NIPH_596,84,4,GPS,1379,6C
GPS_ZA_8459,50,4,GPS,1222,4
SPE_GB3_874984,6,1,GPS,53,8
SPE_GB3_872247,65,2,GPS,-,6C
GPS_NO_NIPH_886,7,3,GPS,62,11A
GPS_NO_NIPH_359,88,4,GPS,433,22F
GPS_ZA_8424,76,1,GPS,17009,10A
GPS_ZA_8537,64,2,GPS,12245,10A
GPS_ES_CAN_3829,92,2,GPS,2068,10A
SPE_GB3_874977,88,4,GPS,433,22F
GPS_NO_NIPH_776,92,2,GPS,8604,35F
GPS_NO_NIPH_405,6,1,GPS,53,8
GPS_NO_NIPH_700,56,2,GPS,179,19F
SPE_GB3_877350,7,3,GPS,62,11A
SPE_GB3_880010,6,1,GPS,53,8
GPS_NO_NIPH_820,27,0,GPS,17310,17F
SPE_GB3_869373,6,1,GPS,53,8
GPS_NO_NIPH_659,97,4,GPS,30,16F
SPE_GB3_894530,80,0,GPS,66,9N
SPE_GB3_873493,61,4,GPS,3811,15A
GPS_NO_NIPH_950,99,0,GPS,392,17F
SPE_GB3_888052,15,2,GPS,180,3
GPS_ZA_8585,6,1,GPS,53,8
GPS_NO_NIPH_512,88,4,GPS,433,22F
SPE_GB3_872240,6,1,GPS,53,8
SPE_GB3_886743,61,4,GPS,3811,15A
SPE_GB3_877942,15,2,GPS,180,3
SPE_GB3_896094,61,4,GPS,162,24F
GPS_ZA_8486,102,3,GPS,2416,12F
GPS_NO_NIPH_1057,92,2,GPS,446,35F
GPS_NO_NIPH_757,96,2,GPS,404,8
GPS_ZA_8451,64,2,GPS,4084,6C
GPS_NO_NIPH_340,88,4,GPS,433,22F
GPS_NO_NIPH_978,99,0,GPS,392,17F
SPE_GB3_890568,91,0,GPS,1551,10A
GPS_NO_NIPH_919,80,0,GPS,66,9N
SPE_GB3_880982,53,4,GPS,989,12F
GPS_NO_NIPH_417,7,3,GPS,62,11E
GPS_NO_NIPH_708,80,0,GPS,517,9N
GPS_NO_NIPH_764,88,4,GPS,433,22F
SPE_GB3_894531,88,4,GPS,433,22F
GPS_NO_NIPH_1030,111,4,GPS,138,6B
SPE_GB3_894509,73,0,GPS,452,35B
SPE_GB3_897426,97,4,GPS,570,16F
GPS_NO_NIPH_355,15,2,GPS,180,3
GPS_NO_NIPH_557,15,2,GPS,505,3
GPS_NO_NIPH_937,15,2,GPS,180,3
GPS_NO_NIPH_689,92,2,GPS,17146,35F
GPS_ZA_8569,69,2,GPS,347,19F
GPS_ES_CAN_3818,58,2,GPS,7438,16F
GPS_NO_NIPH_838,73,0,GPS,452,35B
GPS_PK_AKU_NP0138,30,4,GPS,-,9V
GPS_NO_NIPH_831,78,3,GPS,2220,15B
GPS_NO_NIPH_629,91,0,GPS,1551,10A
GPS_NO_NIPH_373,6,1,GPS,53,8
SPE_GB3_891489,31,0,GPS,1026,20B
GPS_NO_NIPH_1064,88,4,GPS,433,22F
SPE_GB3_901571,91,0,GPS,97,10A
SPE_GB3_876179,61,4,GPS,162,24F
SPE_GB3_874930,6,1,GPS,53,8
GPS_NO_NIPH_619,78,3,GPS,200,15B
GPS_NO_NIPH_818,91,0,GPS,97,10A
GPS_ZA_8373,80,0,GPS,70,13
GPS_NO_NIPH_714,81,3,GPS,4726,23A
GPS_NO_NIPH_712,68,3,GPS,373,35B
SPE_GB3_872202,5,0,GPS,717,33F
GPS_NO_NIPH_1062,80,0,GPS,66,9N
SPE_GB3_890588,6,1,GPS,53,8
GPS_NO_NIPH_345,73,0,GPS,15434,35B
SPE_GB3_886755,88,4,GPS,433,22F
GPS_NO_NIPH_1063,92,2,GPS,816,10A
SPE_GB3_897379,6,1,GPS,53,8
GPS_NO_NIPH_706,88,4,GPS,433,22F
SPE_GB3_886740,98,3,GPS,11161,15A
GPS_NO_NIPH_828,6,1,GPS,53,8
GPS_ZA_8453,6,1,GPS,53,8
GPS_NO_NIPH_375,18,1,GPS,2690,35B
SPE_GB3_890516,81,3,GPS,17646,23A
GPS_NO_NIPH_758,6,1,GPS,53,8
GPS_NO_NIPH_984,80,0,GPS,834,9N
SPE_GB3_897351,56,2,GPS,177,7C
GPS_ZA_8503,64,2,GPS,4084,6C
GPS_NO_NIPH_330,26,0,GPS,3500,8
SPE_GB3_873515,15,2,GPS,180,3
SPE_GB3_894525,6,1,GPS,53,8
SPE_GB3_900706,12,3,GPS,1684,31
SPE_GB3_874976,7,3,GPS,62,11A
GPS_ZA_8596,87,4,GPS,5410,4
GPS_ZA_8588,70,3,GPS,2062,19A
SPE_GB3_880990,6,1,GPS,53,8
GPS_ZA_8590,89,2,GPS,3983,9N
GPS_NO_NIPH_811,105,4,GPS,1349,23B
GPS_NO_NIPH_996,6,1,GPS,53,8
GPS_NO_NIPH_887,15,2,GPS,180,3
GPS_NO_NIPH_948,6,1,GPS,53,8
GPS_NO_NIPH_1047,4,3,GPS,63,15A
SPE_GB3_880945,56,2,GPS,177,7C
SPE_GB3_896084,6,1,GPS,53,8
SPE_GB3_875000,6,1,GPS,53,8
GPS_NO_NIPH_413,92,2,GPS,446,35F
GPS_ES_CAN_2691,91,0,GPS,97,10A
SPE_GB3_871172,15,2,GPS,180,3
SPE_GB3_880004,6,1,GPS,4338,8
SPE_GB3_901569,61,4,GPS,162,19F
GPS_NO_NIPH_432,6,1,GPS,53,8
GPS_NO_NIPH_929,7,3,GPS,62,11F
SPE_GB3_893912,88,4,GPS,433,22F
GPS_TW_NHRI_SPN136,38,1,GPS,9395,34
GPS_ZA_8481,62,2,GPS,4881,9V
GPS_NO_NIPH_531,92,2,GPS,1635,35F
SPE_GB3_892844,61,4,GPS,17861,15A
GPS_NO_NIPH_549,81,3,GPS,439,23B
SPE_GB3_872225,101,2,GPS,306,1
GPS_NO_NIPH_540,6,1,GPS,53,8
SPE_GB3_891494,56,2,GPS,177,7C
SPE_GB3_891461,15,2,GPS,180,3
GPS_NO_NIPH_848,81,3,GPS,1448,23A
GPS_NO_NIPH_428,15,2,GPS,180,3
SPE_GB3_876194,10,3,GPS,16383,3
GPS_NO_NIPH_747,88,4,GPS,433,22F
SPE_GB3_886767,11,3,GPS,10468,31
GPS_NO_NIPH_1003,57,2,GPS,654,19F
GPS_ZA_8587,6,1,GPS,53,8
GPS_NO_NIPH_864,78,3,GPS,3017,19A
SPE_GB3_874931,81,3,GPS,438,23A
SPE_AU1_AUSMDU00074022,2,2,GPS,4149,3
GPS_ZA_8508,82,3,GPS,393,38
SPE_GB3_872181,17,3,GPS,191,7F
GPS_NO_NIPH_490,6,1,GPS,53,8
GPS_NO_NIPH_1008,99,0,GPS,392,17F
GPS_NO_NIPH_669,61,4,GPS,162,24F
SPE_GB3_900752,6,1,GPS,53,8
GPS_ZA_8474,69,2,GPS,347,19F
SPE_GB3_876151,72,0,GPS,1877,21
SPE_GB3_874990,95,4,GPS,15427,16F
SPE_GB3_897420,91,0,GPS,97,10A
SPE_GB3_873488,6,1,GPS,53,8
GPS_NO_NIPH_824,6,1,GPS,53,8
GPS_NO_NIPH_861,15,2,GPS,180,3
GPS_NO_NIPH_603,52,3,GPS,6945,12F
SPE_GB3_880953,61,4,GPS,162,24F
SPE_GB3_890569,80,0,GPS,66,9N
SPE_GB3_883913,6,1,GPS,53,8
GPS_NO_NIPH_792,81,3,GPS,42,23A
GPS_ZA_8438,86,4,GPS,1221,4
SPE_GB3_886768,80,0,GPS,66,9N
GPS_NO_NIPH_967,92,2,GPS,1635,35F
GPS_NO_NIPH_543,88,4,GPS,433,22F
SPE_GB3_890571,92,2,GPS,8604,35F
GPS_NO_NIPH_804,4,3,GPS,63,15A
GPS_ZA_8484,6,1,GPS,53,8
GPS_NO_NIPH_314,91,0,GPS,1551,10A
SPE_GB3_872243,88,4,GPS,433,22F
SPE_GB3_898695,85,0,GPS,246,19A
SPE_GB3_891432,6,1,GPS,53,8
GPS_NO_NIPH_985,80,0,GPS,834,9N
SPE_GB3_890537,105,4,GPS,11167,23B
SPE_GB3_890567,78,3,GPS,199,19A
GPS_NO_NIPH_964,15,2,GPS,180,3
GPS_PK_AKU_NP0102,66,4,GPS,-,13
GPS_NO_NIPH_469,99,0,GPS,392,17F
SPE_GB3_877923,15,2,GPS,180,3
SPE_GB3_880002,15,2,GPS,180,3
GPS_NO_NIPH_272,15,2,GPS,505,3
SPE_GB3_874935,57,2,GPS,3423,19F
SPE_GB3_893973,56,2,GPS,177,24F
GPS_NO_NIPH_1027,6,1,GPS,53,8
SPE_GB3_879997,70,3,GPS,2062,19A
GPS_TW_NHRI_SPN129,38,1,GPS,1439,34
GPS_ZA_8513,70,3,GPS,17030,19A
SPE_GB3_876200,15,2,GPS,180,3
SPE_GB3_877367,15,2,GPS,180,3
GPS_NO_NIPH_955,6,1,GPS,53,8
SPE_GB3_871168,6,1,GPS,53,8
GPS_NO_NIPH_973,91,0,GPS,481,6C
GPS_NO_NIPH_788,73,0,GPS,452,35B
GPS_NO_NIPH_746,92,2,GPS,446,35F
SPE_GB3_879925,6,1,GPS,53,8
SPE_GB3_869339,11,3,GPS,1766,31
GPS_NO_NIPH_875,15,2,GPS,180,3
GPS_NO_NIPH_458,82,3,GPS,393,38
GPS_NO_NIPH_797,90,4,GPS,405,9N
SPE_GB3_876159,61,4,GPS,162,19F
GPS_NO_NIPH_339,88,4,GPS,433,22F
SPE_GB3_886764,6,1,GPS,53,8
SPE_GB3_871171,92,2,GPS,816,10A
GPS_NO_NIPH_926,81,3,GPS,9579,23B
SPE_GB3_876189,81,3,GPS,439,23B
SPE_GB3_900734,82,3,GPS,393,38
GPS_NO_NIPH_588,6,1,GPS,53,8
GPS_NO_NIPH_1016,6,1,GPS,53,8
SPE_GB3_897405,80,0,GPS,66,9N
SPE_GB3_891417,15,2,GPS,180,3
GPS_NO_NIPH_344,80,0,GPS,834,9N
GPS_NO_NIPH_276,6,1,GPS,53,8
GPS_PK_AKU_NP0470,64,2,GPS,16130,10C
SPE_GB3_883009,6,1,GPS,53,8
SPE_GB3_871151,81,3,GPS,18413,23A
SPE_GB3_900750,27,0,GPS,3214,19A
GPS_NO_NIPH_488,15,2,GPS,180,3
GPS_NO_NIPH_349,6,1,GPS,53,8
GPS_NO_NIPH_367,88,4,GPS,433,22F
GPS_ZA_8553,6,1,GPS,53,8
GPS_NO_NIPH_644,81,3,GPS,42,23A
SPE_GB3_877345,6,1,GPS,53,8
