ID,group,outer_fold
100,100,4
101,101,3
103,103,2
104,104,3
105,105,1
106,106,2
107,107,1
108,108,3
109,109,4
11,11,0
111,111,0
112,112,1
113,113,0
116,116,4
117,117,3
118,118,4
12,12,0
120,120,2
121,121,4
122,122,2
123,123,3
124,124,3
125,125,2
127,127,4
128,128,3
129,129,3
131,131,0
132,132,2
134,134,1
135,135,0
136,136,1
137,137,0
138,138,1
139,139,0
141,141,4
142,142,2
143,143,0
144,144,0
145,145,3
146,146,4
147,147,4
148,148,2
149,149,1
15,15,2
150,150,1
151,151,2
152,152,0
153,153,4
154,154,4
155,155,2
158,158,1
159,159,4
16,16,0
160,160,2
162,162,3
163,163,1
164,164,1
165,165,4
167,167,0
168,168,1
169,169,2
170,170,3
172,172,0
173,173,2
174,174,2
175,175,1
176,176,2
177,177,2
178,178,1
180,180,1
184,184,3
185,185,4
186,186,2
187,187,4
188,188,0
189,189,3
19,19,1
192,192,0
193,193,1
195,195,4
196,196,0
197,197,3
198,198,2
199,199,0
200,200,0
201,201,2
202,202,4
203,203,1
204,204,1
205,205,0
206,206,1
209,209,0
210,210,4
211,211,1
213,213,2
214,214,2
216,216,3
217,217,4
221,221,4
223,223,3
224,224,3
225,225,1
226,226,2
228,228,1
229,229,3
232,232,0
234,234,4
235,235,3
236,236,3
237,237,3
238,238,3
242,242,1
243,243,4
245,245,3
246,246,3
247,247,2
251,251,1
252,252,1
253,253,1
254,254,2
259,259,2
260,260,1
261,261,1
263,263,3
264,264,3
265,265,2
266,266,4
269,269,1
270,270,3
271,271,3
272,272,2
273,273,4
275,275,4
277,277,2
280,280,3
281,281,3
284,284,2
286,286,1
287,287,1
288,288,1
289,289,0
292,292,1
299,299,1
3,3,3
300,300,3
301,301,0
302,302,2
304,304,2
306,306,4
308,308,4
309,309,2
310,310,4
311,311,4
312,312,4
315,315,1
318,318,3
320,320,2
321,321,4
322,322,1
323,323,1
324,324,1
325,325,3
327,327,0
328,328,0
329,329,0
330,330,4
331,331,3
333,333,1
334,334,3
335,335,4
44,44,0
46,46,2
48,48,2
49,49,1
5,5,3
50,50,0
51,51,4
52,52,4
53,53,4
55,55,0
56,56,0
57,57,0
59,59,3
6,6,0
60,60,3
61,61,3
62,62,0
64,64,4
65,65,3
66,66,0
67,67,1
68,68,2
69,69,2
7,7,1
70,70,0
71,71,1
72,72,1
75,75,4
76,76,2
77,77,1
78,78,4
79,79,4
8,8,2
80,80,4
81,81,2
82,82,0
83,83,0
84,84,1
86,86,3
87,87,2
88,88,0
89,89,3
9,9,1
90,90,4
91,91,1
92,92,0
93,93,0
94,94,3
95,95,3
96,96,0
97,97,2
98,98,3
99,99,2
BR-19-60,BR-19-60,3
BR-19-76,BR-19-76,4
CJ-19-40,CJ-19-40,1
cq08004,cq08004,1
cq08010,cq08010,3
cq08015,cq08015,1
cq08016,cq08016,3
cq08018,cq08018,1
cq09005,cq09005,4
CY-18-10,CY-18-10,1
CY-18-13,CY-18-13,4
CY-18-53,CY-18-53,2
DE-18-43,DE-18-43,2
DE-18-50,DE-18-50,0
DE-19-05,DE-19-05,2
DE-19-46,DE-19-46,3
ebj28,ebj28,4
GF-19-19,GF-19-19,1
GF-19-49,GF-19-49,3
GF-19-50,GF-19-50,0
GF-19-70,GF-19-70,0
GX-18-04,GX-18-04,2
GX-18-07,GX-18-07,1
GX-18-18,GX-18-18,4
gz08010,gz08010,2
HB-18-61,HB-18-61,0
HB-18-66,HB-18-66,0
HB-19-15,HB-19-15,1
HB-19-92,HB-19-92,3
HN-18-37,HN-18-37,0
HN-19-15,HN-19-15,1
HX18S04,HX18S04,4
HY-18-03,HY-18-03,0
HY-18-08,HY-18-08,2
HY-18-17,HY-18-17,2
HY-18-30,HY-18-30,2
LZ-18-12,LZ-18-12,4
MY-19-13,MY-19-13,2
njspn003,njspn003,1
njspn004,njspn004,0
NX19S20,NX19S20,1
SD-18-12,SD-18-12,2
SH-18-17,SH-18-17,1
SH-18-62,SH-18-62,3
SH-18-71,SH-18-71,3
SJ-18-15,SJ-18-15,4
SJ-19-61,SJ-19-61,3
sy10018,sy10018,3
sy14,sy14,0
sy19,sy19,1
sy20,sy20,1
sy27,sy27,0
sy28,sy28,0
sy9,sy9,3
TA-18-48,TA-18-48,1
TA-19-07,TA-19-07,4
TS-18-42,TS-18-42,3
TS-19-32,TS-19-32,0
TS-19-52,TS-19-52,3
TS-19-70,TS-19-70,2
TS-19-76,TS-19-76,4
WH-19-22,WH-19-22,0
wh10013,wh10013,4
wh10018,wh10018,0
wh11,wh11,1
wh17,wh17,2
wh9,wh9,2
X10,X10,4
X100,X100,1
X101,X101,4
X102,X102,0
X103,X103,1
X104,X104,2
X105,X105,4
X106,X106,0
X107,X107,0
X108,X108,0
X109,X109,3
X11,X11,4
X111,X111,2
X112,X112,1
X113,X113,2
X114,X114,0
X115,X115,4
X116,X116,0
X117,X117,4
X118,X118,0
X119,X119,4
X12,X12,2
X120,X120,2
X121,X121,2
X122,X122,4
X123,X123,2
X124,X124,2
X13,X13,3
X131,X131,4
X132,X132,1
X133,X133,0
X134,X134,3
X135,X135,4
X136,X136,0
X140,X140,3
X142,X142,2
X143,X143,1
X144,X144,0
X145,X145,0
X148,X148,1
X15,X15,4
X150,X150,4
X151,X151,0
X152,X152,0
X153,X153,4
X154,X154,3
X155,X155,3
X156,X156,2
X157,X157,0
X158,X158,4
X159,X159,1
X16,X16,1
X160,X160,2
X161,X161,4
X162,X162,3
X163,X163,4
X164,X164,1
X168,X168,1
X169,X169,3
X17,X17,0
X170,X170,3
X171,X171,2
X174,X174,1
X176,X176,1
X177,X177,2
X18,X18,4
X181,X181,3
X183,X183,3
X186,X186,2
X187,X187,0
X19,X19,1
X191,X191,0
X192,X192,0
X193,X193,2
X194,X194,0
X195,X195,0
X196,X196,1
X198,X198,3
X199,X199,0
X20,X20,4
X202,X202,3
X203,X203,3
X205,X205,4
X206,X206,3
X207,X207,3
X21,X21,2
X210,X210,3
X211,X211,4
X212,X212,0
X213,X213,3
X215,X215,2
X216,X216,1
X217,X217,2
X219,X219,2
X22,X22,1
X220,X220,4
X221,X221,2
X222,X222,1
X223,X223,0
X225,X225,3
X228,X228,3
X229,X229,0
X23,X23,4
X230,X230,0
X231,X231,2
X232,X232,4
X233,X233,2
X234,X234,0
X235,X235,4
X236,X236,2
X237,X237,2
X238,X238,1
X239,X239,2
X24,X24,1
X240,X240,4
X241,X241,2
X242,X242,4
X243,X243,1
X244,X244,3
X245,X245,2
X246,X246,4
X247,X247,4
X248,X248,4
X251,X251,1
X252,X252,3
X253,X253,4
X255,X255,3
X257,X257,1
X258,X258,1
X259,X259,3
X26,X26,0
X260,X260,0
X261,X261,2
X262,X262,0
X263,X263,3
X264,X264,0
X265,X265,4
X269,X269,0
X27,X27,1
X271,X271,3
X272,X272,0
X275,X275,4
X276,X276,2
X277,X277,4
X278,X278,2
X280,X280,4
X282,X282,1
X284,X284,4
X285,X285,0
X286,X286,1
X289,X289,3
X29,X29,0
X291,X291,0
X292,X292,2
X293,X293,1
X294,X294,3
X296,X296,3
X297,X297,4
X298,X298,2
X30,X30,2
X300,X300,2
X301,X301,4
X303,X303,4
X304,X304,0
X306,X306,2
X307,X307,4
X308,X308,3
X31,X31,4
X310,X310,3
X311,X311,2
X313,X313,1
X314,X314,4
X319,X319,1
X32,X32,0
X320,X320,3
X321,X321,0
X322,X322,3
X323,X323,2
X324,X324,1
X328,X328,3
X33,X33,1
X330,X330,0
X331,X331,0
X333,X333,4
X337,X337,2
X338,X338,3
X339,X339,4
X34,X34,4
X340,X340,2
X342,X342,2
X343,X343,3
X344,X344,3
X345,X345,1
X346,X346,3
X35,X35,1
X350,X350,3
X351,X351,1
X352,X352,4
X353,X353,4
X355,X355,1
X356,X356,2
X357,X357,1
X358,X358,1
X36,X36,4
X361,X361,0
X362,X362,1
X363,X363,1
X365,X365,3
X366,X366,1
X367,X367,1
X368,X368,3
X369,X369,2
X37,X37,1
X370,X370,4
X371,X371,0
X372,X372,4
X373,X373,4
X374,X374,1
X376,X376,3
X378,X378,3
X379,X379,3
X38,X38,1
X380,X380,1
X381,X381,4
X382,X382,0
X383,X383,3
X384,X384,0
X386,X386,0
X387,X387,0
X391,X391,4
X392,X392,0
X394,X394,4
X395,X395,1
X396,X396,3
X397,X397,2
X398,X398,2
X4,X4,3
X40,X40,0
X400,X400,1
X401,X401,3
X402,X402,0
X403,X403,1
X404,X404,4
X405,X405,1
X406,X406,0
X407,X407,2
X408,X408,1
X411,X411,4
X412,X412,0
X413,X413,2
X415,X415,3
X416,X416,4
X417,X417,4
X418,X418,2
X419,X419,2
X420,X420,3
X421,X421,4
X422,X422,4
X423,X423,0
X425,X425,3
X427,X427,1
X428,X428,2
X429,X429,2
X43,X43,4
X433,X433,0
X437,X437,1
X438,X438,2
X44,X44,0
X440,X440,2
X441,X441,0
X46,X46,1
X47,X47,2
X48,X48,2
X5,X5,0
X52,X52,3
X54,X54,3
X55,X55,0
X56,X56,1
X57,X57,3
X58,X58,3
X6,X6,3
X60,X60,3
X61,X61,4
X62,X62,0
X64,X64,2
X65,X65,0
X66,X66,0
X67,X67,3
X68,X68,3
X69,X69,0
X70,X70,0
X72,X72,3
X73,X73,2
X74,X74,0
X75,X75,4
X76,X76,2
X77,X77,2
X79,X79,0
X80,X80,0
X81,X81,2
X82,X82,4
X83,X83,3
X84,X84,3
X86,X86,4
X87,X87,2
X88,X88,1
X89,X89,1
X9,X9,2
X92,X92,4
X93,X93,2
X94,X94,1
X95,X95,3
X96,X96,2
X97,X97,4
X98,X98,3
X99,X99,1
XiJ-19-56,XiJ-19-56,0
GPS_NO_NIPH_537,GPS_NO_NIPH_537,4
GPS_NO_NIPH_851,GPS_NO_NIPH_851,0
SPE_GB3_872183,SPE_GB3_872183,4
SPE_GB3_874964,SPE_GB3_874964,1
GPS_ES_CAN_2688,GPS_ES_CAN_2688,2
SPE_GB3_877331,SPE_GB3_877331,1
GPS_ZA_8545,GPS_ZA_8545,2
SPE_GB3_883070,SPE_GB3_883070,2
GPS_NO_NIPH_749,GPS_NO_NIPH_749,1
SPE_GB3_873520,SPE_GB3_873520,2
GPS_ZA_8464,GPS_ZA_8464,2
SPE_GB3_875006,SPE_GB3_875006,4
SPE_GB3_893979,SPE_GB3_893979,2
SPE_GB3_885167,SPE_GB3_885167,0
SPE_GB3_901567,SPE_GB3_901567,0
GPS_ZA_8575,GPS_ZA_8575,0
SPE_GB3_893929,SPE_GB3_893929,3
SPE_GB3_897412,SPE_GB3_897412,4
GPS_ZA_8602,GPS_ZA_8602,3
SPE_GB3_885179,SPE_GB3_885179,0
SPE_GB3_909766,SPE_GB3_909766,0
SPE_GB3_897354,SPE_GB3_897354,0
GPS_NO_NIPH_1070,GPS_NO_NIPH_1070,4
GPS_ZA_8534,GPS_ZA_8534,1
GPS_NO_NIPH_890,GPS_NO_NIPH_890,1
SPE_GB3_897413,SPE_GB3_897413,2
SPE_GB3_894540,SPE_GB3_894540,4
GPS_ZA_8642,GPS_ZA_8642,3
SPE_GB3_898727,SPE_GB3_898727,0
SPE_GB3_897414,SPE_GB3_897414,4
GPS_NO_NIPH_1005,GPS_NO_NIPH_1005,1
GPS_NO_NIPH_295,GPS_NO_NIPH_295,3
GPS_ZA_8636,GPS_ZA_8636,1
GPS_ES_CAN_3645,GPS_ES_CAN_3645,1
SPE_GB3_896087,SPE_GB3_896087,1
GPS_ZA_8582,GPS_ZA_8582,4
GPS_NO_NIPH_825,GPS_NO_NIPH_825,2
GPS_NO_NIPH_292,GPS_NO_NIPH_292,4
GPS_NO_NIPH_426,GPS_NO_NIPH_426,3
GPS_ZA_8485,GPS_ZA_8485,2
GPS_NO_NIPH_767,GPS_NO_NIPH_767,3
GPS_NL_RAD_0631,GPS_NL_RAD_0631,0
SPE_GB3_894538,SPE_GB3_894538,2
SPE_GB3_888106,SPE_GB3_888106,1
SPE_GB3_886749,SPE_GB3_886749,3
SPE_GB3_871141,SPE_GB3_871141,4
SPE_GB3_901551,SPE_GB3_901551,1
GPS_NO_NIPH_1034,GPS_NO_NIPH_1034,4
GPS_ZA_8448,GPS_ZA_8448,0
SPE_GB3_897429,SPE_GB3_897429,1
GPS_ZA_8386,GPS_ZA_8386,1
SPE_GB3_900669,SPE_GB3_900669,0
SPE_GB3_877954,SPE_GB3_877954,1
GPS_NO_NIPH_795,GPS_NO_NIPH_795,3
GPS_NO_NIPH_975,GPS_NO_NIPH_975,3
GPS_PK_AKU_NP0117,GPS_PK_AKU_NP0117,4
SPE_GB3_892787,SPE_GB3_892787,1
GPS_NO_NIPH_561,GPS_NO_NIPH_561,1
SPE_GB3_894512,SPE_GB3_894512,1
GPS_NO_NIPH_491,GPS_NO_NIPH_491,4
GPS_NO_NIPH_530,GPS_NO_NIPH_530,0
GPS_NO_NIPH_279,GPS_NO_NIPH_279,4
SPE_GB3_883915,SPE_GB3_883915,4
GPS_NO_NIPH_594,GPS_NO_NIPH_594,3
SPE_GB3_874946,SPE_GB3_874946,0
SPE_GB3_877925,SPE_GB3_877925,1
SPE_GB3_901548,SPE_GB3_901548,3
SPE_GB3_873511,SPE_GB3_873511,1
SPE_GB3_888056,SPE_GB3_888056,0
SPE_GB3_897415,SPE_GB3_897415,2
GPS_ZA_8589,GPS_ZA_8589,1
GPS_NO_NIPH_711,GPS_NO_NIPH_711,3
SPE_GB3_872196,SPE_GB3_872196,2
SPE_GB3_890533,SPE_GB3_890533,4
SPE_GB3_879972,SPE_GB3_879972,1
GPS_ES_CAN_3274,GPS_ES_CAN_3274,3
SPE_GB3_869338,SPE_GB3_869338,2
SPE_GB3_900737,SPE_GB3_900737,3
GPS_NO_NIPH_815,GPS_NO_NIPH_815,3
SPE_GB3_890592,SPE_GB3_890592,0
SPE_GB3_873509,SPE_GB3_873509,1
GPS_ZA_8380,GPS_ZA_8380,2
GPS_NO_NIPH_489,GPS_NO_NIPH_489,3
SPE_GB3_896058,SPE_GB3_896058,0
GPS_NO_NIPH_898,GPS_NO_NIPH_898,3
SPE_GB3_871133,SPE_GB3_871133,0
GPS_ZA_8520,GPS_ZA_8520,2
SPE_GB3_876187,SPE_GB3_876187,4
SPE_GB3_894537,SPE_GB3_894537,2
SPE_GB3_885165,SPE_GB3_885165,4
GPS_NO_NIPH_1066,GPS_NO_NIPH_1066,4
SPE_GB3_874967,SPE_GB3_874967,3
GPS_NO_NIPH_780,GPS_NO_NIPH_780,4
GPS_ZA_8377,GPS_ZA_8377,0
SPE_GB3_900736,SPE_GB3_900736,2
SPE_GB3_879947,SPE_GB3_879947,1
SPE_GB3_898754,SPE_GB3_898754,3
SPE_GB3_873498,SPE_GB3_873498,4
GPS_NO_NIPH_866,GPS_NO_NIPH_866,4
SPE_GB3_900735,SPE_GB3_900735,1
GPS_NO_NIPH_750,GPS_NO_NIPH_750,0
SPE_GB3_883008,SPE_GB3_883008,1
GPS_NO_NIPH_593,GPS_NO_NIPH_593,4
GPS_ZA_8439,GPS_ZA_8439,0
SPE_GB3_894532,SPE_GB3_894532,4
GPS_NO_NIPH_289,GPS_NO_NIPH_289,1
GPS_NO_NIPH_817,GPS_NO_NIPH_817,1
SPE_GB3_875004,SPE_GB3_875004,4
GPS_TW_NHRI_SPN138,GPS_TW_NHRI_SPN138,1
GPS_NO_NIPH_555,GPS_NO_NIPH_555,2
GPS_ZA_8437,GPS_ZA_8437,2
SPE_GB3_891476,SPE_GB3_891476,1
GPS_PK_AKU_NP0006,GPS_PK_AKU_NP0006,4
GPS_ES_CAN_1992,GPS_ES_CAN_1992,3
SPE_GB3_900680,SPE_GB3_900680,1
GPS_NO_NIPH_596,GPS_NO_NIPH_596,1
GPS_ZA_8459,GPS_ZA_8459,2
SPE_GB3_874984,SPE_GB3_874984,0
SPE_GB3_872247,SPE_GB3_872247,3
GPS_NO_NIPH_886,GPS_NO_NIPH_886,4
GPS_NO_NIPH_359,GPS_NO_NIPH_359,4
GPS_ZA_8424,GPS_ZA_8424,0
GPS_ZA_8537,GPS_ZA_8537,3
GPS_ES_CAN_3829,GPS_ES_CAN_3829,0
SPE_GB3_874977,SPE_GB3_874977,1
GPS_NO_NIPH_776,GPS_NO_NIPH_776,4
GPS_NO_NIPH_405,GPS_NO_NIPH_405,2
GPS_NO_NIPH_700,GPS_NO_NIPH_700,4
SPE_GB3_877350,SPE_GB3_877350,0
SPE_GB3_880010,SPE_GB3_880010,4
GPS_NO_NIPH_820,GPS_NO_NIPH_820,4
SPE_GB3_869373,SPE_GB3_869373,3
GPS_NO_NIPH_659,GPS_NO_NIPH_659,1
SPE_GB3_894530,SPE_GB3_894530,0
SPE_GB3_873493,SPE_GB3_873493,2
GPS_NO_NIPH_950,GPS_NO_NIPH_950,2
SPE_GB3_888052,SPE_GB3_888052,4
GPS_ZA_8585,GPS_ZA_8585,4
GPS_NO_NIPH_512,GPS_NO_NIPH_512,0
SPE_GB3_872240,SPE_GB3_872240,1
SPE_GB3_886743,SPE_GB3_886743,0
SPE_GB3_877942,SPE_GB3_877942,3
SPE_GB3_896094,SPE_GB3_896094,3
GPS_ZA_8486,GPS_ZA_8486,4
GPS_NO_NIPH_1057,GPS_NO_NIPH_1057,3
GPS_NO_NIPH_757,GPS_NO_NIPH_757,0
GPS_ZA_8451,GPS_ZA_8451,3
GPS_NO_NIPH_340,GPS_NO_NIPH_340,0
GPS_NO_NIPH_978,GPS_NO_NIPH_978,0
SPE_GB3_890568,SPE_GB3_890568,3
GPS_NO_NIPH_919,GPS_NO_NIPH_919,4
SPE_GB3_880982,SPE_GB3_880982,1
GPS_NO_NIPH_417,GPS_NO_NIPH_417,3
GPS_NO_NIPH_708,GPS_NO_NIPH_708,1
GPS_NO_NIPH_764,GPS_NO_NIPH_764,0
SPE_GB3_894531,SPE_GB3_894531,3
GPS_NO_NIPH_1030,GPS_NO_NIPH_1030,3
SPE_GB3_894509,SPE_GB3_894509,2
SPE_GB3_897426,SPE_GB3_897426,4
GPS_NO_NIPH_355,GPS_NO_NIPH_355,1
GPS_NO_NIPH_557,GPS_NO_NIPH_557,2
GPS_NO_NIPH_937,GPS_NO_NIPH_937,4
GPS_NO_NIPH_689,GPS_NO_NIPH_689,4
GPS_ZA_8569,GPS_ZA_8569,2
GPS_ES_CAN_3818,GPS_ES_CAN_3818,2
GPS_NO_NIPH_838,GPS_NO_NIPH_838,2
GPS_PK_AKU_NP0138,GPS_PK_AKU_NP0138,3
GPS_NO_NIPH_831,GPS_NO_NIPH_831,1
GPS_NO_NIPH_629,GPS_NO_NIPH_629,2
GPS_NO_NIPH_373,GPS_NO_NIPH_373,2
SPE_GB3_891489,SPE_GB3_891489,4
GPS_NO_NIPH_1064,GPS_NO_NIPH_1064,2
SPE_GB3_901571,SPE_GB3_901571,3
SPE_GB3_876179,SPE_GB3_876179,2
SPE_GB3_874930,SPE_GB3_874930,2
GPS_NO_NIPH_619,GPS_NO_NIPH_619,3
GPS_NO_NIPH_818,GPS_NO_NIPH_818,0
GPS_ZA_8373,GPS_ZA_8373,0
GPS_NO_NIPH_714,GPS_NO_NIPH_714,3
GPS_NO_NIPH_712,GPS_NO_NIPH_712,1
SPE_GB3_872202,SPE_GB3_872202,3
GPS_NO_NIPH_1062,GPS_NO_NIPH_1062,3
SPE_GB3_890588,SPE_GB3_890588,3
GPS_NO_NIPH_345,GPS_NO_NIPH_345,3
SPE_GB3_886755,SPE_GB3_886755,2
GPS_NO_NIPH_1063,GPS_NO_NIPH_1063,0
SPE_GB3_897379,SPE_GB3_897379,2
GPS_NO_NIPH_706,GPS_NO_NIPH_706,0
SPE_GB3_886740,SPE_GB3_886740,0
GPS_NO_NIPH_828,GPS_NO_NIPH_828,0
GPS_ZA_8453,GPS_ZA_8453,1
GPS_NO_NIPH_375,GPS_NO_NIPH_375,4
SPE_GB3_890516,SPE_GB3_890516,1
GPS_NO_NIPH_758,GPS_NO_NIPH_758,0
GPS_NO_NIPH_984,GPS_NO_NIPH_984,1
SPE_GB3_897351,SPE_GB3_897351,2
GPS_ZA_8503,GPS_ZA_8503,1
GPS_NO_NIPH_330,GPS_NO_NIPH_330,4
SPE_GB3_873515,SPE_GB3_873515,4
SPE_GB3_894525,SPE_GB3_894525,2
SPE_GB3_900706,SPE_GB3_900706,2
SPE_GB3_874976,SPE_GB3_874976,0
GPS_ZA_8596,GPS_ZA_8596,4
GPS_ZA_8588,GPS_ZA_8588,2
SPE_GB3_880990,SPE_GB3_880990,4
GPS_ZA_8590,GPS_ZA_8590,3
GPS_NO_NIPH_811,GPS_NO_NIPH_811,1
GPS_NO_NIPH_996,GPS_NO_NIPH_996,3
GPS_NO_NIPH_887,GPS_NO_NIPH_887,0
GPS_NO_NIPH_948,GPS_NO_NIPH_948,4
GPS_NO_NIPH_1047,GPS_NO_NIPH_1047,4
SPE_GB3_880945,SPE_GB3_880945,4
SPE_GB3_896084,SPE_GB3_896084,0
SPE_GB3_875000,SPE_GB3_875000,3
GPS_NO_NIPH_413,GPS_NO_NIPH_413,2
GPS_ES_CAN_2691,GPS_ES_CAN_2691,0
SPE_GB3_871172,SPE_GB3_871172,2
SPE_GB3_880004,SPE_GB3_880004,0
SPE_GB3_901569,SPE_GB3_901569,3
GPS_NO_NIPH_432,GPS_NO_NIPH_432,3
GPS_NO_NIPH_929,GPS_NO_NIPH_929,4
SPE_GB3_893912,SPE_GB3_893912,1
GPS_TW_NHRI_SPN136,GPS_TW_NHRI_SPN136,0
GPS_ZA_8481,GPS_ZA_8481,2
GPS_NO_NIPH_531,GPS_NO_NIPH_531,3
SPE_GB3_892844,SPE_GB3_892844,3
GPS_NO_NIPH_549,GPS_NO_NIPH_549,0
SPE_GB3_872225,SPE_GB3_872225,3
GPS_NO_NIPH_540,GPS_NO_NIPH_540,1
SPE_GB3_891494,SPE_GB3_891494,4
SPE_GB3_891461,SPE_GB3_891461,4
GPS_NO_NIPH_848,GPS_NO_NIPH_848,3
GPS_NO_NIPH_428,GPS_NO_NIPH_428,3
SPE_GB3_876194,SPE_GB3_876194,3
GPS_NO_NIPH_747,GPS_NO_NIPH_747,2
SPE_GB3_886767,SPE_GB3_886767,3
GPS_NO_NIPH_1003,GPS_NO_NIPH_1003,1
GPS_ZA_8587,GPS_ZA_8587,3
GPS_NO_NIPH_864,GPS_NO_NIPH_864,0
SPE_GB3_874931,SPE_GB3_874931,4
SPE_AU1_AUSMDU00074022,SPE_AU1_AUSMDU00074022,0
GPS_ZA_8508,GPS_ZA_8508,1
SPE_GB3_872181,SPE_GB3_872181,2
GPS_NO_NIPH_490,GPS_NO_NIPH_490,1
GPS_NO_NIPH_1008,GPS_NO_NIPH_1008,0
GPS_NO_NIPH_669,GPS_NO_NIPH_669,3
SPE_GB3_900752,SPE_GB3_900752,2
GPS_ZA_8474,GPS_ZA_8474,4
SPE_GB3_876151,SPE_GB3_876151,2
SPE_GB3_874990,SPE_GB3_874990,1
SPE_GB3_897420,SPE_GB3_897420,4
SPE_GB3_873488,SPE_GB3_873488,1
GPS_NO_NIPH_824,GPS_NO_NIPH_824,2
GPS_NO_NIPH_861,GPS_NO_NIPH_861,1
GPS_NO_NIPH_603,GPS_NO_NIPH_603,0
SPE_GB3_880953,SPE_GB3_880953,1
SPE_GB3_890569,SPE_GB3_890569,3
SPE_GB3_883913,SPE_GB3_883913,2
GPS_NO_NIPH_792,GPS_NO_NIPH_792,2
GPS_ZA_8438,GPS_ZA_8438,4
SPE_GB3_886768,SPE_GB3_886768,4
GPS_NO_NIPH_967,GPS_NO_NIPH_967,1
GPS_NO_NIPH_543,GPS_NO_NIPH_543,2
SPE_GB3_890571,SPE_GB3_890571,2
GPS_NO_NIPH_804,GPS_NO_NIPH_804,2
GPS_ZA_8484,GPS_ZA_8484,2
GPS_NO_NIPH_314,GPS_NO_NIPH_314,2
SPE_GB3_872243,SPE_GB3_872243,1
SPE_GB3_898695,SPE_GB3_898695,0
SPE_GB3_891432,SPE_GB3_891432,2
GPS_NO_NIPH_985,GPS_NO_NIPH_985,2
SPE_GB3_890537,SPE_GB3_890537,0
SPE_GB3_890567,SPE_GB3_890567,2
GPS_NO_NIPH_964,GPS_NO_NIPH_964,2
GPS_PK_AKU_NP0102,GPS_PK_AKU_NP0102,0
GPS_NO_NIPH_469,GPS_NO_NIPH_469,0
SPE_GB3_877923,SPE_GB3_877923,1
SPE_GB3_880002,SPE_GB3_880002,4
GPS_NO_NIPH_272,GPS_NO_NIPH_272,2
SPE_GB3_874935,SPE_GB3_874935,0
SPE_GB3_893973,SPE_GB3_893973,3
GPS_NO_NIPH_1027,GPS_NO_NIPH_1027,2
SPE_GB3_879997,SPE_GB3_879997,3
GPS_TW_NHRI_SPN129,GPS_TW_NHRI_SPN129,3
GPS_ZA_8513,GPS_ZA_8513,3
SPE_GB3_876200,SPE_GB3_876200,0
SPE_GB3_877367,SPE_GB3_877367,0
GPS_NO_NIPH_955,GPS_NO_NIPH_955,1
SPE_GB3_871168,SPE_GB3_871168,0
GPS_NO_NIPH_973,GPS_NO_NIPH_973,1
GPS_NO_NIPH_788,GPS_NO_NIPH_788,0
GPS_NO_NIPH_746,GPS_NO_NIPH_746,2
SPE_GB3_879925,SPE_GB3_879925,4
SPE_GB3_869339,SPE_GB3_869339,4
GPS_NO_NIPH_875,GPS_NO_NIPH_875,0
GPS_NO_NIPH_458,GPS_NO_NIPH_458,4
GPS_NO_NIPH_797,GPS_NO_NIPH_797,1
SPE_GB3_876159,SPE_GB3_876159,3
GPS_NO_NIPH_339,GPS_NO_NIPH_339,4
SPE_GB3_886764,SPE_GB3_886764,0
SPE_GB3_871171,SPE_GB3_871171,1
GPS_NO_NIPH_926,GPS_NO_NIPH_926,1
SPE_GB3_876189,SPE_GB3_876189,4
SPE_GB3_900734,SPE_GB3_900734,2
GPS_NO_NIPH_588,GPS_NO_NIPH_588,4
GPS_NO_NIPH_1016,GPS_NO_NIPH_1016,0
SPE_GB3_897405,SPE_GB3_897405,3
SPE_GB3_891417,SPE_GB3_891417,2
GPS_NO_NIPH_344,GPS_NO_NIPH_344,4
GPS_NO_NIPH_276,GPS_NO_NIPH_276,0
GPS_PK_AKU_NP0470,GPS_PK_AKU_NP0470,1
SPE_GB3_883009,SPE_GB3_883009,2
SPE_GB3_871151,SPE_GB3_871151,2
SPE_GB3_900750,SPE_GB3_900750,4
GPS_NO_NIPH_488,GPS_NO_NIPH_488,1
GPS_NO_NIPH_349,GPS_NO_NIPH_349,4
GPS_NO_NIPH_367,GPS_NO_NIPH_367,3
GPS_ZA_8553,GPS_ZA_8553,0
GPS_NO_NIPH_644,GPS_NO_NIPH_644,0
SPE_GB3_877345,SPE_GB3_877345,3
