drug,featset,subset,n,n_S,n_NS,TP,FN,FP,TN,sensitivity (95%CI),specificity (95%CI),PPV (95%CI),NPV (95%CI),F1 (95%CI),AUROC (95%CI),AUPRC (95%CI)
PEN,kmer,All,927,273,654.0,644.0,10.0,6.0,267.0,98.5 (97.4–99.4),97.8 (95.9–99.3),99.1 (98.3–99.7),96.4 (94.0–98.6),98.8 (98.1–99.3),99.8 (99.7–100.0),99.9 (99.9–100.0)
PEN,kmer,Domestic,607,0,607.0,604.0,3.0,0.0,0.0,99.5 (99.0–100.0),,100.0 (100.0–100.0),0.0 (0.0–0.0),99.8 (99.4–100.0),,
PEN,kmer,GPS,320,273,47.0,40.0,7.0,6.0,267.0,85.1 (74.1–94.1),97.8 (95.9–99.3),87.0 (76.5–95.9),97.4 (95.5–99.3),86.0 (76.5–92.7),98.5 (97.0–99.6),93.5 (87.2–98.1)
PEN,typing,All,927,273,654.0,507.0,147.0,36.0,237.0,77.5 (74.2–80.5),86.8 (82.6–90.6),93.4 (91.1–95.3),61.7 (56.9–66.7),84.7 (82.2–86.9),92.8 (91.0–94.3),96.7 (95.7–97.6)
PEN,typing,Domestic,607,0,607.0,486.0,121.0,0.0,0.0,80.1 (76.6–83.2),,100.0 (100.0–100.0),0.0 (0.0–0.0),88.9 (86.9–90.8),,
PEN,typing,GPS,320,273,47.0,21.0,26.0,36.0,237.0,44.7 (31.1–59.6),86.8 (82.4–90.7),36.8 (24.1–50.0),90.1 (86.4–93.6),40.4 (27.5–51.6),78.9 (71.7–85.5),39.3 (27.5–54.7)
PEN,combined,All,927,273,654.0,642.0,12.0,4.0,269.0,98.2 (97.2–99.1),98.5 (96.9–99.7),99.4 (98.7–99.8),95.7 (93.3–97.9),98.8 (98.1–99.3),99.9 (99.7–100.0),99.9 (99.9–100.0)
PEN,combined,Domestic,607,0,607.0,603.0,4.0,0.0,0.0,99.3 (98.7–99.8),,100.0 (100.0–100.0),0.0 (0.0–0.0),99.7 (99.3–99.9),,
PEN,combined,GPS,320,273,47.0,39.0,8.0,4.0,269.0,83.0 (72.0–93.2),98.5 (97.0–99.6),90.7 (80.4–98.1),97.1 (94.9–98.9),86.7 (78.4–93.2),98.5 (96.3–99.8),94.8 (89.0–98.8)
AMC,kmer,All,927,712,215.0,178.0,37.0,46.0,666.0,82.8 (77.6–87.7),93.5 (91.7–95.3),79.5 (74.4–84.5),94.7 (93.0–96.3),81.1 (76.9–84.9),94.2 (92.2–95.9),83.9 (78.5–89.3)
AMC,kmer,Domestic,607,395,212.0,177.0,35.0,45.0,350.0,83.5 (78.4–88.7),88.6 (85.3–91.9),79.7 (74.2–84.8),90.9 (88.0–93.7),81.6 (77.6–85.4),91.1 (88.0–93.6),84.5 (79.1–89.6)
AMC,kmer,GPS,320,317,3.0,1.0,2.0,1.0,316.0,33.3 (0.0–100.0),99.7 (99.0–100.0),50.0 (0.0–100.0),99.4 (98.4–100.0),40.0 (0.0–100.0),97.3 (92.2–100.0),48.4 (4.2–100.0)
AMC,typing,All,927,712,215.0,180.0,35.0,53.0,659.0,83.7 (78.9–88.7),92.6 (90.6–94.4),77.3 (71.7–82.3),95.0 (93.2–96.5),80.4 (76.4–84.3),93.7 (91.2–96.0),83.9 (78.7–88.7)
AMC,typing,Domestic,607,395,212.0,180.0,32.0,52.0,343.0,84.9 (80.1–90.0),86.8 (83.0–90.1),77.6 (72.0–82.7),91.5 (88.7–94.1),81.1 (77.0–84.8),91.4 (88.3–94.0),84.8 (79.7–89.4)
AMC,typing,GPS,320,317,3.0,0.0,3.0,1.0,316.0,0.0 (0.0–0.0),99.7 (99.0–100.0),0.0 (0.0–0.0),99.1 (97.8–100.0),0.0 (0.0–0.0),77.2 (32.4–99.4),16.6 (0.5–60.6)
AMC,combined,All,927,712,215.0,183.0,32.0,46.0,666.0,85.1 (80.2–89.7),93.5 (91.8–95.3),79.9 (74.9–84.7),95.4 (93.7–96.9),82.4 (78.5–86.4),96.0 (94.4–97.3),89.8 (85.7–93.0)
AMC,combined,Domestic,607,395,212.0,182.0,30.0,45.0,350.0,85.8 (81.2–90.3),88.6 (85.7–91.5),80.2 (75.0–85.2),92.1 (89.1–94.8),82.9 (79.0–86.7),93.8 (91.6–95.8),90.4 (86.4–93.6)
AMC,combined,GPS,320,317,3.0,1.0,2.0,1.0,316.0,33.3 (0.0–100.0),99.7 (99.0–100.0),50.0 (0.0–100.0),99.4 (98.4–100.0),40.0 (0.0–100.0),96.4 (90.6–100.0),29.4 (3.6–100.0)
CRO,kmer,All,927,746,181.0,153.0,28.0,101.0,645.0,84.5 (79.3–89.8),86.5 (84.0–88.9),60.2 (54.5–66.2),95.8 (94.4–97.3),70.3 (65.3–74.8),90.8 (88.2–93.3),75.6 (69.5–81.5)
CRO,kmer,Domestic,607,428,179.0,152.0,27.0,99.0,329.0,84.9 (80.1–89.9),76.9 (72.8–80.8),60.6 (53.7–66.5),92.4 (89.7–95.1),70.7 (65.9–75.5),86.3 (82.6–89.7),76.3 (70.1–81.7)
CRO,kmer,GPS,320,318,2.0,1.0,1.0,2.0,316.0,50.0 (0.0–100.0),99.4 (98.4–100.0),33.3 (0.0–100.0),99.7 (99.0–100.0),40.0 (0.0–100.0),97.2 (92.5–100.0),55.0 (4.3–100.0)
CRO,typing,All,927,746,181.0,153.0,28.0,146.0,600.0,84.5 (78.9–89.7),80.4 (77.6–83.2),51.2 (45.3–57.0),95.5 (93.9–97.1),63.7 (58.6–68.8),90.0 (87.3–92.7),70.7 (62.9–78.2)
CRO,typing,Domestic,607,428,179.0,152.0,27.0,141.0,287.0,84.9 (80.1–90.1),67.1 (62.7–71.4),51.9 (46.6–57.4),91.4 (88.4–94.4),64.4 (59.4–69.4),85.1 (81.4–88.6),71.4 (64.1–78.7)
CRO,typing,GPS,320,318,2.0,1.0,1.0,5.0,313.0,50.0 (0.0–100.0),98.4 (96.9–99.7),16.7 (0.0–60.0),99.7 (99.0–100.0),25.0 (0.0–66.7),98.6 (97.1–99.6),22.5 (10.0–66.7)
CRO,combined,All,927,746,181.0,156.0,25.0,101.0,645.0,86.2 (81.1–90.9),86.5 (84.1–89.0),60.7 (54.8–66.4),96.3 (94.8–97.7),71.2 (66.2–75.7),91.7 (89.5–93.9),77.5 (71.5–83.5)
CRO,combined,Domestic,607,428,179.0,155.0,24.0,100.0,328.0,86.6 (81.8–91.3),76.6 (72.4–80.7),60.8 (54.6–66.7),93.2 (90.5–95.6),71.4 (66.2–75.8),87.3 (83.8–90.4),78.1 (71.5–84.0)
CRO,combined,GPS,320,318,2.0,1.0,1.0,1.0,317.0,50.0 (0.0–100.0),99.7 (99.1–100.0),50.0 (0.0–100.0),99.7 (99.1–100.0),50.0 (0.0–100.0),98.6 (96.2–100.0),35.0 (8.3–100.0)
ERY,kmer,All,927,293,634.0,625.0,9.0,9.0,284.0,98.6 (97.6–99.4),96.9 (95.0–98.7),98.6 (97.7–99.4),96.9 (94.7–98.6),98.6 (97.9–99.2),98.9 (97.9–99.6),99.1 (98.0–99.8)
ERY,kmer,Domestic,607,10,597.0,595.0,2.0,6.0,4.0,99.7 (99.2–100.0),40.0 (11.1–71.4),99.0 (98.2–99.7),66.7 (25.0–100.0),99.3 (98.8–99.8),80.0 (59.6–95.3),99.3 (98.2–99.9)
ERY,kmer,GPS,320,283,37.0,30.0,7.0,3.0,280.0,81.1 (66.7–93.0),98.9 (97.6–100.0),90.9 (80.0–100.0),97.6 (95.5–99.3),85.7 (76.5–93.7),96.4 (90.5–99.7),88.3 (75.5–97.6)
ERY,typing,All,927,293,634.0,545.0,89.0,57.0,236.0,86.0 (83.0–88.6),80.5 (76.0–85.2),90.5 (88.1–92.9),72.6 (67.8–77.7),88.2 (86.2–90.1),92.6 (90.8–94.2),96.3 (95.3–97.3)
ERY,typing,Domestic,607,10,597.0,521.0,76.0,7.0,3.0,87.3 (84.5–89.7),30.0 (0.0–62.5),98.7 (97.6–99.6),3.8 (0.0–8.5),92.6 (91.0–94.2),71.9 (58.5–85.1),99.4 (98.8–99.8)
ERY,typing,GPS,320,283,37.0,24.0,13.0,50.0,233.0,64.9 (48.8–79.4),82.3 (78.0–86.4),32.4 (22.4–43.1),94.7 (91.8–97.2),43.2 (30.5–54.5),81.7 (74.8–88.3),33.5 (23.1–49.9)
ERY,combined,All,927,293,634.0,625.0,9.0,10.0,283.0,98.6 (97.6–99.4),96.6 (94.3–98.4),98.4 (97.5–99.4),96.9 (94.7–98.6),98.5 (97.8–99.1),98.9 (98.0–99.6),99.3 (98.4–99.8)
ERY,combined,Domestic,607,10,597.0,594.0,3.0,6.0,4.0,99.5 (98.8–100.0),40.0 (10.0–71.4),99.0 (98.2–99.7),57.1 (16.7–100.0),99.2 (98.7–99.7),80.2 (59.0–96.8),99.4 (98.5–100.0)
ERY,combined,GPS,320,283,37.0,31.0,6.0,4.0,279.0,83.8 (70.6–94.9),98.6 (97.1–99.7),88.6 (77.4–97.4),97.9 (96.0–99.3),86.1 (76.9–93.9),96.3 (89.9–99.6),88.1 (75.7–97.3)
CLI,kmer,All,927,343,584.0,574.0,10.0,32.0,311.0,98.3 (97.2–99.3),90.7 (87.5–93.6),94.7 (92.9–96.3),96.9 (94.8–98.5),96.5 (95.3–97.5),96.2 (94.6–97.7),95.5 (92.6–97.8)
CLI,kmer,Domestic,607,39,568.0,559.0,9.0,29.0,10.0,98.4 (97.4–99.3),25.6 (12.7–40.0),95.1 (93.2–96.6),52.6 (28.6–75.0),96.7 (95.7–97.7),71.0 (60.8–81.6),95.7 (93.1–97.9)
CLI,kmer,GPS,320,304,16.0,15.0,1.0,3.0,301.0,93.8 (80.0–100.0),99.0 (97.7–100.0),83.3 (63.6–100.0),99.7 (99.0–100.0),88.2 (75.0–97.8),94.4 (81.4–100.0),86.2 (67.6–100.0)
CLI,typing,All,927,343,584.0,484.0,100.0,66.0,277.0,82.9 (79.6–85.9),80.8 (76.5–84.7),88.0 (85.3–90.6),73.5 (69.3–78.0),85.4 (83.0–87.5),90.3 (88.1–92.3),93.1 (91.1–94.9)
CLI,typing,Domestic,607,39,568.0,477.0,91.0,24.0,15.0,84.0 (80.7–87.0),38.5 (22.9–53.8),95.2 (93.3–97.0),14.2 (7.8–21.2),89.2 (87.1–91.2),65.1 (55.7–74.5),96.2 (94.5–97.8)
CLI,typing,GPS,320,304,16.0,7.0,9.0,42.0,262.0,43.8 (20.0–69.2),86.2 (81.9–90.1),14.3 (4.3–25.0),96.7 (94.4–98.6),21.5 (8.2–34.9),77.7 (64.1–89.4),18.2 (8.1–37.8)
CLI,combined,All,927,343,584.0,579.0,5.0,34.0,309.0,99.1 (98.3–99.8),90.1 (86.8–93.2),94.5 (92.5–96.2),98.4 (96.9–99.7),96.7 (95.7–97.8),96.0 (94.2–97.6),95.2 (92.8–97.6)
CLI,combined,Domestic,607,39,568.0,564.0,4.0,30.0,9.0,99.3 (98.6–99.8),23.1 (10.5–36.8),94.9 (93.3–96.5),69.2 (42.8–93.8),97.1 (96.1–98.0),69.5 (58.2–80.2),95.4 (92.9–97.9)
CLI,combined,GPS,320,304,16.0,15.0,1.0,4.0,300.0,93.8 (80.0–100.0),98.7 (97.4–99.7),78.9 (58.8–95.0),99.7 (98.7–100.0),85.7 (72.0–96.8),94.0 (80.3–100.0),83.7 (61.4–99.6)
SXT,kmer,All,927,410,517.0,484.0,33.0,42.0,368.0,93.6 (91.3–95.6),89.8 (86.8–92.5),92.0 (89.6–94.2),91.8 (89.1–94.3),92.8 (91.1–94.3),95.7 (94.3–96.9),95.9 (94.2–97.4)
SXT,kmer,Domestic,607,142,465.0,438.0,27.0,36.0,106.0,94.2 (91.8–96.1),74.6 (67.1–81.6),92.4 (90.1–94.8),79.7 (72.4–86.3),93.3 (91.5–94.8),90.2 (87.2–93.0),96.2 (94.5–97.7)
SXT,kmer,GPS,320,268,52.0,46.0,6.0,6.0,262.0,88.5 (78.7–96.2),97.8 (95.9–99.3),88.5 (78.7–96.4),97.8 (95.9–99.3),88.5 (81.6–94.3),97.4 (92.8–99.8),93.5 (86.0–98.8)
SXT,typing,All,927,410,517.0,419.0,98.0,78.0,332.0,81.0 (77.5–84.2),81.0 (77.4–84.7),84.3 (81.4–87.3),77.2 (73.5–81.1),82.6 (80.0–85.2),89.0 (87.0–90.9),90.9 (88.6–92.9)
SXT,typing,Domestic,607,142,465.0,390.0,75.0,47.0,95.0,83.9 (80.5–87.2),66.9 (58.7–73.9),89.2 (86.3–91.8),55.9 (47.8–63.2),86.5 (84.1–88.8),83.8 (80.0–87.0),94.0 (91.8–95.8)
SXT,typing,GPS,320,268,52.0,29.0,23.0,31.0,237.0,55.8 (42.1–69.0),88.4 (83.9–92.0),48.3 (35.1–61.9),91.2 (87.6–94.6),51.8 (39.6–63.0),82.4 (76.0–87.5),40.9 (30.8–55.1)
SXT,combined,All,927,410,517.0,479.0,38.0,39.0,371.0,92.6 (90.4–94.8),90.5 (87.5–93.2),92.5 (90.2–94.6),90.7 (87.9–93.4),92.6 (90.8–94.0),95.9 (94.5–97.1),96.1 (94.6–97.5)
SXT,combined,Domestic,607,142,465.0,434.0,31.0,34.0,108.0,93.3 (90.8–95.6),76.1 (69.3–82.9),92.7 (90.4–94.9),77.7 (70.4–84.4),93.0 (91.3–94.7),90.6 (87.4–93.4),96.5 (94.9–97.9)
SXT,combined,GPS,320,268,52.0,45.0,7.0,5.0,263.0,86.5 (76.8–95.0),98.1 (96.3–99.6),90.0 (80.8–97.8),97.4 (95.4–99.2),88.2 (81.0–94.4),97.3 (92.7–99.8),89.5 (79.0–98.8)
