100	/Users/chunjiang/Documents/20260930_633菌株/spn607_clean/100/100.contigs.fasta
101	/Users/chunjiang/Documents/20260930_633菌株/spn607_clean/101/101.contigs.fasta
103	/Users/chunjiang/Documents/20260930_633菌株/spn607_clean/103/103.contigs.fasta
104	/Users/chunjiang/Documents/20260930_633菌株/spn607_clean/104/104.contigs.fasta
105	/Users/chunjiang/Documents/20260930_633菌株/spn607_clean/105/105.contigs.fasta
106	/Users/chunjiang/Documents/20260930_633菌株/spn607_clean/106/106.contigs.fasta
107	/Users/chunjiang/Documents/20260930_633菌株/spn607_clean/107/107.contigs.fasta
108	/Users/chunjiang/Documents/20260930_633菌株/spn607_clean/108/108.contigs.fasta
109	/Users/chunjiang/Documents/20260930_633菌株/spn607_clean/109/109.contigs.fasta
11	/Users/chunjiang/Documents/20260930_633菌株/spn607_clean/11/11.contigs.fasta
111	/Users/chunjiang/Documents/20260930_633菌株/spn607_clean/111/111.contigs.fasta
112	/Users/chunjiang/Documents/20260930_633菌株/spn607_clean/112/112.contigs.fasta
113	/Users/chunjiang/Documents/20260930_633菌株/spn607_clean/113/113.contigs.fasta
116	/Users/chunjiang/Documents/20260930_633菌株/spn607_clean/116/116.contigs.fasta
117	/Users/chunjiang/Documents/20260930_633菌株/spn607_clean/117/117.contigs.fasta
118	/Users/chunjiang/Documents/20260930_633菌株/spn607_clean/118/118.contigs.fasta
12	/Users/chunjiang/Documents/20260930_633菌株/spn607_clean/12/12.contigs.fasta
120	/Users/chunjiang/Documents/20260930_633菌株/spn607_clean/120/120.contigs.fasta
121	/Users/chunjiang/Documents/20260930_633菌株/spn607_clean/121/121.contigs.fasta
122	/Users/chunjiang/Documents/20260930_633菌株/spn607_clean/122/122.contigs.fasta
123	/Users/chunjiang/Documents/20260930_633菌株/spn607_clean/123/123.contigs.fasta
124	/Users/chunjiang/Documents/20260930_633菌株/spn607_clean/124/124.contigs.fasta
125	/Users/chunjiang/Documents/20260930_633菌株/spn607_clean/125/125.contigs.fasta
127	/Users/chunjiang/Documents/20260930_633菌株/spn607_clean/127/127.contigs.fasta
128	/Users/chunjiang/Documents/20260930_633菌株/spn607_clean/128/128.contigs.fasta
129	/Users/chunjiang/Documents/20260930_633菌株/spn607_clean/129/129.contigs.fasta
131	/Users/chunjiang/Documents/20260930_633菌株/spn607_clean/131/131.contigs.fasta
132	/Users/chunjiang/Documents/20260930_633菌株/spn607_clean/132/132.contigs.fasta
134	/Users/chunjiang/Documents/20260930_633菌株/spn607_clean/134/134.contigs.fasta
135	/Users/chunjiang/Documents/20260930_633菌株/spn607_clean/135/135.contigs.fasta
136	/Users/chunjiang/Documents/20260930_633菌株/spn607_clean/136/136.contigs.fasta
137	/Users/chunjiang/Documents/20260930_633菌株/spn607_clean/137/137.contigs.fasta
138	/Users/chunjiang/Documents/20260930_633菌株/spn607_clean/138/138.contigs.fasta
139	/Users/chunjiang/Documents/20260930_633菌株/spn607_clean/139/139.contigs.fasta
141	/Users/chunjiang/Documents/20260930_633菌株/spn607_clean/141/141.contigs.fasta
142	/Users/chunjiang/Documents/20260930_633菌株/spn607_clean/142/142.contigs.fasta
143	/Users/chunjiang/Documents/20260930_633菌株/spn607_clean/143/143.contigs.fasta
144	/Users/chunjiang/Documents/20260930_633菌株/spn607_clean/144/144.contigs.fasta
145	/Users/chunjiang/Documents/20260930_633菌株/spn607_clean/145/145.contigs.fasta
146	/Users/chunjiang/Documents/20260930_633菌株/spn607_clean/146/146.contigs.fasta
147	/Users/chunjiang/Documents/20260930_633菌株/spn607_clean/147/147.contigs.fasta
148	/Users/chunjiang/Documents/20260930_633菌株/spn607_clean/148/148.contigs.fasta
149	/Users/chunjiang/Documents/20260930_633菌株/spn607_clean/149/149.contigs.fasta
15	/Users/chunjiang/Documents/20260930_633菌株/spn607_clean/15/15.contigs.fasta
150	/Users/chunjiang/Documents/20260930_633菌株/spn607_clean/150/150.contigs.fasta
151	/Users/chunjiang/Documents/20260930_633菌株/spn607_clean/151/151.contigs.fasta
152	/Users/chunjiang/Documents/20260930_633菌株/spn607_clean/152/152.contigs.fasta
153	/Users/chunjiang/Documents/20260930_633菌株/spn607_clean/153/153.contigs.fasta
154	/Users/chunjiang/Documents/20260930_633菌株/spn607_clean/154/154.contigs.fasta
155	/Users/chunjiang/Documents/20260930_633菌株/spn607_clean/155/155.contigs.fasta
158	/Users/chunjiang/Documents/20260930_633菌株/spn607_clean/158/158.contigs.fasta
159	/Users/chunjiang/Documents/20260930_633菌株/spn607_clean/159/159.contigs.fasta
16	/Users/chunjiang/Documents/20260930_633菌株/spn607_clean/16/16.contigs.fasta
160	/Users/chunjiang/Documents/20260930_633菌株/spn607_clean/160/160.contigs.fasta
162	/Users/chunjiang/Documents/20260930_633菌株/spn607_clean/162/162.contigs.fasta
163	/Users/chunjiang/Documents/20260930_633菌株/spn607_clean/163/163.contigs.fasta
164	/Users/chunjiang/Documents/20260930_633菌株/spn607_clean/164/164.contigs.fasta
165	/Users/chunjiang/Documents/20260930_633菌株/spn607_clean/165/165.contigs.fasta
167	/Users/chunjiang/Documents/20260930_633菌株/spn607_clean/167/167.contigs.fasta
168	/Users/chunjiang/Documents/20260930_633菌株/spn607_clean/168/168.contigs.fasta
169	/Users/chunjiang/Documents/20260930_633菌株/spn607_clean/169/169.contigs.fasta
170	/Users/chunjiang/Documents/20260930_633菌株/spn607_clean/170/170.contigs.fasta
172	/Users/chunjiang/Documents/20260930_633菌株/spn607_clean/172/172.contigs.fasta
173	/Users/chunjiang/Documents/20260930_633菌株/spn607_clean/173/173.contigs.fasta
174	/Users/chunjiang/Documents/20260930_633菌株/spn607_clean/174/174.contigs.fasta
175	/Users/chunjiang/Documents/20260930_633菌株/spn607_clean/175/175.contigs.fasta
176	/Users/chunjiang/Documents/20260930_633菌株/spn607_clean/176/176.contigs.fasta
177	/Users/chunjiang/Documents/20260930_633菌株/spn607_clean/177/177.contigs.fasta
178	/Users/chunjiang/Documents/20260930_633菌株/spn607_clean/178/178.contigs.fasta
180	/Users/chunjiang/Documents/20260930_633菌株/spn607_clean/180/180.contigs.fasta
184	/Users/chunjiang/Documents/20260930_633菌株/spn607_clean/184/184.contigs.fasta
185	/Users/chunjiang/Documents/20260930_633菌株/spn607_clean/185/185.contigs.fasta
186	/Users/chunjiang/Documents/20260930_633菌株/spn607_clean/186/186.contigs.fasta
187	/Users/chunjiang/Documents/20260930_633菌株/spn607_clean/187/187.contigs.fasta
188	/Users/chunjiang/Documents/20260930_633菌株/spn607_clean/188/188.contigs.fasta
189	/Users/chunjiang/Documents/20260930_633菌株/spn607_clean/189/189.contigs.fasta
19	/Users/chunjiang/Documents/20260930_633菌株/spn607_clean/19/19.contigs.fasta
192	/Users/chunjiang/Documents/20260930_633菌株/spn607_clean/192/192.contigs.fasta
193	/Users/chunjiang/Documents/20260930_633菌株/spn607_clean/193/193.contigs.fasta
195	/Users/chunjiang/Documents/20260930_633菌株/spn607_clean/195/195.contigs.fasta
196	/Users/chunjiang/Documents/20260930_633菌株/spn607_clean/196/196.contigs.fasta
197	/Users/chunjiang/Documents/20260930_633菌株/spn607_clean/197/197.contigs.fasta
198	/Users/chunjiang/Documents/20260930_633菌株/spn607_clean/198/198.contigs.fasta
199	/Users/chunjiang/Documents/20260930_633菌株/spn607_clean/199/199.contigs.fasta
200	/Users/chunjiang/Documents/20260930_633菌株/spn607_clean/200/200.contigs.fasta
201	/Users/chunjiang/Documents/20260930_633菌株/spn607_clean/201/201.contigs.fasta
202	/Users/chunjiang/Documents/20260930_633菌株/spn607_clean/202/202.contigs.fasta
203	/Users/chunjiang/Documents/20260930_633菌株/spn607_clean/203/203.contigs.fasta
204	/Users/chunjiang/Documents/20260930_633菌株/spn607_clean/204/204.contigs.fasta
205	/Users/chunjiang/Documents/20260930_633菌株/spn607_clean/205/205.contigs.fasta
206	/Users/chunjiang/Documents/20260930_633菌株/spn607_clean/206/206.contigs.fasta
209	/Users/chunjiang/Documents/20260930_633菌株/spn607_clean/209/209.contigs.fasta
210	/Users/chunjiang/Documents/20260930_633菌株/spn607_clean/210/210.contigs.fasta
211	/Users/chunjiang/Documents/20260930_633菌株/spn607_clean/211/211.contigs.fasta
213	/Users/chunjiang/Documents/20260930_633菌株/spn607_clean/213/213.contigs.fasta
214	/Users/chunjiang/Documents/20260930_633菌株/spn607_clean/214/214.contigs.fasta
216	/Users/chunjiang/Documents/20260930_633菌株/spn607_clean/216/216.contigs.fasta
217	/Users/chunjiang/Documents/20260930_633菌株/spn607_clean/217/217.contigs.fasta
221	/Users/chunjiang/Documents/20260930_633菌株/spn607_clean/221/221.contigs.fasta
223	/Users/chunjiang/Documents/20260930_633菌株/spn607_clean/223/223.contigs.fasta
224	/Users/chunjiang/Documents/20260930_633菌株/spn607_clean/224/224.contigs.fasta
225	/Users/chunjiang/Documents/20260930_633菌株/spn607_clean/225/225.contigs.fasta
226	/Users/chunjiang/Documents/20260930_633菌株/spn607_clean/226/226.contigs.fasta
228	/Users/chunjiang/Documents/20260930_633菌株/spn607_clean/228/228.contigs.fasta
229	/Users/chunjiang/Documents/20260930_633菌株/spn607_clean/229/229.contigs.fasta
232	/Users/chunjiang/Documents/20260930_633菌株/spn607_clean/232/232.contigs.fasta
234	/Users/chunjiang/Documents/20260930_633菌株/spn607_clean/234/234.contigs.fasta
235	/Users/chunjiang/Documents/20260930_633菌株/spn607_clean/235/235.contigs.fasta
236	/Users/chunjiang/Documents/20260930_633菌株/spn607_clean/236/236.contigs.fasta
237	/Users/chunjiang/Documents/20260930_633菌株/spn607_clean/237/237.contigs.fasta
238	/Users/chunjiang/Documents/20260930_633菌株/spn607_clean/238/238.contigs.fasta
242	/Users/chunjiang/Documents/20260930_633菌株/spn607_clean/242/242.contigs.fasta
243	/Users/chunjiang/Documents/20260930_633菌株/spn607_clean/243/243.contigs.fasta
245	/Users/chunjiang/Documents/20260930_633菌株/spn607_clean/245/245.contigs.fasta
246	/Users/chunjiang/Documents/20260930_633菌株/spn607_clean/246/246.contigs.fasta
247	/Users/chunjiang/Documents/20260930_633菌株/spn607_clean/247/247.contigs.fasta
251	/Users/chunjiang/Documents/20260930_633菌株/spn607_clean/251/251.contigs.fasta
252	/Users/chunjiang/Documents/20260930_633菌株/spn607_clean/252/252.contigs.fasta
253	/Users/chunjiang/Documents/20260930_633菌株/spn607_clean/253/253.contigs.fasta
254	/Users/chunjiang/Documents/20260930_633菌株/spn607_clean/254/254.contigs.fasta
259	/Users/chunjiang/Documents/20260930_633菌株/spn607_clean/259/259.contigs.fasta
260	/Users/chunjiang/Documents/20260930_633菌株/spn607_clean/260/260.contigs.fasta
261	/Users/chunjiang/Documents/20260930_633菌株/spn607_clean/261/261.contigs.fasta
263	/Users/chunjiang/Documents/20260930_633菌株/spn607_clean/263/263.contigs.fasta
264	/Users/chunjiang/Documents/20260930_633菌株/spn607_clean/264/264.contigs.fasta
265	/Users/chunjiang/Documents/20260930_633菌株/spn607_clean/265/265.contigs.fasta
266	/Users/chunjiang/Documents/20260930_633菌株/spn607_clean/266/266.contigs.fasta
269	/Users/chunjiang/Documents/20260930_633菌株/spn607_clean/269/269.contigs.fasta
270	/Users/chunjiang/Documents/20260930_633菌株/spn607_clean/270/270.contigs.fasta
271	/Users/chunjiang/Documents/20260930_633菌株/spn607_clean/271/271.contigs.fasta
272	/Users/chunjiang/Documents/20260930_633菌株/spn607_clean/272/272.contigs.fasta
273	/Users/chunjiang/Documents/20260930_633菌株/spn607_clean/273/273.contigs.fasta
275	/Users/chunjiang/Documents/20260930_633菌株/spn607_clean/275/275.contigs.fasta
277	/Users/chunjiang/Documents/20260930_633菌株/spn607_clean/277/277.contigs.fasta
280	/Users/chunjiang/Documents/20260930_633菌株/spn607_clean/280/280.contigs.fasta
281	/Users/chunjiang/Documents/20260930_633菌株/spn607_clean/281/281.contigs.fasta
284	/Users/chunjiang/Documents/20260930_633菌株/spn607_clean/284/284.contigs.fasta
286	/Users/chunjiang/Documents/20260930_633菌株/spn607_clean/286/286.contigs.fasta
287	/Users/chunjiang/Documents/20260930_633菌株/spn607_clean/287/287.contigs.fasta
288	/Users/chunjiang/Documents/20260930_633菌株/spn607_clean/288/288.contigs.fasta
289	/Users/chunjiang/Documents/20260930_633菌株/spn607_clean/289/289.contigs.fasta
292	/Users/chunjiang/Documents/20260930_633菌株/spn607_clean/292/292.contigs.fasta
299	/Users/chunjiang/Documents/20260930_633菌株/spn607_clean/299/299.contigs.fasta
3	/Users/chunjiang/Documents/20260930_633菌株/spn607_clean/3/3.contigs.fasta
300	/Users/chunjiang/Documents/20260930_633菌株/spn607_clean/300/300.contigs.fasta
301	/Users/chunjiang/Documents/20260930_633菌株/spn607_clean/301/301.contigs.fasta
302	/Users/chunjiang/Documents/20260930_633菌株/spn607_clean/302/302.contigs.fasta
304	/Users/chunjiang/Documents/20260930_633菌株/spn607_clean/304/304.contigs.fasta
306	/Users/chunjiang/Documents/20260930_633菌株/spn607_clean/306/306.contigs.fasta
308	/Users/chunjiang/Documents/20260930_633菌株/spn607_clean/308/308.contigs.fasta
309	/Users/chunjiang/Documents/20260930_633菌株/spn607_clean/309/309.contigs.fasta
310	/Users/chunjiang/Documents/20260930_633菌株/spn607_clean/310/310.contigs.fasta
311	/Users/chunjiang/Documents/20260930_633菌株/spn607_clean/311/311.contigs.fasta
312	/Users/chunjiang/Documents/20260930_633菌株/spn607_clean/312/312.contigs.fasta
315	/Users/chunjiang/Documents/20260930_633菌株/spn607_clean/315/315.contigs.fasta
318	/Users/chunjiang/Documents/20260930_633菌株/spn607_clean/318/318.contigs.fasta
320	/Users/chunjiang/Documents/20260930_633菌株/spn607_clean/320/320.contigs.fasta
321	/Users/chunjiang/Documents/20260930_633菌株/spn607_clean/321/321.contigs.fasta
322	/Users/chunjiang/Documents/20260930_633菌株/spn607_clean/322/322.contigs.fasta
323	/Users/chunjiang/Documents/20260930_633菌株/spn607_clean/323/323.contigs.fasta
324	/Users/chunjiang/Documents/20260930_633菌株/spn607_clean/324/324.contigs.fasta
325	/Users/chunjiang/Documents/20260930_633菌株/spn607_clean/325/325.contigs.fasta
327	/Users/chunjiang/Documents/20260930_633菌株/spn607_clean/327/327.contigs.fasta
328	/Users/chunjiang/Documents/20260930_633菌株/spn607_clean/328/328.contigs.fasta
329	/Users/chunjiang/Documents/20260930_633菌株/spn607_clean/329/329.contigs.fasta
330	/Users/chunjiang/Documents/20260930_633菌株/spn607_clean/330/330.contigs.fasta
331	/Users/chunjiang/Documents/20260930_633菌株/spn607_clean/331/331.contigs.fasta
333	/Users/chunjiang/Documents/20260930_633菌株/spn607_clean/333/333.contigs.fasta
334	/Users/chunjiang/Documents/20260930_633菌株/spn607_clean/334/334.contigs.fasta
335	/Users/chunjiang/Documents/20260930_633菌株/spn607_clean/335/335.contigs.fasta
44	/Users/chunjiang/Documents/20260930_633菌株/spn607_clean/44/44.contigs.fasta
46	/Users/chunjiang/Documents/20260930_633菌株/spn607_clean/46/46.contigs.fasta
48	/Users/chunjiang/Documents/20260930_633菌株/spn607_clean/48/48.contigs.fasta
49	/Users/chunjiang/Documents/20260930_633菌株/spn607_clean/49/49.contigs.fasta
5	/Users/chunjiang/Documents/20260930_633菌株/spn607_clean/5/5.contigs.fasta
50	/Users/chunjiang/Documents/20260930_633菌株/spn607_clean/50/50.contigs.fasta
51	/Users/chunjiang/Documents/20260930_633菌株/spn607_clean/51/51.contigs.fasta
52	/Users/chunjiang/Documents/20260930_633菌株/spn607_clean/52/52.contigs.fasta
53	/Users/chunjiang/Documents/20260930_633菌株/spn607_clean/53/53.contigs.fasta
55	/Users/chunjiang/Documents/20260930_633菌株/spn607_clean/55/55.contigs.fasta
56	/Users/chunjiang/Documents/20260930_633菌株/spn607_clean/56/56.contigs.fasta
57	/Users/chunjiang/Documents/20260930_633菌株/spn607_clean/57/57.contigs.fasta
59	/Users/chunjiang/Documents/20260930_633菌株/spn607_clean/59/59.contigs.fasta
6	/Users/chunjiang/Documents/20260930_633菌株/spn607_clean/6/6.contigs.fasta
60	/Users/chunjiang/Documents/20260930_633菌株/spn607_clean/60/60.contigs.fasta
61	/Users/chunjiang/Documents/20260930_633菌株/spn607_clean/61/61.contigs.fasta
62	/Users/chunjiang/Documents/20260930_633菌株/spn607_clean/62/62.contigs.fasta
64	/Users/chunjiang/Documents/20260930_633菌株/spn607_clean/64/64.contigs.fasta
65	/Users/chunjiang/Documents/20260930_633菌株/spn607_clean/65/65.contigs.fasta
66	/Users/chunjiang/Documents/20260930_633菌株/spn607_clean/66/66.contigs.fasta
67	/Users/chunjiang/Documents/20260930_633菌株/spn607_clean/67/67.contigs.fasta
68	/Users/chunjiang/Documents/20260930_633菌株/spn607_clean/68/68.contigs.fasta
69	/Users/chunjiang/Documents/20260930_633菌株/spn607_clean/69/69.contigs.fasta
7	/Users/chunjiang/Documents/20260930_633菌株/spn607_clean/7/7.contigs.fasta
70	/Users/chunjiang/Documents/20260930_633菌株/spn607_clean/70/70.contigs.fasta
71	/Users/chunjiang/Documents/20260930_633菌株/spn607_clean/71/71.contigs.fasta
72	/Users/chunjiang/Documents/20260930_633菌株/spn607_clean/72/72.contigs.fasta
75	/Users/chunjiang/Documents/20260930_633菌株/spn607_clean/75/75.contigs.fasta
76	/Users/chunjiang/Documents/20260930_633菌株/spn607_clean/76/76.contigs.fasta
77	/Users/chunjiang/Documents/20260930_633菌株/spn607_clean/77/77.contigs.fasta
78	/Users/chunjiang/Documents/20260930_633菌株/spn607_clean/78/78.contigs.fasta
79	/Users/chunjiang/Documents/20260930_633菌株/spn607_clean/79/79.contigs.fasta
8	/Users/chunjiang/Documents/20260930_633菌株/spn607_clean/8/8.contigs.fasta
80	/Users/chunjiang/Documents/20260930_633菌株/spn607_clean/80/80.contigs.fasta
81	/Users/chunjiang/Documents/20260930_633菌株/spn607_clean/81/81.contigs.fasta
82	/Users/chunjiang/Documents/20260930_633菌株/spn607_clean/82/82.contigs.fasta
83	/Users/chunjiang/Documents/20260930_633菌株/spn607_clean/83/83.contigs.fasta
84	/Users/chunjiang/Documents/20260930_633菌株/spn607_clean/84/84.contigs.fasta
86	/Users/chunjiang/Documents/20260930_633菌株/spn607_clean/86/86.contigs.fasta
87	/Users/chunjiang/Documents/20260930_633菌株/spn607_clean/87/87.contigs.fasta
88	/Users/chunjiang/Documents/20260930_633菌株/spn607_clean/88/88.contigs.fasta
89	/Users/chunjiang/Documents/20260930_633菌株/spn607_clean/89/89.contigs.fasta
9	/Users/chunjiang/Documents/20260930_633菌株/spn607_clean/9/9.contigs.fasta
90	/Users/chunjiang/Documents/20260930_633菌株/spn607_clean/90/90.contigs.fasta
91	/Users/chunjiang/Documents/20260930_633菌株/spn607_clean/91/91.contigs.fasta
92	/Users/chunjiang/Documents/20260930_633菌株/spn607_clean/92/92.contigs.fasta
93	/Users/chunjiang/Documents/20260930_633菌株/spn607_clean/93/93.contigs.fasta
94	/Users/chunjiang/Documents/20260930_633菌株/spn607_clean/94/94.contigs.fasta
95	/Users/chunjiang/Documents/20260930_633菌株/spn607_clean/95/95.contigs.fasta
96	/Users/chunjiang/Documents/20260930_633菌株/spn607_clean/96/96.contigs.fasta
97	/Users/chunjiang/Documents/20260930_633菌株/spn607_clean/97/97.contigs.fasta
98	/Users/chunjiang/Documents/20260930_633菌株/spn607_clean/98/98.contigs.fasta
99	/Users/chunjiang/Documents/20260930_633菌株/spn607_clean/99/99.contigs.fasta
BR-19-60	/Users/chunjiang/Documents/20260930_633菌株/spn607_clean/BR-19-60/BR-19-60.contigs.fasta
BR-19-76	/Users/chunjiang/Documents/20260930_633菌株/spn607_clean/BR-19-76/BR-19-76.contigs.fasta
CJ-19-40	/Users/chunjiang/Documents/20260930_633菌株/spn607_clean/CJ-19-40/CJ-19-40.contigs.fasta
cq08004	/Users/chunjiang/Documents/20260930_633菌株/spn607_clean/cq08004/cq08004.contigs.fasta
cq08010	/Users/chunjiang/Documents/20260930_633菌株/spn607_clean/cq08010/cq08010.contigs.fasta
cq08015	/Users/chunjiang/Documents/20260930_633菌株/spn607_clean/cq08015/cq08015.contigs.fasta
cq08016	/Users/chunjiang/Documents/20260930_633菌株/spn607_clean/cq08016/cq08016.contigs.fasta
cq08018	/Users/chunjiang/Documents/20260930_633菌株/spn607_clean/cq08018/cq08018.contigs.fasta
cq09005	/Users/chunjiang/Documents/20260930_633菌株/spn607_clean/cq09005/cq09005.contigs.fasta
CY-18-10	/Users/chunjiang/Documents/20260930_633菌株/spn607_clean/CY-18-10/CY-18-10.contigs.fasta
CY-18-13	/Users/chunjiang/Documents/20260930_633菌株/spn607_clean/CY-18-13/CY-18-13.contigs.fasta
CY-18-53	/Users/chunjiang/Documents/20260930_633菌株/spn607_clean/CY-18-53/CY-18-53.contigs.fasta
DE-18-43	/Users/chunjiang/Documents/20260930_633菌株/spn607_clean/DE-18-43/DE-18-43.contigs.fasta
DE-18-50	/Users/chunjiang/Documents/20260930_633菌株/spn607_clean/DE-18-50/DE-18-50.contigs.fasta
DE-19-05	/Users/chunjiang/Documents/20260930_633菌株/spn607_clean/DE-19-05/DE-19-05.contigs.fasta
DE-19-46	/Users/chunjiang/Documents/20260930_633菌株/spn607_clean/DE-19-46/DE-19-46.contigs.fasta
ebj28	/Users/chunjiang/Documents/20260930_633菌株/spn607_clean/ebj28/ebj28.contigs.fasta
GF-19-19	/Users/chunjiang/Documents/20260930_633菌株/spn607_clean/GF-19-19/GF-19-19.contigs.fasta
GF-19-49	/Users/chunjiang/Documents/20260930_633菌株/spn607_clean/GF-19-49/GF-19-49.contigs.fasta
GF-19-50	/Users/chunjiang/Documents/20260930_633菌株/spn607_clean/GF-19-50/GF-19-50.contigs.fasta
GF-19-70	/Users/chunjiang/Documents/20260930_633菌株/spn607_clean/GF-19-70/GF-19-70.contigs.fasta
GX-18-04	/Users/chunjiang/Documents/20260930_633菌株/spn607_clean/GX-18-04/GX-18-04.contigs.fasta
GX-18-07	/Users/chunjiang/Documents/20260930_633菌株/spn607_clean/GX-18-07/GX-18-07.contigs.fasta
GX-18-18	/Users/chunjiang/Documents/20260930_633菌株/spn607_clean/GX-18-18/GX-18-18.contigs.fasta
gz08010	/Users/chunjiang/Documents/20260930_633菌株/spn607_clean/gz08010/gz08010.contigs.fasta
HB-18-61	/Users/chunjiang/Documents/20260930_633菌株/spn607_clean/HB-18-61/HB-18-61.contigs.fasta
HB-18-66	/Users/chunjiang/Documents/20260930_633菌株/spn607_clean/HB-18-66/HB-18-66.contigs.fasta
HB-19-15	/Users/chunjiang/Documents/20260930_633菌株/spn607_clean/HB-19-15/HB-19-15.contigs.fasta
HB-19-92	/Users/chunjiang/Documents/20260930_633菌株/spn607_clean/HB-19-92/HB-19-92.contigs.fasta
HN-18-37	/Users/chunjiang/Documents/20260930_633菌株/spn607_clean/HN-18-37/HN-18-37.contigs.fasta
HN-19-15	/Users/chunjiang/Documents/20260930_633菌株/spn607_clean/HN-19-15/HN-19-15.contigs.fasta
HX18S04	/Users/chunjiang/Documents/20260930_633菌株/spn607_clean/HX18S04/HX18S04.contigs.fasta
HY-18-03	/Users/chunjiang/Documents/20260930_633菌株/spn607_clean/HY-18-03/HY-18-03.contigs.fasta
HY-18-08	/Users/chunjiang/Documents/20260930_633菌株/spn607_clean/HY-18-08/HY-18-08.contigs.fasta
HY-18-17	/Users/chunjiang/Documents/20260930_633菌株/spn607_clean/HY-18-17/HY-18-17.contigs.fasta
HY-18-30	/Users/chunjiang/Documents/20260930_633菌株/spn607_clean/HY-18-30/HY-18-30.contigs.fasta
LZ-18-12	/Users/chunjiang/Documents/20260930_633菌株/spn607_clean/LZ-18-12/LZ-18-12.contigs.fasta
MY-19-13	/Users/chunjiang/Documents/20260930_633菌株/spn607_clean/MY-19-13/MY-19-13.contigs.fasta
njspn003	/Users/chunjiang/Documents/20260930_633菌株/spn607_clean/njspn003/njspn003.contigs.fasta
njspn004	/Users/chunjiang/Documents/20260930_633菌株/spn607_clean/njspn004/njspn004.contigs.fasta
NX19S20	/Users/chunjiang/Documents/20260930_633菌株/spn607_clean/NX19S20/NX19S20.contigs.fasta
SD-18-12	/Users/chunjiang/Documents/20260930_633菌株/spn607_clean/SD-18-12/SD-18-12.contigs.fasta
SH-18-17	/Users/chunjiang/Documents/20260930_633菌株/spn607_clean/SH-18-17/SH-18-17.contigs.fasta
SH-18-62	/Users/chunjiang/Documents/20260930_633菌株/spn607_clean/SH-18-62/SH-18-62.contigs.fasta
SH-18-71	/Users/chunjiang/Documents/20260930_633菌株/spn607_clean/SH-18-71/SH-18-71.contigs.fasta
SJ-18-15	/Users/chunjiang/Documents/20260930_633菌株/spn607_clean/SJ-18-15/SJ-18-15.contigs.fasta
SJ-19-61	/Users/chunjiang/Documents/20260930_633菌株/spn607_clean/SJ-19-61/SJ-19-61.contigs.fasta
sy10018	/Users/chunjiang/Documents/20260930_633菌株/spn607_clean/sy10018/sy10018.contigs.fasta
sy14	/Users/chunjiang/Documents/20260930_633菌株/spn607_clean/sy14/sy14.contigs.fasta
sy19	/Users/chunjiang/Documents/20260930_633菌株/spn607_clean/sy19/sy19.contigs.fasta
sy20	/Users/chunjiang/Documents/20260930_633菌株/spn607_clean/sy20/sy20.contigs.fasta
sy27	/Users/chunjiang/Documents/20260930_633菌株/spn607_clean/sy27/sy27.contigs.fasta
sy28	/Users/chunjiang/Documents/20260930_633菌株/spn607_clean/sy28/sy28.contigs.fasta
sy9	/Users/chunjiang/Documents/20260930_633菌株/spn607_clean/sy9/sy9.contigs.fasta
TA-18-48	/Users/chunjiang/Documents/20260930_633菌株/spn607_clean/TA-18-48/TA-18-48.contigs.fasta
TA-19-07	/Users/chunjiang/Documents/20260930_633菌株/spn607_clean/TA-19-07/TA-19-07.contigs.fasta
TS-18-42	/Users/chunjiang/Documents/20260930_633菌株/spn607_clean/TS-18-42/TS-18-42.contigs.fasta
TS-19-32	/Users/chunjiang/Documents/20260930_633菌株/spn607_clean/TS-19-32/TS-19-32.contigs.fasta
TS-19-52	/Users/chunjiang/Documents/20260930_633菌株/spn607_clean/TS-19-52/TS-19-52.contigs.fasta
TS-19-70	/Users/chunjiang/Documents/20260930_633菌株/spn607_clean/TS-19-70/TS-19-70.contigs.fasta
TS-19-76	/Users/chunjiang/Documents/20260930_633菌株/spn607_clean/TS-19-76/TS-19-76.contigs.fasta
WH-19-22	/Users/chunjiang/Documents/20260930_633菌株/spn607_clean/WH-19-22/WH-19-22.contigs.fasta
wh10013	/Users/chunjiang/Documents/20260930_633菌株/spn607_clean/wh10013/wh10013.contigs.fasta
wh10018	/Users/chunjiang/Documents/20260930_633菌株/spn607_clean/wh10018/wh10018.contigs.fasta
wh11	/Users/chunjiang/Documents/20260930_633菌株/spn607_clean/wh11/wh11.contigs.fasta
wh17	/Users/chunjiang/Documents/20260930_633菌株/spn607_clean/wh17/wh17.contigs.fasta
wh9	/Users/chunjiang/Documents/20260930_633菌株/spn607_clean/wh9/wh9.contigs.fasta
X10	/Users/chunjiang/Documents/20260930_633菌株/spn607_clean/X10/X10.contigs.fasta
X100	/Users/chunjiang/Documents/20260930_633菌株/spn607_clean/X100/X100.contigs.fasta
X101	/Users/chunjiang/Documents/20260930_633菌株/spn607_clean/X101/X101.contigs.fasta
X102	/Users/chunjiang/Documents/20260930_633菌株/spn607_clean/X102/X102.contigs.fasta
X103	/Users/chunjiang/Documents/20260930_633菌株/spn607_clean/X103/X103.contigs.fasta
X104	/Users/chunjiang/Documents/20260930_633菌株/spn607_clean/X104/X104.contigs.fasta
X105	/Users/chunjiang/Documents/20260930_633菌株/spn607_clean/X105/X105.contigs.fasta
X106	/Users/chunjiang/Documents/20260930_633菌株/spn607_clean/X106/X106.contigs.fasta
X107	/Users/chunjiang/Documents/20260930_633菌株/spn607_clean/X107/X107.contigs.fasta
X108	/Users/chunjiang/Documents/20260930_633菌株/spn607_clean/X108/X108.contigs.fasta
X109	/Users/chunjiang/Documents/20260930_633菌株/spn607_clean/X109/X109.contigs.fasta
X11	/Users/chunjiang/Documents/20260930_633菌株/spn607_clean/X11/X11.contigs.fasta
X111	/Users/chunjiang/Documents/20260930_633菌株/spn607_clean/X111/X111.contigs.fasta
X112	/Users/chunjiang/Documents/20260930_633菌株/spn607_clean/X112/X112.contigs.fasta
X113	/Users/chunjiang/Documents/20260930_633菌株/spn607_clean/X113/X113.contigs.fasta
X114	/Users/chunjiang/Documents/20260930_633菌株/spn607_clean/X114/X114.contigs.fasta
X115	/Users/chunjiang/Documents/20260930_633菌株/spn607_clean/X115/X115.contigs.fasta
X116	/Users/chunjiang/Documents/20260930_633菌株/spn607_clean/X116/X116.contigs.fasta
X117	/Users/chunjiang/Documents/20260930_633菌株/spn607_clean/X117/X117.contigs.fasta
X118	/Users/chunjiang/Documents/20260930_633菌株/spn607_clean/X118/X118.contigs.fasta
X119	/Users/chunjiang/Documents/20260930_633菌株/spn607_clean/X119/X119.contigs.fasta
X12	/Users/chunjiang/Documents/20260930_633菌株/spn607_clean/X12/X12.contigs.fasta
X120	/Users/chunjiang/Documents/20260930_633菌株/spn607_clean/X120/X120.contigs.fasta
X121	/Users/chunjiang/Documents/20260930_633菌株/spn607_clean/X121/X121.contigs.fasta
X122	/Users/chunjiang/Documents/20260930_633菌株/spn607_clean/X122/X122.contigs.fasta
X123	/Users/chunjiang/Documents/20260930_633菌株/spn607_clean/X123/X123.contigs.fasta
X124	/Users/chunjiang/Documents/20260930_633菌株/spn607_clean/X124/X124.contigs.fasta
X13	/Users/chunjiang/Documents/20260930_633菌株/spn607_clean/X13/X13.contigs.fasta
X131	/Users/chunjiang/Documents/20260930_633菌株/spn607_clean/X131/X131.contigs.fasta
X132	/Users/chunjiang/Documents/20260930_633菌株/spn607_clean/X132/X132.contigs.fasta
X133	/Users/chunjiang/Documents/20260930_633菌株/spn607_clean/X133/X133.contigs.fasta
X134	/Users/chunjiang/Documents/20260930_633菌株/spn607_clean/X134/X134.contigs.fasta
X135	/Users/chunjiang/Documents/20260930_633菌株/spn607_clean/X135/X135.contigs.fasta
X136	/Users/chunjiang/Documents/20260930_633菌株/spn607_clean/X136/X136.contigs.fasta
X140	/Users/chunjiang/Documents/20260930_633菌株/spn607_clean/X140/X140.contigs.fasta
X142	/Users/chunjiang/Documents/20260930_633菌株/spn607_clean/X142/X142.contigs.fasta
X143	/Users/chunjiang/Documents/20260930_633菌株/spn607_clean/X143/X143.contigs.fasta
X144	/Users/chunjiang/Documents/20260930_633菌株/spn607_clean/X144/X144.contigs.fasta
X145	/Users/chunjiang/Documents/20260930_633菌株/spn607_clean/X145/X145.contigs.fasta
X148	/Users/chunjiang/Documents/20260930_633菌株/spn607_clean/X148/X148.contigs.fasta
X15	/Users/chunjiang/Documents/20260930_633菌株/spn607_clean/X15/X15.contigs.fasta
X150	/Users/chunjiang/Documents/20260930_633菌株/spn607_clean/X150/X150.contigs.fasta
X151	/Users/chunjiang/Documents/20260930_633菌株/spn607_clean/X151/X151.contigs.fasta
X152	/Users/chunjiang/Documents/20260930_633菌株/spn607_clean/X152/X152.contigs.fasta
X153	/Users/chunjiang/Documents/20260930_633菌株/spn607_clean/X153/X153.contigs.fasta
X154	/Users/chunjiang/Documents/20260930_633菌株/spn607_clean/X154/X154.contigs.fasta
X155	/Users/chunjiang/Documents/20260930_633菌株/spn607_clean/X155/X155.contigs.fasta
X156	/Users/chunjiang/Documents/20260930_633菌株/spn607_clean/X156/X156.contigs.fasta
X157	/Users/chunjiang/Documents/20260930_633菌株/spn607_clean/X157/X157.contigs.fasta
X158	/Users/chunjiang/Documents/20260930_633菌株/spn607_clean/X158/X158.contigs.fasta
X159	/Users/chunjiang/Documents/20260930_633菌株/spn607_clean/X159/X159.contigs.fasta
X16	/Users/chunjiang/Documents/20260930_633菌株/spn607_clean/X16/X16.contigs.fasta
X160	/Users/chunjiang/Documents/20260930_633菌株/spn607_clean/X160/X160.contigs.fasta
X161	/Users/chunjiang/Documents/20260930_633菌株/spn607_clean/X161/X161.contigs.fasta
X162	/Users/chunjiang/Documents/20260930_633菌株/spn607_clean/X162/X162.contigs.fasta
X163	/Users/chunjiang/Documents/20260930_633菌株/spn607_clean/X163/X163.contigs.fasta
X164	/Users/chunjiang/Documents/20260930_633菌株/spn607_clean/X164/X164.contigs.fasta
X168	/Users/chunjiang/Documents/20260930_633菌株/spn607_clean/X168/X168.contigs.fasta
X169	/Users/chunjiang/Documents/20260930_633菌株/spn607_clean/X169/X169.contigs.fasta
X17	/Users/chunjiang/Documents/20260930_633菌株/spn607_clean/X17/X17.contigs.fasta
X170	/Users/chunjiang/Documents/20260930_633菌株/spn607_clean/X170/X170.contigs.fasta
X171	/Users/chunjiang/Documents/20260930_633菌株/spn607_clean/X171/X171.contigs.fasta
X174	/Users/chunjiang/Documents/20260930_633菌株/spn607_clean/X174/X174.contigs.fasta
X176	/Users/chunjiang/Documents/20260930_633菌株/spn607_clean/X176/X176.contigs.fasta
X177	/Users/chunjiang/Documents/20260930_633菌株/spn607_clean/X177/X177.contigs.fasta
X18	/Users/chunjiang/Documents/20260930_633菌株/spn607_clean/X18/X18.contigs.fasta
X181	/Users/chunjiang/Documents/20260930_633菌株/spn607_clean/X181/X181.contigs.fasta
X183	/Users/chunjiang/Documents/20260930_633菌株/spn607_clean/X183/X183.contigs.fasta
X186	/Users/chunjiang/Documents/20260930_633菌株/spn607_clean/X186/X186.contigs.fasta
X187	/Users/chunjiang/Documents/20260930_633菌株/spn607_clean/X187/X187.contigs.fasta
X19	/Users/chunjiang/Documents/20260930_633菌株/spn607_clean/X19/X19.contigs.fasta
X191	/Users/chunjiang/Documents/20260930_633菌株/spn607_clean/X191/X191.contigs.fasta
X192	/Users/chunjiang/Documents/20260930_633菌株/spn607_clean/X192/X192.contigs.fasta
X193	/Users/chunjiang/Documents/20260930_633菌株/spn607_clean/X193/X193.contigs.fasta
X194	/Users/chunjiang/Documents/20260930_633菌株/spn607_clean/X194/X194.contigs.fasta
X195	/Users/chunjiang/Documents/20260930_633菌株/spn607_clean/X195/X195.contigs.fasta
X196	/Users/chunjiang/Documents/20260930_633菌株/spn607_clean/X196/X196.contigs.fasta
X198	/Users/chunjiang/Documents/20260930_633菌株/spn607_clean/X198/X198.contigs.fasta
X199	/Users/chunjiang/Documents/20260930_633菌株/spn607_clean/X199/X199.contigs.fasta
X20	/Users/chunjiang/Documents/20260930_633菌株/spn607_clean/X20/X20.contigs.fasta
X202	/Users/chunjiang/Documents/20260930_633菌株/spn607_clean/X202/X202.contigs.fasta
X203	/Users/chunjiang/Documents/20260930_633菌株/spn607_clean/X203/X203.contigs.fasta
X205	/Users/chunjiang/Documents/20260930_633菌株/spn607_clean/X205/X205.contigs.fasta
X206	/Users/chunjiang/Documents/20260930_633菌株/spn607_clean/X206/X206.contigs.fasta
X207	/Users/chunjiang/Documents/20260930_633菌株/spn607_clean/X207/X207.contigs.fasta
X21	/Users/chunjiang/Documents/20260930_633菌株/spn607_clean/X21/X21.contigs.fasta
X210	/Users/chunjiang/Documents/20260930_633菌株/spn607_clean/X210/X210.contigs.fasta
X211	/Users/chunjiang/Documents/20260930_633菌株/spn607_clean/X211/X211.contigs.fasta
X212	/Users/chunjiang/Documents/20260930_633菌株/spn607_clean/X212/X212.contigs.fasta
X213	/Users/chunjiang/Documents/20260930_633菌株/spn607_clean/X213/X213.contigs.fasta
X215	/Users/chunjiang/Documents/20260930_633菌株/spn607_clean/X215/X215.contigs.fasta
X216	/Users/chunjiang/Documents/20260930_633菌株/spn607_clean/X216/X216.contigs.fasta
X217	/Users/chunjiang/Documents/20260930_633菌株/spn607_clean/X217/X217.contigs.fasta
X219	/Users/chunjiang/Documents/20260930_633菌株/spn607_clean/X219/X219.contigs.fasta
X22	/Users/chunjiang/Documents/20260930_633菌株/spn607_clean/X22/X22.contigs.fasta
X220	/Users/chunjiang/Documents/20260930_633菌株/spn607_clean/X220/X220.contigs.fasta
X221	/Users/chunjiang/Documents/20260930_633菌株/spn607_clean/X221/X221.contigs.fasta
X222	/Users/chunjiang/Documents/20260930_633菌株/spn607_clean/X222/X222.contigs.fasta
X223	/Users/chunjiang/Documents/20260930_633菌株/spn607_clean/X223/X223.contigs.fasta
X225	/Users/chunjiang/Documents/20260930_633菌株/spn607_clean/X225/X225.contigs.fasta
X228	/Users/chunjiang/Documents/20260930_633菌株/spn607_clean/X228/X228.contigs.fasta
X229	/Users/chunjiang/Documents/20260930_633菌株/spn607_clean/X229/X229.contigs.fasta
X23	/Users/chunjiang/Documents/20260930_633菌株/spn607_clean/X23/X23.contigs.fasta
X230	/Users/chunjiang/Documents/20260930_633菌株/spn607_clean/X230/X230.contigs.fasta
X231	/Users/chunjiang/Documents/20260930_633菌株/spn607_clean/X231/X231.contigs.fasta
X232	/Users/chunjiang/Documents/20260930_633菌株/spn607_clean/X232/X232.contigs.fasta
X233	/Users/chunjiang/Documents/20260930_633菌株/spn607_clean/X233/X233.contigs.fasta
X234	/Users/chunjiang/Documents/20260930_633菌株/spn607_clean/X234/X234.contigs.fasta
X235	/Users/chunjiang/Documents/20260930_633菌株/spn607_clean/X235/X235.contigs.fasta
X236	/Users/chunjiang/Documents/20260930_633菌株/spn607_clean/X236/X236.contigs.fasta
X237	/Users/chunjiang/Documents/20260930_633菌株/spn607_clean/X237/X237.contigs.fasta
X238	/Users/chunjiang/Documents/20260930_633菌株/spn607_clean/X238/X238.contigs.fasta
X239	/Users/chunjiang/Documents/20260930_633菌株/spn607_clean/X239/X239.contigs.fasta
X24	/Users/chunjiang/Documents/20260930_633菌株/spn607_clean/X24/X24.contigs.fasta
X240	/Users/chunjiang/Documents/20260930_633菌株/spn607_clean/X240/X240.contigs.fasta
X241	/Users/chunjiang/Documents/20260930_633菌株/spn607_clean/X241/X241.contigs.fasta
X242	/Users/chunjiang/Documents/20260930_633菌株/spn607_clean/X242/X242.contigs.fasta
X243	/Users/chunjiang/Documents/20260930_633菌株/spn607_clean/X243/X243.contigs.fasta
X244	/Users/chunjiang/Documents/20260930_633菌株/spn607_clean/X244/X244.contigs.fasta
X245	/Users/chunjiang/Documents/20260930_633菌株/spn607_clean/X245/X245.contigs.fasta
X246	/Users/chunjiang/Documents/20260930_633菌株/spn607_clean/X246/X246.contigs.fasta
X247	/Users/chunjiang/Documents/20260930_633菌株/spn607_clean/X247/X247.contigs.fasta
X248	/Users/chunjiang/Documents/20260930_633菌株/spn607_clean/X248/X248.contigs.fasta
X251	/Users/chunjiang/Documents/20260930_633菌株/spn607_clean/X251/X251.contigs.fasta
X252	/Users/chunjiang/Documents/20260930_633菌株/spn607_clean/X252/X252.contigs.fasta
X253	/Users/chunjiang/Documents/20260930_633菌株/spn607_clean/X253/X253.contigs.fasta
X255	/Users/chunjiang/Documents/20260930_633菌株/spn607_clean/X255/X255.contigs.fasta
X257	/Users/chunjiang/Documents/20260930_633菌株/spn607_clean/X257/X257.contigs.fasta
X258	/Users/chunjiang/Documents/20260930_633菌株/spn607_clean/X258/X258.contigs.fasta
X259	/Users/chunjiang/Documents/20260930_633菌株/spn607_clean/X259/X259.contigs.fasta
X26	/Users/chunjiang/Documents/20260930_633菌株/spn607_clean/X26/X26.contigs.fasta
X260	/Users/chunjiang/Documents/20260930_633菌株/spn607_clean/X260/X260.contigs.fasta
X261	/Users/chunjiang/Documents/20260930_633菌株/spn607_clean/X261/X261.contigs.fasta
X262	/Users/chunjiang/Documents/20260930_633菌株/spn607_clean/X262/X262.contigs.fasta
X263	/Users/chunjiang/Documents/20260930_633菌株/spn607_clean/X263/X263.contigs.fasta
X264	/Users/chunjiang/Documents/20260930_633菌株/spn607_clean/X264/X264.contigs.fasta
X265	/Users/chunjiang/Documents/20260930_633菌株/spn607_clean/X265/X265.contigs.fasta
X269	/Users/chunjiang/Documents/20260930_633菌株/spn607_clean/X269/X269.contigs.fasta
X27	/Users/chunjiang/Documents/20260930_633菌株/spn607_clean/X27/X27.contigs.fasta
X271	/Users/chunjiang/Documents/20260930_633菌株/spn607_clean/X271/X271.contigs.fasta
X272	/Users/chunjiang/Documents/20260930_633菌株/spn607_clean/X272/X272.contigs.fasta
X275	/Users/chunjiang/Documents/20260930_633菌株/spn607_clean/X275/X275.contigs.fasta
X276	/Users/chunjiang/Documents/20260930_633菌株/spn607_clean/X276/X276.contigs.fasta
X277	/Users/chunjiang/Documents/20260930_633菌株/spn607_clean/X277/X277.contigs.fasta
X278	/Users/chunjiang/Documents/20260930_633菌株/spn607_clean/X278/X278.contigs.fasta
X280	/Users/chunjiang/Documents/20260930_633菌株/spn607_clean/X280/X280.contigs.fasta
X282	/Users/chunjiang/Documents/20260930_633菌株/spn607_clean/X282/X282.contigs.fasta
X284	/Users/chunjiang/Documents/20260930_633菌株/spn607_clean/X284/X284.contigs.fasta
X285	/Users/chunjiang/Documents/20260930_633菌株/spn607_clean/X285/X285.contigs.fasta
X286	/Users/chunjiang/Documents/20260930_633菌株/spn607_clean/X286/X286.contigs.fasta
X289	/Users/chunjiang/Documents/20260930_633菌株/spn607_clean/X289/X289.contigs.fasta
X29	/Users/chunjiang/Documents/20260930_633菌株/spn607_clean/X29/X29.contigs.fasta
X291	/Users/chunjiang/Documents/20260930_633菌株/spn607_clean/X291/X291.contigs.fasta
X292	/Users/chunjiang/Documents/20260930_633菌株/spn607_clean/X292/X292.contigs.fasta
X293	/Users/chunjiang/Documents/20260930_633菌株/spn607_clean/X293/X293.contigs.fasta
X294	/Users/chunjiang/Documents/20260930_633菌株/spn607_clean/X294/X294.contigs.fasta
X296	/Users/chunjiang/Documents/20260930_633菌株/spn607_clean/X296/X296.contigs.fasta
X297	/Users/chunjiang/Documents/20260930_633菌株/spn607_clean/X297/X297.contigs.fasta
X298	/Users/chunjiang/Documents/20260930_633菌株/spn607_clean/X298/X298.contigs.fasta
X30	/Users/chunjiang/Documents/20260930_633菌株/spn607_clean/X30/X30.contigs.fasta
X300	/Users/chunjiang/Documents/20260930_633菌株/spn607_clean/X300/X300.contigs.fasta
X301	/Users/chunjiang/Documents/20260930_633菌株/spn607_clean/X301/X301.contigs.fasta
X303	/Users/chunjiang/Documents/20260930_633菌株/spn607_clean/X303/X303.contigs.fasta
X304	/Users/chunjiang/Documents/20260930_633菌株/spn607_clean/X304/X304.contigs.fasta
X306	/Users/chunjiang/Documents/20260930_633菌株/spn607_clean/X306/X306.contigs.fasta
X307	/Users/chunjiang/Documents/20260930_633菌株/spn607_clean/X307/X307.contigs.fasta
X308	/Users/chunjiang/Documents/20260930_633菌株/spn607_clean/X308/X308.contigs.fasta
X31	/Users/chunjiang/Documents/20260930_633菌株/spn607_clean/X31/X31.contigs.fasta
X310	/Users/chunjiang/Documents/20260930_633菌株/spn607_clean/X310/X310.contigs.fasta
X311	/Users/chunjiang/Documents/20260930_633菌株/spn607_clean/X311/X311.contigs.fasta
X313	/Users/chunjiang/Documents/20260930_633菌株/spn607_clean/X313/X313.contigs.fasta
X314	/Users/chunjiang/Documents/20260930_633菌株/spn607_clean/X314/X314.contigs.fasta
X319	/Users/chunjiang/Documents/20260930_633菌株/spn607_clean/X319/X319.contigs.fasta
X32	/Users/chunjiang/Documents/20260930_633菌株/spn607_clean/X32/X32.contigs.fasta
X320	/Users/chunjiang/Documents/20260930_633菌株/spn607_clean/X320/X320.contigs.fasta
X321	/Users/chunjiang/Documents/20260930_633菌株/spn607_clean/X321/X321.contigs.fasta
X322	/Users/chunjiang/Documents/20260930_633菌株/spn607_clean/X322/X322.contigs.fasta
X323	/Users/chunjiang/Documents/20260930_633菌株/spn607_clean/X323/X323.contigs.fasta
X324	/Users/chunjiang/Documents/20260930_633菌株/spn607_clean/X324/X324.contigs.fasta
X328	/Users/chunjiang/Documents/20260930_633菌株/spn607_clean/X328/X328.contigs.fasta
X33	/Users/chunjiang/Documents/20260930_633菌株/spn607_clean/X33/X33.contigs.fasta
X330	/Users/chunjiang/Documents/20260930_633菌株/spn607_clean/X330/X330.contigs.fasta
X331	/Users/chunjiang/Documents/20260930_633菌株/spn607_clean/X331/X331.contigs.fasta
X333	/Users/chunjiang/Documents/20260930_633菌株/spn607_clean/X333/X333.contigs.fasta
X337	/Users/chunjiang/Documents/20260930_633菌株/spn607_clean/X337/X337.contigs.fasta
X338	/Users/chunjiang/Documents/20260930_633菌株/spn607_clean/X338/X338.contigs.fasta
X339	/Users/chunjiang/Documents/20260930_633菌株/spn607_clean/X339/X339.contigs.fasta
X34	/Users/chunjiang/Documents/20260930_633菌株/spn607_clean/X34/X34.contigs.fasta
X340	/Users/chunjiang/Documents/20260930_633菌株/spn607_clean/X340/X340.contigs.fasta
X342	/Users/chunjiang/Documents/20260930_633菌株/spn607_clean/X342/X342.contigs.fasta
X343	/Users/chunjiang/Documents/20260930_633菌株/spn607_clean/X343/X343.contigs.fasta
X344	/Users/chunjiang/Documents/20260930_633菌株/spn607_clean/X344/X344.contigs.fasta
X345	/Users/chunjiang/Documents/20260930_633菌株/spn607_clean/X345/X345.contigs.fasta
X346	/Users/chunjiang/Documents/20260930_633菌株/spn607_clean/X346/X346.contigs.fasta
X35	/Users/chunjiang/Documents/20260930_633菌株/spn607_clean/X35/X35.contigs.fasta
X350	/Users/chunjiang/Documents/20260930_633菌株/spn607_clean/X350/X350.contigs.fasta
X351	/Users/chunjiang/Documents/20260930_633菌株/spn607_clean/X351/X351.contigs.fasta
X352	/Users/chunjiang/Documents/20260930_633菌株/spn607_clean/X352/X352.contigs.fasta
X353	/Users/chunjiang/Documents/20260930_633菌株/spn607_clean/X353/X353.contigs.fasta
X355	/Users/chunjiang/Documents/20260930_633菌株/spn607_clean/X355/X355.contigs.fasta
X356	/Users/chunjiang/Documents/20260930_633菌株/spn607_clean/X356/X356.contigs.fasta
X357	/Users/chunjiang/Documents/20260930_633菌株/spn607_clean/X357/X357.contigs.fasta
X358	/Users/chunjiang/Documents/20260930_633菌株/spn607_clean/X358/X358.contigs.fasta
X36	/Users/chunjiang/Documents/20260930_633菌株/spn607_clean/X36/X36.contigs.fasta
X361	/Users/chunjiang/Documents/20260930_633菌株/spn607_clean/X361/X361.contigs.fasta
X362	/Users/chunjiang/Documents/20260930_633菌株/spn607_clean/X362/X362.contigs.fasta
X363	/Users/chunjiang/Documents/20260930_633菌株/spn607_clean/X363/X363.contigs.fasta
X365	/Users/chunjiang/Documents/20260930_633菌株/spn607_clean/X365/X365.contigs.fasta
X366	/Users/chunjiang/Documents/20260930_633菌株/spn607_clean/X366/X366.contigs.fasta
X367	/Users/chunjiang/Documents/20260930_633菌株/spn607_clean/X367/X367.contigs.fasta
X368	/Users/chunjiang/Documents/20260930_633菌株/spn607_clean/X368/X368.contigs.fasta
X369	/Users/chunjiang/Documents/20260930_633菌株/spn607_clean/X369/X369.contigs.fasta
X37	/Users/chunjiang/Documents/20260930_633菌株/spn607_clean/X37/X37.contigs.fasta
X370	/Users/chunjiang/Documents/20260930_633菌株/spn607_clean/X370/X370.contigs.fasta
X371	/Users/chunjiang/Documents/20260930_633菌株/spn607_clean/X371/X371.contigs.fasta
X372	/Users/chunjiang/Documents/20260930_633菌株/spn607_clean/X372/X372.contigs.fasta
X373	/Users/chunjiang/Documents/20260930_633菌株/spn607_clean/X373/X373.contigs.fasta
X374	/Users/chunjiang/Documents/20260930_633菌株/spn607_clean/X374/X374.contigs.fasta
X376	/Users/chunjiang/Documents/20260930_633菌株/spn607_clean/X376/X376.contigs.fasta
X378	/Users/chunjiang/Documents/20260930_633菌株/spn607_clean/X378/X378.contigs.fasta
X379	/Users/chunjiang/Documents/20260930_633菌株/spn607_clean/X379/X379.contigs.fasta
X38	/Users/chunjiang/Documents/20260930_633菌株/spn607_clean/X38/X38.contigs.fasta
X380	/Users/chunjiang/Documents/20260930_633菌株/spn607_clean/X380/X380.contigs.fasta
X381	/Users/chunjiang/Documents/20260930_633菌株/spn607_clean/X381/X381.contigs.fasta
X382	/Users/chunjiang/Documents/20260930_633菌株/spn607_clean/X382/X382.contigs.fasta
X383	/Users/chunjiang/Documents/20260930_633菌株/spn607_clean/X383/X383.contigs.fasta
X384	/Users/chunjiang/Documents/20260930_633菌株/spn607_clean/X384/X384.contigs.fasta
X386	/Users/chunjiang/Documents/20260930_633菌株/spn607_clean/X386/X386.contigs.fasta
X387	/Users/chunjiang/Documents/20260930_633菌株/spn607_clean/X387/X387.contigs.fasta
X391	/Users/chunjiang/Documents/20260930_633菌株/spn607_clean/X391/X391.contigs.fasta
X392	/Users/chunjiang/Documents/20260930_633菌株/spn607_clean/X392/X392.contigs.fasta
X394	/Users/chunjiang/Documents/20260930_633菌株/spn607_clean/X394/X394.contigs.fasta
X395	/Users/chunjiang/Documents/20260930_633菌株/spn607_clean/X395/X395.contigs.fasta
X396	/Users/chunjiang/Documents/20260930_633菌株/spn607_clean/X396/X396.contigs.fasta
X397	/Users/chunjiang/Documents/20260930_633菌株/spn607_clean/X397/X397.contigs.fasta
X398	/Users/chunjiang/Documents/20260930_633菌株/spn607_clean/X398/X398.contigs.fasta
X4	/Users/chunjiang/Documents/20260930_633菌株/spn607_clean/X4/X4.contigs.fasta
X40	/Users/chunjiang/Documents/20260930_633菌株/spn607_clean/X40/X40.contigs.fasta
X400	/Users/chunjiang/Documents/20260930_633菌株/spn607_clean/X400/X400.contigs.fasta
X401	/Users/chunjiang/Documents/20260930_633菌株/spn607_clean/X401/X401.contigs.fasta
X402	/Users/chunjiang/Documents/20260930_633菌株/spn607_clean/X402/X402.contigs.fasta
X403	/Users/chunjiang/Documents/20260930_633菌株/spn607_clean/X403/X403.contigs.fasta
X404	/Users/chunjiang/Documents/20260930_633菌株/spn607_clean/X404/X404.contigs.fasta
X405	/Users/chunjiang/Documents/20260930_633菌株/spn607_clean/X405/X405.contigs.fasta
X406	/Users/chunjiang/Documents/20260930_633菌株/spn607_clean/X406/X406.contigs.fasta
X407	/Users/chunjiang/Documents/20260930_633菌株/spn607_clean/X407/X407.contigs.fasta
X408	/Users/chunjiang/Documents/20260930_633菌株/spn607_clean/X408/X408.contigs.fasta
X411	/Users/chunjiang/Documents/20260930_633菌株/spn607_clean/X411/X411.contigs.fasta
X412	/Users/chunjiang/Documents/20260930_633菌株/spn607_clean/X412/X412.contigs.fasta
X413	/Users/chunjiang/Documents/20260930_633菌株/spn607_clean/X413/X413.contigs.fasta
X415	/Users/chunjiang/Documents/20260930_633菌株/spn607_clean/X415/X415.contigs.fasta
X416	/Users/chunjiang/Documents/20260930_633菌株/spn607_clean/X416/X416.contigs.fasta
X417	/Users/chunjiang/Documents/20260930_633菌株/spn607_clean/X417/X417.contigs.fasta
X418	/Users/chunjiang/Documents/20260930_633菌株/spn607_clean/X418/X418.contigs.fasta
X419	/Users/chunjiang/Documents/20260930_633菌株/spn607_clean/X419/X419.contigs.fasta
X420	/Users/chunjiang/Documents/20260930_633菌株/spn607_clean/X420/X420.contigs.fasta
X421	/Users/chunjiang/Documents/20260930_633菌株/spn607_clean/X421/X421.contigs.fasta
X422	/Users/chunjiang/Documents/20260930_633菌株/spn607_clean/X422/X422.contigs.fasta
X423	/Users/chunjiang/Documents/20260930_633菌株/spn607_clean/X423/X423.contigs.fasta
X425	/Users/chunjiang/Documents/20260930_633菌株/spn607_clean/X425/X425.contigs.fasta
X427	/Users/chunjiang/Documents/20260930_633菌株/spn607_clean/X427/X427.contigs.fasta
X428	/Users/chunjiang/Documents/20260930_633菌株/spn607_clean/X428/X428.contigs.fasta
X429	/Users/chunjiang/Documents/20260930_633菌株/spn607_clean/X429/X429.contigs.fasta
X43	/Users/chunjiang/Documents/20260930_633菌株/spn607_clean/X43/X43.contigs.fasta
X433	/Users/chunjiang/Documents/20260930_633菌株/spn607_clean/X433/X433.contigs.fasta
X437	/Users/chunjiang/Documents/20260930_633菌株/spn607_clean/X437/X437.contigs.fasta
X438	/Users/chunjiang/Documents/20260930_633菌株/spn607_clean/X438/X438.contigs.fasta
X44	/Users/chunjiang/Documents/20260930_633菌株/spn607_clean/X44/X44.contigs.fasta
X440	/Users/chunjiang/Documents/20260930_633菌株/spn607_clean/X440/X440.contigs.fasta
X441	/Users/chunjiang/Documents/20260930_633菌株/spn607_clean/X441/X441.contigs.fasta
X46	/Users/chunjiang/Documents/20260930_633菌株/spn607_clean/X46/X46.contigs.fasta
X47	/Users/chunjiang/Documents/20260930_633菌株/spn607_clean/X47/X47.contigs.fasta
X48	/Users/chunjiang/Documents/20260930_633菌株/spn607_clean/X48/X48.contigs.fasta
X5	/Users/chunjiang/Documents/20260930_633菌株/spn607_clean/X5/X5.contigs.fasta
X52	/Users/chunjiang/Documents/20260930_633菌株/spn607_clean/X52/X52.contigs.fasta
X54	/Users/chunjiang/Documents/20260930_633菌株/spn607_clean/X54/X54.contigs.fasta
X55	/Users/chunjiang/Documents/20260930_633菌株/spn607_clean/X55/X55.contigs.fasta
X56	/Users/chunjiang/Documents/20260930_633菌株/spn607_clean/X56/X56.contigs.fasta
X57	/Users/chunjiang/Documents/20260930_633菌株/spn607_clean/X57/X57.contigs.fasta
X58	/Users/chunjiang/Documents/20260930_633菌株/spn607_clean/X58/X58.contigs.fasta
X6	/Users/chunjiang/Documents/20260930_633菌株/spn607_clean/X6/X6.contigs.fasta
X60	/Users/chunjiang/Documents/20260930_633菌株/spn607_clean/X60/X60.contigs.fasta
X61	/Users/chunjiang/Documents/20260930_633菌株/spn607_clean/X61/X61.contigs.fasta
X62	/Users/chunjiang/Documents/20260930_633菌株/spn607_clean/X62/X62.contigs.fasta
X64	/Users/chunjiang/Documents/20260930_633菌株/spn607_clean/X64/X64.contigs.fasta
X65	/Users/chunjiang/Documents/20260930_633菌株/spn607_clean/X65/X65.contigs.fasta
X66	/Users/chunjiang/Documents/20260930_633菌株/spn607_clean/X66/X66.contigs.fasta
X67	/Users/chunjiang/Documents/20260930_633菌株/spn607_clean/X67/X67.contigs.fasta
X68	/Users/chunjiang/Documents/20260930_633菌株/spn607_clean/X68/X68.contigs.fasta
X69	/Users/chunjiang/Documents/20260930_633菌株/spn607_clean/X69/X69.contigs.fasta
X70	/Users/chunjiang/Documents/20260930_633菌株/spn607_clean/X70/X70.contigs.fasta
X72	/Users/chunjiang/Documents/20260930_633菌株/spn607_clean/X72/X72.contigs.fasta
X73	/Users/chunjiang/Documents/20260930_633菌株/spn607_clean/X73/X73.contigs.fasta
X74	/Users/chunjiang/Documents/20260930_633菌株/spn607_clean/X74/X74.contigs.fasta
X75	/Users/chunjiang/Documents/20260930_633菌株/spn607_clean/X75/X75.contigs.fasta
X76	/Users/chunjiang/Documents/20260930_633菌株/spn607_clean/X76/X76.contigs.fasta
X77	/Users/chunjiang/Documents/20260930_633菌株/spn607_clean/X77/X77.contigs.fasta
X79	/Users/chunjiang/Documents/20260930_633菌株/spn607_clean/X79/X79.contigs.fasta
X80	/Users/chunjiang/Documents/20260930_633菌株/spn607_clean/X80/X80.contigs.fasta
X81	/Users/chunjiang/Documents/20260930_633菌株/spn607_clean/X81/X81.contigs.fasta
X82	/Users/chunjiang/Documents/20260930_633菌株/spn607_clean/X82/X82.contigs.fasta
X83	/Users/chunjiang/Documents/20260930_633菌株/spn607_clean/X83/X83.contigs.fasta
X84	/Users/chunjiang/Documents/20260930_633菌株/spn607_clean/X84/X84.contigs.fasta
X86	/Users/chunjiang/Documents/20260930_633菌株/spn607_clean/X86/X86.contigs.fasta
X87	/Users/chunjiang/Documents/20260930_633菌株/spn607_clean/X87/X87.contigs.fasta
X88	/Users/chunjiang/Documents/20260930_633菌株/spn607_clean/X88/X88.contigs.fasta
X89	/Users/chunjiang/Documents/20260930_633菌株/spn607_clean/X89/X89.contigs.fasta
X9	/Users/chunjiang/Documents/20260930_633菌株/spn607_clean/X9/X9.contigs.fasta
X92	/Users/chunjiang/Documents/20260930_633菌株/spn607_clean/X92/X92.contigs.fasta
X93	/Users/chunjiang/Documents/20260930_633菌株/spn607_clean/X93/X93.contigs.fasta
X94	/Users/chunjiang/Documents/20260930_633菌株/spn607_clean/X94/X94.contigs.fasta
X95	/Users/chunjiang/Documents/20260930_633菌株/spn607_clean/X95/X95.contigs.fasta
X96	/Users/chunjiang/Documents/20260930_633菌株/spn607_clean/X96/X96.contigs.fasta
X97	/Users/chunjiang/Documents/20260930_633菌株/spn607_clean/X97/X97.contigs.fasta
X98	/Users/chunjiang/Documents/20260930_633菌株/spn607_clean/X98/X98.contigs.fasta
X99	/Users/chunjiang/Documents/20260930_633菌株/spn607_clean/X99/X99.contigs.fasta
XiJ-19-56	/Users/chunjiang/Documents/20260930_633菌株/spn607_clean/XiJ-19-56/XiJ-19-56.contigs.fasta
GPS_NO_NIPH_537	/Users/chunjiang/Documents/20260930_GPS世界菌株/GPS_NO_NIPH_537/ERR13374689.contigs.fasta
GPS_NO_NIPH_851	/Users/chunjiang/Documents/20260930_GPS世界菌株/GPS_NO_NIPH_851/ERR13375003.contigs.fasta
SPE_GB3_872183	/Users/chunjiang/Documents/20260930_GPS世界菌株/SPE_GB3_872183/SRR26930580.contigs.fasta
SPE_GB3_874964	/Users/chunjiang/Documents/20260930_GPS世界菌株/SPE_GB3_874964/SRR26930902.contigs.fasta
GPS_ES_CAN_2688	/Users/chunjiang/Documents/20260930_GPS世界菌株/GPS_ES_CAN_2688/GPS_ES_CAN_2688.contigs.fasta
SPE_GB3_877331	/Users/chunjiang/Documents/20260930_GPS世界菌株/SPE_GB3_877331/SRR26931055.contigs.fasta
GPS_ZA_8545	/Users/chunjiang/Documents/20260930_GPS世界菌株/GPS_ZA_8545/62854_S71.contigs.fasta
SPE_GB3_883070	/Users/chunjiang/Documents/20260930_GPS世界菌株/SPE_GB3_883070/SRR26931469.contigs.fasta
GPS_NO_NIPH_749	/Users/chunjiang/Documents/20260930_GPS世界菌株/GPS_NO_NIPH_749/ERR13374901.contigs.fasta
SPE_GB3_873520	/Users/chunjiang/Documents/20260930_GPS世界菌株/SPE_GB3_873520/SRR26930559.contigs.fasta
GPS_ZA_8464	/Users/chunjiang/Documents/20260930_GPS世界菌株/GPS_ZA_8464/62246_S16.contigs.fasta
SPE_GB3_875006	/Users/chunjiang/Documents/20260930_GPS世界菌株/SPE_GB3_875006/SRR26930209.contigs.fasta
SPE_GB3_893979	/Users/chunjiang/Documents/20260930_GPS世界菌株/SPE_GB3_893979/SRR26931381.contigs.fasta
SPE_GB3_885167	/Users/chunjiang/Documents/20260930_GPS世界菌株/SPE_GB3_885167/SRR26931660.contigs.fasta
SPE_GB3_901567	/Users/chunjiang/Documents/20260930_GPS世界菌株/SPE_GB3_901567/SRR26931797.contigs.fasta
GPS_ZA_8575	/Users/chunjiang/Documents/20260930_GPS世界菌株/GPS_ZA_8575/63215_S78.contigs.fasta
SPE_GB3_893929	/Users/chunjiang/Documents/20260930_GPS世界菌株/SPE_GB3_893929/SRR26931379.contigs.fasta
SPE_GB3_897412	/Users/chunjiang/Documents/20260930_GPS世界菌株/SPE_GB3_897412/SRR26931560.contigs.fasta
GPS_ZA_8602	/Users/chunjiang/Documents/20260930_GPS世界菌株/GPS_ZA_8602/63470_S192.contigs.fasta
SPE_GB3_885179	/Users/chunjiang/Documents/20260930_GPS世界菌株/SPE_GB3_885179/SRR26931501.contigs.fasta
SPE_GB3_909766	/Users/chunjiang/Documents/20260930_GPS世界菌株/SPE_GB3_909766/SRR26931293.contigs.fasta
SPE_GB3_897354	/Users/chunjiang/Documents/20260930_GPS世界菌株/SPE_GB3_897354/SRR26931760.contigs.fasta
GPS_NO_NIPH_1070	/Users/chunjiang/Documents/20260930_GPS世界菌株/GPS_NO_NIPH_1070/ERR13364500.contigs.fasta
GPS_ZA_8534	/Users/chunjiang/Documents/20260930_GPS世界菌株/GPS_ZA_8534/62718_S46.contigs.fasta
GPS_NO_NIPH_890	/Users/chunjiang/Documents/20260930_GPS世界菌株/GPS_NO_NIPH_890/ERR13375042.contigs.fasta
SPE_GB3_897413	/Users/chunjiang/Documents/20260930_GPS世界菌株/SPE_GB3_897413/SRR26931559.contigs.fasta
SPE_GB3_894540	/Users/chunjiang/Documents/20260930_GPS世界菌株/SPE_GB3_894540/SRR26931571.contigs.fasta
GPS_ZA_8642	/Users/chunjiang/Documents/20260930_GPS世界菌株/GPS_ZA_8642/63711_S130.contigs.fasta
SPE_GB3_898727	/Users/chunjiang/Documents/20260930_GPS世界菌株/SPE_GB3_898727/SRR26931834.contigs.fasta
SPE_GB3_897414	/Users/chunjiang/Documents/20260930_GPS世界菌株/SPE_GB3_897414/SRR26931562.contigs.fasta
GPS_NO_NIPH_1005	/Users/chunjiang/Documents/20260930_GPS世界菌株/GPS_NO_NIPH_1005/ERR13364435.contigs.fasta
GPS_NO_NIPH_295	/Users/chunjiang/Documents/20260930_GPS世界菌株/GPS_NO_NIPH_295/ERR13365714.contigs.fasta
GPS_ZA_8636	/Users/chunjiang/Documents/20260930_GPS世界菌株/GPS_ZA_8636/63673_S171.contigs.fasta
GPS_ES_CAN_3645	/Users/chunjiang/Documents/20260930_GPS世界菌株/GPS_ES_CAN_3645/GPS_ES_CAN_3645.contigs.fasta
SPE_GB3_896087	/Users/chunjiang/Documents/20260930_GPS世界菌株/SPE_GB3_896087/SRR26931842.contigs.fasta
GPS_ZA_8582	/Users/chunjiang/Documents/20260930_GPS世界菌株/GPS_ZA_8582/63282_S87.contigs.fasta
GPS_NO_NIPH_825	/Users/chunjiang/Documents/20260930_GPS世界菌株/GPS_NO_NIPH_825/ERR13374977.contigs.fasta
GPS_NO_NIPH_292	/Users/chunjiang/Documents/20260930_GPS世界菌株/GPS_NO_NIPH_292/ERR13365711.contigs.fasta
GPS_NO_NIPH_426	/Users/chunjiang/Documents/20260930_GPS世界菌株/GPS_NO_NIPH_426/ERR13365845.contigs.fasta
GPS_ZA_8485	/Users/chunjiang/Documents/20260930_GPS世界菌株/GPS_ZA_8485/62441_S57.contigs.fasta
GPS_NO_NIPH_767	/Users/chunjiang/Documents/20260930_GPS世界菌株/GPS_NO_NIPH_767/ERR13374919.contigs.fasta
GPS_NL_RAD_0631	/Users/chunjiang/Documents/20260930_GPS世界菌株/GPS_NL_RAD_0631/WTCHG_903436_72765252.contigs.fasta
SPE_GB3_894538	/Users/chunjiang/Documents/20260930_GPS世界菌株/SPE_GB3_894538/SRR26931573.contigs.fasta
SPE_GB3_888106	/Users/chunjiang/Documents/20260930_GPS世界菌株/SPE_GB3_888106/SRR26931636.contigs.fasta
SPE_GB3_886749	/Users/chunjiang/Documents/20260930_GPS世界菌株/SPE_GB3_886749/SRR26931445.contigs.fasta
SPE_GB3_871141	/Users/chunjiang/Documents/20260930_GPS世界菌株/SPE_GB3_871141/SRR26931126.contigs.fasta
SPE_GB3_901551	/Users/chunjiang/Documents/20260930_GPS世界菌株/SPE_GB3_901551/SRR26931519.contigs.fasta
GPS_NO_NIPH_1034	/Users/chunjiang/Documents/20260930_GPS世界菌株/GPS_NO_NIPH_1034/ERR13364464.contigs.fasta
GPS_ZA_8448	/Users/chunjiang/Documents/20260930_GPS世界菌株/GPS_ZA_8448/62132_S178.contigs.fasta
SPE_GB3_897429	/Users/chunjiang/Documents/20260930_GPS世界菌株/SPE_GB3_897429/SRR26931341.contigs.fasta
GPS_ZA_8386	/Users/chunjiang/Documents/20260930_GPS世界菌株/GPS_ZA_8386/61586_S70.contigs.fasta
SPE_GB3_900669	/Users/chunjiang/Documents/20260930_GPS世界菌株/SPE_GB3_900669/SRR26931334.contigs.fasta
SPE_GB3_877954	/Users/chunjiang/Documents/20260930_GPS世界菌株/SPE_GB3_877954/SRR26930171.contigs.fasta
GPS_NO_NIPH_795	/Users/chunjiang/Documents/20260930_GPS世界菌株/GPS_NO_NIPH_795/ERR13374947.contigs.fasta
GPS_NO_NIPH_975	/Users/chunjiang/Documents/20260930_GPS世界菌株/GPS_NO_NIPH_975/ERR13375127.contigs.fasta
GPS_PK_AKU_NP0117	/Users/chunjiang/Documents/20260930_GPS世界菌株/GPS_PK_AKU_NP0117/GPS_PK_AKU_NP0117.contigs.fasta
SPE_GB3_892787	/Users/chunjiang/Documents/20260930_GPS世界菌株/SPE_GB3_892787/SRR26931873.contigs.fasta
GPS_NO_NIPH_561	/Users/chunjiang/Documents/20260930_GPS世界菌株/GPS_NO_NIPH_561/ERR13374713.contigs.fasta
SPE_GB3_894512	/Users/chunjiang/Documents/20260930_GPS世界菌株/SPE_GB3_894512/SRR26931584.contigs.fasta
GPS_NO_NIPH_491	/Users/chunjiang/Documents/20260930_GPS世界菌株/GPS_NO_NIPH_491/ERR13365910.contigs.fasta
GPS_NO_NIPH_530	/Users/chunjiang/Documents/20260930_GPS世界菌株/GPS_NO_NIPH_530/ERR13374682.contigs.fasta
GPS_NO_NIPH_279	/Users/chunjiang/Documents/20260930_GPS世界菌株/GPS_NO_NIPH_279/ERR13365698.contigs.fasta
SPE_GB3_883915	/Users/chunjiang/Documents/20260930_GPS世界菌株/SPE_GB3_883915/SRR26931281.contigs.fasta
GPS_NO_NIPH_594	/Users/chunjiang/Documents/20260930_GPS世界菌株/GPS_NO_NIPH_594/ERR13374746.contigs.fasta
SPE_GB3_874946	/Users/chunjiang/Documents/20260930_GPS世界菌株/SPE_GB3_874946/SRR26930536.contigs.fasta
SPE_GB3_877925	/Users/chunjiang/Documents/20260930_GPS世界菌株/SPE_GB3_877925/SRR26930188.contigs.fasta
SPE_GB3_901548	/Users/chunjiang/Documents/20260930_GPS世界菌株/SPE_GB3_901548/SRR26931522.contigs.fasta
SPE_GB3_873511	/Users/chunjiang/Documents/20260930_GPS世界菌株/SPE_GB3_873511/SRR26930224.contigs.fasta
SPE_GB3_888056	/Users/chunjiang/Documents/20260930_GPS世界菌株/SPE_GB3_888056/SRR26931647.contigs.fasta
SPE_GB3_897415	/Users/chunjiang/Documents/20260930_GPS世界菌株/SPE_GB3_897415/SRR26931568.contigs.fasta
GPS_ZA_8589	/Users/chunjiang/Documents/20260930_GPS世界菌株/GPS_ZA_8589/63353_S120.contigs.fasta
GPS_NO_NIPH_711	/Users/chunjiang/Documents/20260930_GPS世界菌株/GPS_NO_NIPH_711/ERR13374863.contigs.fasta
SPE_GB3_872196	/Users/chunjiang/Documents/20260930_GPS世界菌株/SPE_GB3_872196/SRR26930565.contigs.fasta
SPE_GB3_890533	/Users/chunjiang/Documents/20260930_GPS世界菌株/SPE_GB3_890533/SRR26931626.contigs.fasta
SPE_GB3_879972	/Users/chunjiang/Documents/20260930_GPS世界菌株/SPE_GB3_879972/SRR26931921.contigs.fasta
GPS_ES_CAN_3274	/Users/chunjiang/Documents/20260930_GPS世界菌株/GPS_ES_CAN_3274/GPS_ES_CAN_3274.contigs.fasta
SPE_GB3_869338	/Users/chunjiang/Documents/20260930_GPS世界菌株/SPE_GB3_869338/SRR26930294.contigs.fasta
SPE_GB3_900737	/Users/chunjiang/Documents/20260930_GPS世界菌株/SPE_GB3_900737/SRR26931326.contigs.fasta
GPS_NO_NIPH_815	/Users/chunjiang/Documents/20260930_GPS世界菌株/GPS_NO_NIPH_815/ERR13374967.contigs.fasta
SPE_GB3_890592	/Users/chunjiang/Documents/20260930_GPS世界菌株/SPE_GB3_890592/SRR26931898.contigs.fasta
SPE_GB3_873509	/Users/chunjiang/Documents/20260930_GPS世界菌株/SPE_GB3_873509/SRR26930225.contigs.fasta
GPS_ZA_8380	/Users/chunjiang/Documents/20260930_GPS世界菌株/GPS_ZA_8380/61537_S60.contigs.fasta
GPS_NO_NIPH_489	/Users/chunjiang/Documents/20260930_GPS世界菌株/GPS_NO_NIPH_489/ERR13365908.contigs.fasta
SPE_GB3_896058	/Users/chunjiang/Documents/20260930_GPS世界菌株/SPE_GB3_896058/SRR26931853.contigs.fasta
GPS_NO_NIPH_898	/Users/chunjiang/Documents/20260930_GPS世界菌株/GPS_NO_NIPH_898/ERR13375050.contigs.fasta
SPE_GB3_871133	/Users/chunjiang/Documents/20260930_GPS世界菌株/SPE_GB3_871133/SRR26931137.contigs.fasta
GPS_ZA_8520	/Users/chunjiang/Documents/20260930_GPS世界菌株/GPS_ZA_8520/62614_S47.contigs.fasta
SPE_GB3_876187	/Users/chunjiang/Documents/20260930_GPS世界菌株/SPE_GB3_876187/SRR26930506.contigs.fasta
SPE_GB3_894537	/Users/chunjiang/Documents/20260930_GPS世界菌株/SPE_GB3_894537/SRR26931590.contigs.fasta
SPE_GB3_885165	/Users/chunjiang/Documents/20260930_GPS世界菌株/SPE_GB3_885165/SRR26931663.contigs.fasta
GPS_NO_NIPH_1066	/Users/chunjiang/Documents/20260930_GPS世界菌株/GPS_NO_NIPH_1066/ERR13364496.contigs.fasta
SPE_GB3_874967	/Users/chunjiang/Documents/20260930_GPS世界菌株/SPE_GB3_874967/SRR26930898.contigs.fasta
GPS_NO_NIPH_780	/Users/chunjiang/Documents/20260930_GPS世界菌株/GPS_NO_NIPH_780/ERR13374932.contigs.fasta
GPS_ZA_8377	/Users/chunjiang/Documents/20260930_GPS世界菌株/GPS_ZA_8377/61442_S50.contigs.fasta
SPE_GB3_900736	/Users/chunjiang/Documents/20260930_GPS世界菌株/SPE_GB3_900736/SRR26931726.contigs.fasta
SPE_GB3_879947	/Users/chunjiang/Documents/20260930_GPS世界菌株/SPE_GB3_879947/SRR26931456.contigs.fasta
SPE_GB3_898754	/Users/chunjiang/Documents/20260930_GPS世界菌株/SPE_GB3_898754/SRR26931811.contigs.fasta
SPE_GB3_873498	/Users/chunjiang/Documents/20260930_GPS世界菌株/SPE_GB3_873498/SRR26930237.contigs.fasta
GPS_NO_NIPH_866	/Users/chunjiang/Documents/20260930_GPS世界菌株/GPS_NO_NIPH_866/ERR13375018.contigs.fasta
SPE_GB3_900735	/Users/chunjiang/Documents/20260930_GPS世界菌株/SPE_GB3_900735/SRR26931318.contigs.fasta
GPS_NO_NIPH_750	/Users/chunjiang/Documents/20260930_GPS世界菌株/GPS_NO_NIPH_750/ERR13374902.contigs.fasta
SPE_GB3_883008	/Users/chunjiang/Documents/20260930_GPS世界菌株/SPE_GB3_883008/SRR26931689.contigs.fasta
GPS_NO_NIPH_593	/Users/chunjiang/Documents/20260930_GPS世界菌株/GPS_NO_NIPH_593/ERR13374745.contigs.fasta
GPS_ZA_8439	/Users/chunjiang/Documents/20260930_GPS世界菌株/GPS_ZA_8439/62055_S165.contigs.fasta
SPE_GB3_894532	/Users/chunjiang/Documents/20260930_GPS世界菌株/SPE_GB3_894532/SRR26931859.contigs.fasta
GPS_NO_NIPH_289	/Users/chunjiang/Documents/20260930_GPS世界菌株/GPS_NO_NIPH_289/ERR13365708.contigs.fasta
GPS_NO_NIPH_817	/Users/chunjiang/Documents/20260930_GPS世界菌株/GPS_NO_NIPH_817/ERR13374969.contigs.fasta
SPE_GB3_875004	/Users/chunjiang/Documents/20260930_GPS世界菌株/SPE_GB3_875004/SRR26930211.contigs.fasta
GPS_TW_NHRI_SPN138	/Users/chunjiang/Documents/20260930_GPS世界菌株/GPS_TW_NHRI_SPN138/ERR14654058.contigs.fasta
GPS_NO_NIPH_555	/Users/chunjiang/Documents/20260930_GPS世界菌株/GPS_NO_NIPH_555/ERR13374707.contigs.fasta
GPS_ZA_8437	/Users/chunjiang/Documents/20260930_GPS世界菌株/GPS_ZA_8437/62051_S163.contigs.fasta
SPE_GB3_891476	/Users/chunjiang/Documents/20260930_GPS世界菌株/SPE_GB3_891476/SRR26931204.contigs.fasta
GPS_PK_AKU_NP0006	/Users/chunjiang/Documents/20260930_GPS世界菌株/GPS_PK_AKU_NP0006/GPS_PK_AKU_NP0006.contigs.fasta
GPS_ES_CAN_1992	/Users/chunjiang/Documents/20260930_GPS世界菌株/GPS_ES_CAN_1992/GPS_ES_CAN_1992.contigs.fasta
SPE_GB3_900680	/Users/chunjiang/Documents/20260930_GPS世界菌株/SPE_GB3_900680/SRR26931315.contigs.fasta
GPS_NO_NIPH_596	/Users/chunjiang/Documents/20260930_GPS世界菌株/GPS_NO_NIPH_596/ERR13374748.contigs.fasta
GPS_ZA_8459	/Users/chunjiang/Documents/20260930_GPS世界菌株/GPS_ZA_8459/62227_S11.contigs.fasta
SPE_GB3_874984	/Users/chunjiang/Documents/20260930_GPS世界菌株/SPE_GB3_874984/SRR26931088.contigs.fasta
SPE_GB3_872247	/Users/chunjiang/Documents/20260930_GPS世界菌株/SPE_GB3_872247/SRR26931106.contigs.fasta
GPS_NO_NIPH_886	/Users/chunjiang/Documents/20260930_GPS世界菌株/GPS_NO_NIPH_886/ERR13375038.contigs.fasta
GPS_NO_NIPH_359	/Users/chunjiang/Documents/20260930_GPS世界菌株/GPS_NO_NIPH_359/ERR13365778.contigs.fasta
GPS_ZA_8424	/Users/chunjiang/Documents/20260930_GPS世界菌株/GPS_ZA_8424/62004_S142.contigs.fasta
GPS_ZA_8537	/Users/chunjiang/Documents/20260930_GPS世界菌株/GPS_ZA_8537/62732_S49.contigs.fasta
GPS_ES_CAN_3829	/Users/chunjiang/Documents/20260930_GPS世界菌株/GPS_ES_CAN_3829/GPS_ES_CAN_3829.contigs.fasta
SPE_GB3_874977	/Users/chunjiang/Documents/20260930_GPS世界菌株/SPE_GB3_874977/SRR26931095.contigs.fasta
GPS_NO_NIPH_776	/Users/chunjiang/Documents/20260930_GPS世界菌株/GPS_NO_NIPH_776/ERR13374928.contigs.fasta
GPS_NO_NIPH_405	/Users/chunjiang/Documents/20260930_GPS世界菌株/GPS_NO_NIPH_405/ERR13365824.contigs.fasta
GPS_NO_NIPH_700	/Users/chunjiang/Documents/20260930_GPS世界菌株/GPS_NO_NIPH_700/ERR13374852.contigs.fasta
SPE_GB3_877350	/Users/chunjiang/Documents/20260930_GPS世界菌株/SPE_GB3_877350/SRR26930867.contigs.fasta
SPE_GB3_880010	/Users/chunjiang/Documents/20260930_GPS世界菌株/SPE_GB3_880010/SRR26931634.contigs.fasta
GPS_NO_NIPH_820	/Users/chunjiang/Documents/20260930_GPS世界菌株/GPS_NO_NIPH_820/ERR13374972.contigs.fasta
SPE_GB3_869373	/Users/chunjiang/Documents/20260930_GPS世界菌株/SPE_GB3_869373/SRR26930593.contigs.fasta
GPS_NO_NIPH_659	/Users/chunjiang/Documents/20260930_GPS世界菌株/GPS_NO_NIPH_659/ERR13374811.contigs.fasta
SPE_GB3_894530	/Users/chunjiang/Documents/20260930_GPS世界菌株/SPE_GB3_894530/SRR26931578.contigs.fasta
SPE_GB3_873493	/Users/chunjiang/Documents/20260930_GPS世界菌株/SPE_GB3_873493/SRR26930240.contigs.fasta
GPS_NO_NIPH_950	/Users/chunjiang/Documents/20260930_GPS世界菌株/GPS_NO_NIPH_950/ERR13375102.contigs.fasta
SPE_GB3_888052	/Users/chunjiang/Documents/20260930_GPS世界菌株/SPE_GB3_888052/SRR26931646.contigs.fasta
GPS_ZA_8585	/Users/chunjiang/Documents/20260930_GPS世界菌株/GPS_ZA_8585/63302_S18.contigs.fasta
GPS_NO_NIPH_512	/Users/chunjiang/Documents/20260930_GPS世界菌株/GPS_NO_NIPH_512/ERR13374664.contigs.fasta
SPE_GB3_872240	/Users/chunjiang/Documents/20260930_GPS世界菌株/SPE_GB3_872240/SRR26931112.contigs.fasta
SPE_GB3_886743	/Users/chunjiang/Documents/20260930_GPS世界菌株/SPE_GB3_886743/SRR26931779.contigs.fasta
SPE_GB3_877942	/Users/chunjiang/Documents/20260930_GPS世界菌株/SPE_GB3_877942/SRR26930504.contigs.fasta
SPE_GB3_896094	/Users/chunjiang/Documents/20260930_GPS世界菌株/SPE_GB3_896094/SRR26931847.contigs.fasta
GPS_ZA_8486	/Users/chunjiang/Documents/20260930_GPS世界菌株/GPS_ZA_8486/62444_S109.contigs.fasta
GPS_NO_NIPH_1057	/Users/chunjiang/Documents/20260930_GPS世界菌株/GPS_NO_NIPH_1057/ERR13364487.contigs.fasta
GPS_NO_NIPH_757	/Users/chunjiang/Documents/20260930_GPS世界菌株/GPS_NO_NIPH_757/ERR13374909.contigs.fasta
GPS_ZA_8451	/Users/chunjiang/Documents/20260930_GPS世界菌株/GPS_ZA_8451/62171_S188.contigs.fasta
GPS_NO_NIPH_340	/Users/chunjiang/Documents/20260930_GPS世界菌株/GPS_NO_NIPH_340/ERR13365759.contigs.fasta
GPS_NO_NIPH_978	/Users/chunjiang/Documents/20260930_GPS世界菌株/GPS_NO_NIPH_978/ERR13375130.contigs.fasta
SPE_GB3_890568	/Users/chunjiang/Documents/20260930_GPS世界菌株/SPE_GB3_890568/SRR26931912.contigs.fasta
GPS_NO_NIPH_919	/Users/chunjiang/Documents/20260930_GPS世界菌株/GPS_NO_NIPH_919/ERR13375071.contigs.fasta
SPE_GB3_880982	/Users/chunjiang/Documents/20260930_GPS世界菌株/SPE_GB3_880982/SRR26931700.contigs.fasta
GPS_NO_NIPH_417	/Users/chunjiang/Documents/20260930_GPS世界菌株/GPS_NO_NIPH_417/ERR13365836.contigs.fasta
GPS_NO_NIPH_708	/Users/chunjiang/Documents/20260930_GPS世界菌株/GPS_NO_NIPH_708/ERR13374860.contigs.fasta
GPS_NO_NIPH_764	/Users/chunjiang/Documents/20260930_GPS世界菌株/GPS_NO_NIPH_764/ERR13374916.contigs.fasta
SPE_GB3_894531	/Users/chunjiang/Documents/20260930_GPS世界菌株/SPE_GB3_894531/SRR26931594.contigs.fasta
GPS_NO_NIPH_1030	/Users/chunjiang/Documents/20260930_GPS世界菌株/GPS_NO_NIPH_1030/ERR13364460.contigs.fasta
SPE_GB3_894509	/Users/chunjiang/Documents/20260930_GPS世界菌株/SPE_GB3_894509/SRR26931774.contigs.fasta
SPE_GB3_897426	/Users/chunjiang/Documents/20260930_GPS世界菌株/SPE_GB3_897426/SRR26931557.contigs.fasta
GPS_NO_NIPH_355	/Users/chunjiang/Documents/20260930_GPS世界菌株/GPS_NO_NIPH_355/ERR13365774.contigs.fasta
GPS_NO_NIPH_557	/Users/chunjiang/Documents/20260930_GPS世界菌株/GPS_NO_NIPH_557/ERR13374709.contigs.fasta
GPS_NO_NIPH_937	/Users/chunjiang/Documents/20260930_GPS世界菌株/GPS_NO_NIPH_937/ERR13375089.contigs.fasta
GPS_NO_NIPH_689	/Users/chunjiang/Documents/20260930_GPS世界菌株/GPS_NO_NIPH_689/ERR13374841.contigs.fasta
GPS_ZA_8569	/Users/chunjiang/Documents/20260930_GPS世界菌株/GPS_ZA_8569/63145_S141.contigs.fasta
GPS_ES_CAN_3818	/Users/chunjiang/Documents/20260930_GPS世界菌株/GPS_ES_CAN_3818/GPS_ES_CAN_3818.contigs.fasta
GPS_NO_NIPH_838	/Users/chunjiang/Documents/20260930_GPS世界菌株/GPS_NO_NIPH_838/ERR13374990.contigs.fasta
GPS_PK_AKU_NP0138	/Users/chunjiang/Documents/20260930_GPS世界菌株/GPS_PK_AKU_NP0138/GPS_PK_AKU_NP0138.contigs.fasta
GPS_NO_NIPH_831	/Users/chunjiang/Documents/20260930_GPS世界菌株/GPS_NO_NIPH_831/ERR13374983.contigs.fasta
GPS_NO_NIPH_629	/Users/chunjiang/Documents/20260930_GPS世界菌株/GPS_NO_NIPH_629/ERR13374781.contigs.fasta
GPS_NO_NIPH_373	/Users/chunjiang/Documents/20260930_GPS世界菌株/GPS_NO_NIPH_373/ERR13365792.contigs.fasta
SPE_GB3_891489	/Users/chunjiang/Documents/20260930_GPS世界菌株/SPE_GB3_891489/SRR26931205.contigs.fasta
GPS_NO_NIPH_1064	/Users/chunjiang/Documents/20260930_GPS世界菌株/GPS_NO_NIPH_1064/ERR13364494.contigs.fasta
SPE_GB3_901571	/Users/chunjiang/Documents/20260930_GPS世界菌株/SPE_GB3_901571/SRR26931792.contigs.fasta
SPE_GB3_876179	/Users/chunjiang/Documents/20260930_GPS世界菌株/SPE_GB3_876179/SRR26930516.contigs.fasta
SPE_GB3_874930	/Users/chunjiang/Documents/20260930_GPS世界菌株/SPE_GB3_874930/SRR26930554.contigs.fasta
GPS_NO_NIPH_619	/Users/chunjiang/Documents/20260930_GPS世界菌株/GPS_NO_NIPH_619/ERR13374771.contigs.fasta
GPS_NO_NIPH_818	/Users/chunjiang/Documents/20260930_GPS世界菌株/GPS_NO_NIPH_818/ERR13374970.contigs.fasta
GPS_ZA_8373	/Users/chunjiang/Documents/20260930_GPS世界菌株/GPS_ZA_8373/61382_S29.contigs.fasta
GPS_NO_NIPH_714	/Users/chunjiang/Documents/20260930_GPS世界菌株/GPS_NO_NIPH_714/ERR13374866.contigs.fasta
GPS_NO_NIPH_712	/Users/chunjiang/Documents/20260930_GPS世界菌株/GPS_NO_NIPH_712/ERR13374864.contigs.fasta
SPE_GB3_872202	/Users/chunjiang/Documents/20260930_GPS世界菌株/SPE_GB3_872202/SRR26930943.contigs.fasta
GPS_NO_NIPH_1062	/Users/chunjiang/Documents/20260930_GPS世界菌株/GPS_NO_NIPH_1062/ERR13364492.contigs.fasta
SPE_GB3_890588	/Users/chunjiang/Documents/20260930_GPS世界菌株/SPE_GB3_890588/SRR26931419.contigs.fasta
GPS_NO_NIPH_345	/Users/chunjiang/Documents/20260930_GPS世界菌株/GPS_NO_NIPH_345/ERR13365764.contigs.fasta
SPE_GB3_886755	/Users/chunjiang/Documents/20260930_GPS世界菌株/SPE_GB3_886755/SRR26931438.contigs.fasta
GPS_NO_NIPH_1063	/Users/chunjiang/Documents/20260930_GPS世界菌株/GPS_NO_NIPH_1063/ERR13364493.contigs.fasta
SPE_GB3_897379	/Users/chunjiang/Documents/20260930_GPS世界菌株/SPE_GB3_897379/SRR26931756.contigs.fasta
GPS_NO_NIPH_706	/Users/chunjiang/Documents/20260930_GPS世界菌株/GPS_NO_NIPH_706/ERR13374858.contigs.fasta
SPE_GB3_886740	/Users/chunjiang/Documents/20260930_GPS世界菌株/SPE_GB3_886740/SRR26931482.contigs.fasta
GPS_NO_NIPH_828	/Users/chunjiang/Documents/20260930_GPS世界菌株/GPS_NO_NIPH_828/ERR13374980.contigs.fasta
GPS_ZA_8453	/Users/chunjiang/Documents/20260930_GPS世界菌株/GPS_ZA_8453/62177_S2.contigs.fasta
GPS_NO_NIPH_375	/Users/chunjiang/Documents/20260930_GPS世界菌株/GPS_NO_NIPH_375/ERR13365794.contigs.fasta
SPE_GB3_890516	/Users/chunjiang/Documents/20260930_GPS世界菌株/SPE_GB3_890516/SRR26931919.contigs.fasta
GPS_NO_NIPH_758	/Users/chunjiang/Documents/20260930_GPS世界菌株/GPS_NO_NIPH_758/ERR13374910.contigs.fasta
GPS_NO_NIPH_984	/Users/chunjiang/Documents/20260930_GPS世界菌株/GPS_NO_NIPH_984/ERR13375136.contigs.fasta
SPE_GB3_897351	/Users/chunjiang/Documents/20260930_GPS世界菌株/SPE_GB3_897351/SRR26931753.contigs.fasta
GPS_ZA_8503	/Users/chunjiang/Documents/20260930_GPS世界菌株/GPS_ZA_8503/62526_S82.contigs.fasta
GPS_NO_NIPH_330	/Users/chunjiang/Documents/20260930_GPS世界菌株/GPS_NO_NIPH_330/ERR13365749.contigs.fasta
SPE_GB3_873515	/Users/chunjiang/Documents/20260930_GPS世界菌株/SPE_GB3_873515/SRR26930221.contigs.fasta
SPE_GB3_894525	/Users/chunjiang/Documents/20260930_GPS世界菌株/SPE_GB3_894525/SRR26931858.contigs.fasta
SPE_GB3_900706	/Users/chunjiang/Documents/20260930_GPS世界菌株/SPE_GB3_900706/SRR26931729.contigs.fasta
SPE_GB3_874976	/Users/chunjiang/Documents/20260930_GPS世界菌株/SPE_GB3_874976/SRR26930888.contigs.fasta
GPS_ZA_8596	/Users/chunjiang/Documents/20260930_GPS世界菌株/GPS_ZA_8596/63425_S24.contigs.fasta
GPS_ZA_8588	/Users/chunjiang/Documents/20260930_GPS世界菌株/GPS_ZA_8588/63351_S119.contigs.fasta
SPE_GB3_880990	/Users/chunjiang/Documents/20260930_GPS世界菌株/SPE_GB3_880990/SRR26931692.contigs.fasta
GPS_ZA_8590	/Users/chunjiang/Documents/20260930_GPS世界菌株/GPS_ZA_8590/63354_S29.contigs.fasta
GPS_NO_NIPH_811	/Users/chunjiang/Documents/20260930_GPS世界菌株/GPS_NO_NIPH_811/ERR13374963.contigs.fasta
GPS_NO_NIPH_996	/Users/chunjiang/Documents/20260930_GPS世界菌株/GPS_NO_NIPH_996/ERR13375148.contigs.fasta
GPS_NO_NIPH_887	/Users/chunjiang/Documents/20260930_GPS世界菌株/GPS_NO_NIPH_887/ERR13375039.contigs.fasta
GPS_NO_NIPH_948	/Users/chunjiang/Documents/20260930_GPS世界菌株/GPS_NO_NIPH_948/ERR13375100.contigs.fasta
GPS_NO_NIPH_1047	/Users/chunjiang/Documents/20260930_GPS世界菌株/GPS_NO_NIPH_1047/ERR13364477.contigs.fasta
SPE_GB3_880945	/Users/chunjiang/Documents/20260930_GPS世界菌株/SPE_GB3_880945/SRR26930871.contigs.fasta
SPE_GB3_896084	/Users/chunjiang/Documents/20260930_GPS世界菌株/SPE_GB3_896084/SRR26931362.contigs.fasta
SPE_GB3_875000	/Users/chunjiang/Documents/20260930_GPS世界菌株/SPE_GB3_875000/SRR26931068.contigs.fasta
GPS_NO_NIPH_413	/Users/chunjiang/Documents/20260930_GPS世界菌株/GPS_NO_NIPH_413/ERR13365832.contigs.fasta
GPS_ES_CAN_2691	/Users/chunjiang/Documents/20260930_GPS世界菌株/GPS_ES_CAN_2691/GPS_ES_CAN_2691.contigs.fasta
SPE_GB3_871172	/Users/chunjiang/Documents/20260930_GPS世界菌株/SPE_GB3_871172/SRR26930248.contigs.fasta
SPE_GB3_880004	/Users/chunjiang/Documents/20260930_GPS世界菌株/SPE_GB3_880004/SRR26931402.contigs.fasta
SPE_GB3_901569	/Users/chunjiang/Documents/20260930_GPS世界菌株/SPE_GB3_901569/SRR26931795.contigs.fasta
GPS_NO_NIPH_432	/Users/chunjiang/Documents/20260930_GPS世界菌株/GPS_NO_NIPH_432/ERR13365851.contigs.fasta
GPS_NO_NIPH_929	/Users/chunjiang/Documents/20260930_GPS世界菌株/GPS_NO_NIPH_929/ERR13375081.contigs.fasta
SPE_GB3_893912	/Users/chunjiang/Documents/20260930_GPS世界菌株/SPE_GB3_893912/SRR26931866.contigs.fasta
GPS_TW_NHRI_SPN136	/Users/chunjiang/Documents/20260930_GPS世界菌株/GPS_TW_NHRI_SPN136/ERR14654056.contigs.fasta
GPS_ZA_8481	/Users/chunjiang/Documents/20260930_GPS世界菌株/GPS_ZA_8481/62383_S62.contigs.fasta
GPS_NO_NIPH_531	/Users/chunjiang/Documents/20260930_GPS世界菌株/GPS_NO_NIPH_531/ERR13374683.contigs.fasta
SPE_GB3_892844	/Users/chunjiang/Documents/20260930_GPS世界菌株/SPE_GB3_892844/SRR26931871.contigs.fasta
GPS_NO_NIPH_549	/Users/chunjiang/Documents/20260930_GPS世界菌株/GPS_NO_NIPH_549/ERR13374701.contigs.fasta
SPE_GB3_872225	/Users/chunjiang/Documents/20260930_GPS世界菌株/SPE_GB3_872225/SRR26930918.contigs.fasta
GPS_NO_NIPH_540	/Users/chunjiang/Documents/20260930_GPS世界菌株/GPS_NO_NIPH_540/ERR13374692.contigs.fasta
SPE_GB3_891494	/Users/chunjiang/Documents/20260930_GPS世界菌株/SPE_GB3_891494/SRR26931616.contigs.fasta
SPE_GB3_891461	/Users/chunjiang/Documents/20260930_GPS世界菌株/SPE_GB3_891461/SRR26931208.contigs.fasta
GPS_NO_NIPH_848	/Users/chunjiang/Documents/20260930_GPS世界菌株/GPS_NO_NIPH_848/ERR13375000.contigs.fasta
GPS_NO_NIPH_428	/Users/chunjiang/Documents/20260930_GPS世界菌株/GPS_NO_NIPH_428/ERR13365847.contigs.fasta
SPE_GB3_876194	/Users/chunjiang/Documents/20260930_GPS世界菌株/SPE_GB3_876194/SRR26930881.contigs.fasta
GPS_NO_NIPH_747	/Users/chunjiang/Documents/20260930_GPS世界菌株/GPS_NO_NIPH_747/ERR13374899.contigs.fasta
SPE_GB3_886767	/Users/chunjiang/Documents/20260930_GPS世界菌株/SPE_GB3_886767/SRR26931428.contigs.fasta
GPS_NO_NIPH_1003	/Users/chunjiang/Documents/20260930_GPS世界菌株/GPS_NO_NIPH_1003/ERR13364433.contigs.fasta
GPS_ZA_8587	/Users/chunjiang/Documents/20260930_GPS世界菌株/GPS_ZA_8587/63341_S112.contigs.fasta
GPS_NO_NIPH_864	/Users/chunjiang/Documents/20260930_GPS世界菌株/GPS_NO_NIPH_864/ERR13375016.contigs.fasta
SPE_GB3_874931	/Users/chunjiang/Documents/20260930_GPS世界菌株/SPE_GB3_874931/SRR26930553.contigs.fasta
SPE_AU1_AUSMDU00074022	/Users/chunjiang/Documents/20260930_GPS世界菌株/SPE_AU1_AUSMDU00074022/SRR23727560.contigs.fasta
GPS_ZA_8508	/Users/chunjiang/Documents/20260930_GPS世界菌株/GPS_ZA_8508/62550_S33.contigs.fasta
SPE_GB3_872181	/Users/chunjiang/Documents/20260930_GPS世界菌株/SPE_GB3_872181/SRR26930582.contigs.fasta
GPS_NO_NIPH_490	/Users/chunjiang/Documents/20260930_GPS世界菌株/GPS_NO_NIPH_490/ERR13365909.contigs.fasta
GPS_NO_NIPH_1008	/Users/chunjiang/Documents/20260930_GPS世界菌株/GPS_NO_NIPH_1008/ERR13364438.contigs.fasta
GPS_NO_NIPH_669	/Users/chunjiang/Documents/20260930_GPS世界菌株/GPS_NO_NIPH_669/ERR13374821.contigs.fasta
SPE_GB3_900752	/Users/chunjiang/Documents/20260930_GPS世界菌株/SPE_GB3_900752/SRR26931319.contigs.fasta
GPS_ZA_8474	/Users/chunjiang/Documents/20260930_GPS世界菌株/GPS_ZA_8474/62313_S46.contigs.fasta
SPE_GB3_876151	/Users/chunjiang/Documents/20260930_GPS世界菌株/SPE_GB3_876151/SRR26931075.contigs.fasta
SPE_GB3_874990	/Users/chunjiang/Documents/20260930_GPS世界菌株/SPE_GB3_874990/SRR26931081.contigs.fasta
SPE_GB3_897420	/Users/chunjiang/Documents/20260930_GPS世界菌株/SPE_GB3_897420/SRR26931738.contigs.fasta
SPE_GB3_873488	/Users/chunjiang/Documents/20260930_GPS世界菌株/SPE_GB3_873488/SRR26931097.contigs.fasta
GPS_NO_NIPH_824	/Users/chunjiang/Documents/20260930_GPS世界菌株/GPS_NO_NIPH_824/ERR13374976.contigs.fasta
GPS_NO_NIPH_861	/Users/chunjiang/Documents/20260930_GPS世界菌株/GPS_NO_NIPH_861/ERR13375013.contigs.fasta
GPS_NO_NIPH_603	/Users/chunjiang/Documents/20260930_GPS世界菌株/GPS_NO_NIPH_603/ERR13374755.contigs.fasta
SPE_GB3_880953	/Users/chunjiang/Documents/20260930_GPS世界菌株/SPE_GB3_880953/SRR26931196.contigs.fasta
SPE_GB3_890569	/Users/chunjiang/Documents/20260930_GPS世界菌株/SPE_GB3_890569/SRR26931630.contigs.fasta
SPE_GB3_883913	/Users/chunjiang/Documents/20260930_GPS世界菌株/SPE_GB3_883913/SRR26931457.contigs.fasta
GPS_NO_NIPH_792	/Users/chunjiang/Documents/20260930_GPS世界菌株/GPS_NO_NIPH_792/ERR13374944.contigs.fasta
GPS_ZA_8438	/Users/chunjiang/Documents/20260930_GPS世界菌株/GPS_ZA_8438/62053_S135.contigs.fasta
SPE_GB3_886768	/Users/chunjiang/Documents/20260930_GPS世界菌株/SPE_GB3_886768/SRR26931426.contigs.fasta
GPS_NO_NIPH_967	/Users/chunjiang/Documents/20260930_GPS世界菌株/GPS_NO_NIPH_967/ERR13375119.contigs.fasta
GPS_NO_NIPH_543	/Users/chunjiang/Documents/20260930_GPS世界菌株/GPS_NO_NIPH_543/ERR13374695.contigs.fasta
SPE_GB3_890571	/Users/chunjiang/Documents/20260930_GPS世界菌株/SPE_GB3_890571/SRR26931421.contigs.fasta
GPS_NO_NIPH_804	/Users/chunjiang/Documents/20260930_GPS世界菌株/GPS_NO_NIPH_804/ERR13374956.contigs.fasta
GPS_ZA_8484	/Users/chunjiang/Documents/20260930_GPS世界菌株/GPS_ZA_8484/62428_S55.contigs.fasta
GPS_NO_NIPH_314	/Users/chunjiang/Documents/20260930_GPS世界菌株/GPS_NO_NIPH_314/ERR13365733.contigs.fasta
SPE_GB3_872243	/Users/chunjiang/Documents/20260930_GPS世界菌株/SPE_GB3_872243/SRR26931109.contigs.fasta
SPE_GB3_898695	/Users/chunjiang/Documents/20260930_GPS世界菌株/SPE_GB3_898695/SRR26931556.contigs.fasta
SPE_GB3_891432	/Users/chunjiang/Documents/20260930_GPS世界菌株/SPE_GB3_891432/SRR26931218.contigs.fasta
GPS_NO_NIPH_985	/Users/chunjiang/Documents/20260930_GPS世界菌株/GPS_NO_NIPH_985/ERR13375137.contigs.fasta
SPE_GB3_890537	/Users/chunjiang/Documents/20260930_GPS世界菌株/SPE_GB3_890537/SRR26931222.contigs.fasta
SPE_GB3_890567	/Users/chunjiang/Documents/20260930_GPS世界菌株/SPE_GB3_890567/SRR26931908.contigs.fasta
GPS_NO_NIPH_964	/Users/chunjiang/Documents/20260930_GPS世界菌株/GPS_NO_NIPH_964/ERR13375116.contigs.fasta
GPS_PK_AKU_NP0102	/Users/chunjiang/Documents/20260930_GPS世界菌株/GPS_PK_AKU_NP0102/GPS_PK_AKU_NP0102.contigs.fasta
GPS_NO_NIPH_469	/Users/chunjiang/Documents/20260930_GPS世界菌株/GPS_NO_NIPH_469/ERR13365888.contigs.fasta
SPE_GB3_877923	/Users/chunjiang/Documents/20260930_GPS世界菌株/SPE_GB3_877923/SRR26930185.contigs.fasta
SPE_GB3_880002	/Users/chunjiang/Documents/20260930_GPS世界菌株/SPE_GB3_880002/SRR26931223.contigs.fasta
GPS_NO_NIPH_272	/Users/chunjiang/Documents/20260930_GPS世界菌株/GPS_NO_NIPH_272/ERR13365691.contigs.fasta
SPE_GB3_874935	/Users/chunjiang/Documents/20260930_GPS世界菌株/SPE_GB3_874935/SRR26930549.contigs.fasta
SPE_GB3_893973	/Users/chunjiang/Documents/20260930_GPS世界菌株/SPE_GB3_893973/SRR26931390.contigs.fasta
GPS_NO_NIPH_1027	/Users/chunjiang/Documents/20260930_GPS世界菌株/GPS_NO_NIPH_1027/ERR13364457.contigs.fasta
SPE_GB3_879997	/Users/chunjiang/Documents/20260930_GPS世界菌株/SPE_GB3_879997/SRR26931413.contigs.fasta
GPS_TW_NHRI_SPN129	/Users/chunjiang/Documents/20260930_GPS世界菌株/GPS_TW_NHRI_SPN129/ERR14654049.contigs.fasta
GPS_ZA_8513	/Users/chunjiang/Documents/20260930_GPS世界菌株/GPS_ZA_8513/62581_S40.contigs.fasta
SPE_GB3_876200	/Users/chunjiang/Documents/20260930_GPS世界菌株/SPE_GB3_876200/SRR26930878.contigs.fasta
SPE_GB3_877367	/Users/chunjiang/Documents/20260930_GPS世界菌株/SPE_GB3_877367/SRR26930872.contigs.fasta
GPS_NO_NIPH_955	/Users/chunjiang/Documents/20260930_GPS世界菌株/GPS_NO_NIPH_955/ERR13375107.contigs.fasta
SPE_GB3_871168	/Users/chunjiang/Documents/20260930_GPS世界菌株/SPE_GB3_871168/SRR26930252.contigs.fasta
GPS_NO_NIPH_973	/Users/chunjiang/Documents/20260930_GPS世界菌株/GPS_NO_NIPH_973/ERR13375125.contigs.fasta
GPS_NO_NIPH_788	/Users/chunjiang/Documents/20260930_GPS世界菌株/GPS_NO_NIPH_788/ERR13374940.contigs.fasta
GPS_NO_NIPH_746	/Users/chunjiang/Documents/20260930_GPS世界菌株/GPS_NO_NIPH_746/ERR13374898.contigs.fasta
SPE_GB3_879925	/Users/chunjiang/Documents/20260930_GPS世界菌株/SPE_GB3_879925/SRR26930493.contigs.fasta
SPE_GB3_869339	/Users/chunjiang/Documents/20260930_GPS世界菌株/SPE_GB3_869339/SRR26930293.contigs.fasta
GPS_NO_NIPH_875	/Users/chunjiang/Documents/20260930_GPS世界菌株/GPS_NO_NIPH_875/ERR13375027.contigs.fasta
GPS_NO_NIPH_458	/Users/chunjiang/Documents/20260930_GPS世界菌株/GPS_NO_NIPH_458/ERR13365877.contigs.fasta
GPS_NO_NIPH_797	/Users/chunjiang/Documents/20260930_GPS世界菌株/GPS_NO_NIPH_797/ERR13374949.contigs.fasta
SPE_GB3_876159	/Users/chunjiang/Documents/20260930_GPS世界菌株/SPE_GB3_876159/SRR26930191.contigs.fasta
GPS_NO_NIPH_339	/Users/chunjiang/Documents/20260930_GPS世界菌株/GPS_NO_NIPH_339/ERR13365758.contigs.fasta
SPE_GB3_886764	/Users/chunjiang/Documents/20260930_GPS世界菌株/SPE_GB3_886764/SRR26931432.contigs.fasta
SPE_GB3_871171	/Users/chunjiang/Documents/20260930_GPS世界菌株/SPE_GB3_871171/SRR26930249.contigs.fasta
GPS_NO_NIPH_926	/Users/chunjiang/Documents/20260930_GPS世界菌株/GPS_NO_NIPH_926/ERR13375078.contigs.fasta
SPE_GB3_876189	/Users/chunjiang/Documents/20260930_GPS世界菌株/SPE_GB3_876189/SRR26930887.contigs.fasta
SPE_GB3_900734	/Users/chunjiang/Documents/20260930_GPS世界菌株/SPE_GB3_900734/SRR26931336.contigs.fasta
GPS_NO_NIPH_588	/Users/chunjiang/Documents/20260930_GPS世界菌株/GPS_NO_NIPH_588/ERR13374740.contigs.fasta
GPS_NO_NIPH_1016	/Users/chunjiang/Documents/20260930_GPS世界菌株/GPS_NO_NIPH_1016/ERR13364446.contigs.fasta
SPE_GB3_897405	/Users/chunjiang/Documents/20260930_GPS世界菌株/SPE_GB3_897405/SRR26931758.contigs.fasta
SPE_GB3_891417	/Users/chunjiang/Documents/20260930_GPS世界菌株/SPE_GB3_891417/SRR26931627.contigs.fasta
GPS_NO_NIPH_344	/Users/chunjiang/Documents/20260930_GPS世界菌株/GPS_NO_NIPH_344/ERR13365763.contigs.fasta
GPS_NO_NIPH_276	/Users/chunjiang/Documents/20260930_GPS世界菌株/GPS_NO_NIPH_276/ERR13365695.contigs.fasta
GPS_PK_AKU_NP0470	/Users/chunjiang/Documents/20260930_GPS世界菌株/GPS_PK_AKU_NP0470/GPS_PK_AKU_NP0470.contigs.fasta
SPE_GB3_883009	/Users/chunjiang/Documents/20260930_GPS世界菌株/SPE_GB3_883009/SRR26931463.contigs.fasta
SPE_GB3_871151	/Users/chunjiang/Documents/20260930_GPS世界菌株/SPE_GB3_871151/SRR26930264.contigs.fasta
SPE_GB3_900750	/Users/chunjiang/Documents/20260930_GPS世界菌株/SPE_GB3_900750/SRR26931328.contigs.fasta
GPS_NO_NIPH_488	/Users/chunjiang/Documents/20260930_GPS世界菌株/GPS_NO_NIPH_488/ERR13365907.contigs.fasta
GPS_NO_NIPH_349	/Users/chunjiang/Documents/20260930_GPS世界菌株/GPS_NO_NIPH_349/ERR13365768.contigs.fasta
GPS_NO_NIPH_367	/Users/chunjiang/Documents/20260930_GPS世界菌株/GPS_NO_NIPH_367/ERR13365786.contigs.fasta
GPS_ZA_8553	/Users/chunjiang/Documents/20260930_GPS世界菌株/GPS_ZA_8553/62933_S123.contigs.fasta
GPS_NO_NIPH_644	/Users/chunjiang/Documents/20260930_GPS世界菌株/GPS_NO_NIPH_644/ERR13374796.contigs.fasta
SPE_GB3_877345	/Users/chunjiang/Documents/20260930_GPS世界菌株/SPE_GB3_877345/SRR26930864.contigs.fasta
