ID,n_distinct_kmer
100,1994234
101,2020750
103,2045841
104,2070241
105,2096534
106,1993767
107,2063240
108,2034740
109,2093874
11,2074568
111,1990748
112,2012024
113,2080658
116,2065027
117,1995964
118,1982032
12,2051167
120,1982853
121,2055974
122,2053822
123,2099098
124,2046447
125,1981391
127,2096703
128,1981532
129,1997297
131,2137359
132,2095203
134,2016149
135,2010841
136,2072286
137,2073401
138,2131468
139,2043439
141,2005243
142,2051476
143,1998305
144,2052755
145,2053608
146,2024040
147,2072985
148,2134019
149,2003328
15,2069934
150,2070511
151,2032294
152,1997357
153,2072311
154,2110331
155,2050725
158,1988291
159,2088999
16,2056363
160,2069604
162,1998597
163,1949900
164,1949703
165,2034707
167,2044428
168,2029587
169,2028496
170,2035060
172,2033808
173,2059015
174,2037264
175,1992999
176,2074461
177,2014996
178,2096824
180,2093969
184,2073720
185,2073677
186,2135964
187,2094894
188,1997657
189,2026583
19,1998582
192,2090121
193,2197568
195,1999228
196,2012548
197,2104666
198,1990257
199,1993426
200,2074005
201,2022335
202,2034268
203,2036921
204,2027851
205,2157890
206,2075575
209,2035031
210,2012996
211,2053484
213,2034563
214,2032995
216,2032949
217,2073279
221,1997814
223,2034239
224,2034706
225,2016733
226,1999089
228,2018579
229,2037345
232,1990116
234,2019880
235,1995403
236,2106113
237,2106425
238,2074795
242,1998760
243,2047553
245,2086093
246,1994030
247,2052120
251,2053433
252,2054952
253,2026651
254,2006445
259,2050229
260,1998987
261,1997950
263,2058166
264,2058382
265,2078294
266,2035107
269,2098282
270,2037324
271,2136745
272,2097335
273,2076809
275,2065688
277,1995709
280,2018892
281,2081832
284,2038089
286,1998203
287,2073590
288,2010040
289,2041203
292,2037537
299,2003188
3,1994141
300,2039753
301,1987546
302,2072605
304,2075741
306,2000199
308,1999700
309,2047743
310,2052644
311,2110872
312,2118626
315,2039636
318,1999351
320,2035262
321,2035989
322,2035962
323,2125291
324,2021590
325,2034643
327,2126032
328,2050896
329,2021207
330,1997085
331,2030436
333,2008659
334,2034895
335,1997027
44,1998517
46,2036537
48,1982568
49,2062225
5,2110646
50,2062058
51,1997842
52,2015337
53,2068557
55,2018157
56,2095405
57,2159094
59,1998365
6,2111846
60,2015382
61,2053150
62,2036013
64,2068606
65,2137061
66,2051349
67,1986588
68,1987061
69,1990810
7,2070354
70,2160315
71,2036696
72,1998443
75,2033957
76,2063111
77,1997603
78,1995983
79,1969961
8,1994978
80,2017329
81,2068004
82,1987288
83,2035182
84,2005951
86,1986503
87,2027433
88,1996933
89,1996395
9,2050230
90,1996313
91,1995338
92,2024940
93,2140552
94,2140480
95,2140490
96,1993141
97,2015800
98,2074676
99,2108785
BR-19-60,2076107
BR-19-76,2109058
CJ-19-40,1968861
cq08004,1989513
cq08010,1974867
cq08015,1990140
cq08016,1991415
cq08018,1989918
cq09005,2052285
CY-18-10,1962921
CY-18-13,1998080
CY-18-53,2014944
DE-18-43,2002595
DE-18-50,1995871
DE-19-05,2052068
DE-19-46,2095134
ebj28,1989382
GF-19-19,2076358
GF-19-49,2015091
GF-19-50,2088250
GF-19-70,2065185
GX-18-04,2019291
GX-18-07,1995941
GX-18-18,1998404
gz08010,2048652
HB-18-61,2008701
HB-18-66,1997014
HB-19-15,2051712
HB-19-92,1996247
HN-18-37,2036626
HN-19-15,1982240
HX18S04,2007435
HY-18-03,1998425
HY-18-08,1997313
HY-18-17,1990882
HY-18-30,2044776
LZ-18-12,2053232
MY-19-13,1989835
njspn003,1996611
njspn004,2007010
NX19S20,2077311
SD-18-12,2149789
SH-18-17,1982738
SH-18-62,1997349
SH-18-71,1991760
SJ-18-15,2045158
SJ-19-61,2008575
sy10018,2031359
sy14,1990544
sy19,2036853
sy20,2030186
sy27,1993976
sy28,1991193
sy9,1990130
TA-18-48,2005399
TA-19-07,1996047
TS-18-42,2072720
TS-19-32,2014637
TS-19-52,2112750
TS-19-70,2014271
TS-19-76,1996421
WH-19-22,2133191
wh10013,2088333
wh10018,2029143
wh11,1991914
wh17,2083831
wh9,1991229
X10,2156287
X100,2040375
X101,2111133
X102,1998023
X103,1996483
X104,2015538
X105,1991919
X106,1997205
X107,2053517
X108,2016010
X109,1992393
X11,2013303
X111,2054660
X112,2015203
X113,2015107
X114,1992859
X115,1998221
X116,1989094
X117,1996462
X118,2070955
X119,2034469
X12,2084702
X120,1981534
X121,1998233
X122,1995460
X123,2086917
X124,2123159
X13,2115476
X131,2081862
X132,1995871
X133,2127098
X134,2127720
X135,2026796
X136,2039426
X140,2065145
X142,2029866
X143,2035005
X144,1996591
X145,2052206
X148,2015251
X15,1997494
X150,1948996
X151,2054541
X152,2058121
X153,2113054
X154,2007201
X155,2020933
X156,2137868
X157,2028500
X158,2024355
X159,2035310
X16,1993745
X160,2097440
X161,2068684
X162,2030844
X163,1967665
X164,2010017
X168,2039682
X169,2033760
X17,1997091
X170,2054407
X171,1989563
X174,1996912
X176,2039536
X177,1997348
X18,2077557
X181,1994224
X183,2067382
X186,1979765
X187,2112995
X19,2016098
X191,2054776
X192,1993882
X193,2054770
X194,1963805
X195,2067832
X196,2158139
X198,2017666
X199,1995138
X20,2092708
X202,2034537
X203,2061584
X205,2001831
X206,2012444
X207,2000159
X21,2041815
X210,2098927
X211,2098979
X212,2017939
X213,2000006
X215,2015236
X216,1986885
X217,2015986
X219,2042767
X22,1997158
X220,2091224
X221,2034517
X222,1999236
X223,1998193
X225,2102102
X228,1997039
X229,2023358
X23,1979582
X230,1997889
X231,2063913
X232,2119793
X233,1999573
X234,1997032
X235,1994749
X236,2000681
X237,2015199
X238,2054973
X239,1998656
X24,1982646
X240,2080070
X241,2012543
X242,2095499
X243,2084184
X244,1986977
X245,2017482
X246,2015254
X247,1998373
X248,2024516
X251,1997957
X252,1985291
X253,2003106
X255,2015942
X257,2079173
X258,2036327
X259,1998568
X26,2020088
X260,2013995
X261,2006578
X262,1998114
X263,2037558
X264,1995995
X265,2208067
X269,1981660
X27,2034997
X271,2049192
X272,2080681
X275,1996127
X276,2038142
X277,2039455
X278,1973434
X280,2049183
X282,2034664
X284,2036988
X285,2051848
X286,2053647
X289,1997565
X29,1973515
X291,1998066
X292,1996694
X293,1999774
X294,2036471
X296,1995984
X297,1994595
X298,2035370
X30,2024105
X300,2049544
X301,2098828
X303,2046048
X304,2113894
X306,2096223
X307,2082620
X308,1997295
X31,2019646
X310,2017640
X311,1998118
X313,2036128
X314,2087347
X319,1996523
X32,1997485
X320,1995689
X321,1995285
X322,1999152
X323,2047940
X324,2023530
X328,1994973
X33,2000400
X330,2023403
X331,2034136
X333,2036651
X337,1990253
X338,2127947
X339,1998264
X34,1998011
X340,1948009
X342,2028011
X343,1992969
X344,2049543
X345,2091275
X346,1981031
X35,1938529
X350,2048201
X351,2089508
X352,2017086
X353,2039410
X355,2049372
X356,2097527
X357,1964582
X358,1962658
X36,2114273
X361,2048347
X362,1964220
X363,1998334
X365,2033971
X366,2044074
X367,1965111
X368,2050315
X369,2053639
X37,1965049
X370,1982680
X371,2101133
X372,2061182
X373,1982682
X374,1965084
X376,2016542
X378,2045395
X379,2007751
X38,2115272
X380,2014533
X381,1981989
X382,2104863
X383,2054131
X384,1986401
X386,2006670
X387,2050223
X391,2116816
X392,1997261
X394,2044502
X395,2007810
X396,2053611
X397,2123404
X398,1997112
X4,2007783
X40,1999996
X400,2030762
X401,2060829
X402,1998046
X403,2076691
X404,2071380
X405,2024407
X406,2053505
X407,1995055
X408,2035276
X411,2049225
X412,1986378
X413,2073868
X415,2040005
X416,2064657
X417,1993357
X418,1980395
X419,2081661
X420,1996566
X421,2007538
X422,2096440
X423,2093235
X425,2028848
X427,2034342
X428,2074251
X429,2080812
X43,2014639
X433,2109108
X437,1999066
X438,2049920
X44,1938429
X440,1964453
X441,2108925
X46,2036885
X47,2066213
X48,2037432
X5,1998129
X52,1998182
X54,1987540
X55,2134059
X56,2148480
X57,2019725
X58,2044460
X6,2106100
X60,1998660
X61,1999675
X62,2144864
X64,2026829
X65,1997845
X66,2081690
X67,2064053
X68,2046284
X69,1965757
X70,1987503
X72,1965255
X73,1998685
X74,2116135
X75,1994345
X76,2025336
X77,2019621
X79,2050552
X80,1981758
X81,2039063
X82,2039572
X83,1997580
X84,1998005
X86,2039643
X87,1995125
X88,2039429
X89,2044727
X9,1995692
X92,1997289
X93,2056569
X94,1997306
X95,2073942
X96,1996901
X97,1997992
X98,2024234
X99,2068070
XiJ-19-56,1996089
GPS_NO_NIPH_537,2038342
GPS_NO_NIPH_851,2029485
SPE_GB3_872183,2081279
SPE_GB3_874964,1941355
GPS_ES_CAN_2688,2137703
SPE_GB3_877331,1941994
GPS_ZA_8545,2032132
SPE_GB3_883070,1977275
GPS_NO_NIPH_749,1986311
SPE_GB3_873520,1999396
GPS_ZA_8464,1966799
SPE_GB3_875006,2036872
SPE_GB3_893979,2025041
SPE_GB3_885167,1929963
SPE_GB3_901567,2059726
GPS_ZA_8575,2007888
SPE_GB3_893929,2033645
SPE_GB3_897412,2034344
GPS_ZA_8602,1968132
SPE_GB3_885179,2032450
SPE_GB3_909766,1996713
SPE_GB3_897354,2005907
GPS_NO_NIPH_1070,1960553
GPS_ZA_8534,2095419
GPS_NO_NIPH_890,2020965
SPE_GB3_897413,1968097
SPE_GB3_894540,2015023
GPS_ZA_8642,1955645
SPE_GB3_898727,1993551
SPE_GB3_897414,2032774
GPS_NO_NIPH_1005,1983106
GPS_NO_NIPH_295,2053465
GPS_ZA_8636,1955429
GPS_ES_CAN_3645,2027071
SPE_GB3_896087,1978423
GPS_ZA_8582,1940770
GPS_NO_NIPH_825,1992583
GPS_NO_NIPH_292,1981889
GPS_NO_NIPH_426,2027600
GPS_ZA_8485,2000310
GPS_NO_NIPH_767,2001722
GPS_NL_RAD_0631,1944268
SPE_GB3_894538,2026391
SPE_GB3_888106,2070057
SPE_GB3_886749,1941622
SPE_GB3_871141,1941379
SPE_GB3_901551,2048984
GPS_NO_NIPH_1034,1925010
GPS_ZA_8448,2105143
SPE_GB3_897429,1941147
GPS_ZA_8386,2074834
SPE_GB3_900669,2018383
SPE_GB3_877954,1942374
GPS_NO_NIPH_795,1925100
GPS_NO_NIPH_975,2032781
GPS_PK_AKU_NP0117,2110382
SPE_GB3_892787,1942133
GPS_NO_NIPH_561,2016998
SPE_GB3_894512,2028038
GPS_NO_NIPH_491,1986068
GPS_NO_NIPH_530,2035868
GPS_NO_NIPH_279,1944910
SPE_GB3_883915,1993868
GPS_NO_NIPH_594,2094890
SPE_GB3_874946,2025552
SPE_GB3_877925,2076948
SPE_GB3_901548,2022315
SPE_GB3_873511,2000478
SPE_GB3_888056,1991007
SPE_GB3_897415,2014369
GPS_ZA_8589,1954711
GPS_NO_NIPH_711,2065420
SPE_GB3_872196,2068600
SPE_GB3_890533,1940614
SPE_GB3_879972,2004646
GPS_ES_CAN_3274,1937703
SPE_GB3_869338,1984158
SPE_GB3_900737,1941963
GPS_NO_NIPH_815,1964594
SPE_GB3_890592,1941413
SPE_GB3_873509,1969515
GPS_ZA_8380,2073809
GPS_NO_NIPH_489,1972359
SPE_GB3_896058,1942499
GPS_NO_NIPH_898,2020625
SPE_GB3_871133,1999315
GPS_ZA_8520,2067736
SPE_GB3_876187,1990538
SPE_GB3_894537,2056929
SPE_GB3_885165,1994485
GPS_NO_NIPH_1066,1933644
SPE_GB3_874967,2094999
GPS_NO_NIPH_780,1981508
GPS_ZA_8377,2015584
SPE_GB3_900736,2041051
SPE_GB3_879947,2048115
SPE_GB3_898754,1920222
SPE_GB3_873498,1970745
GPS_NO_NIPH_866,2055863
SPE_GB3_900735,2000316
GPS_NO_NIPH_750,1944107
SPE_GB3_883008,1941856
GPS_NO_NIPH_593,2017489
GPS_ZA_8439,2032333
SPE_GB3_894532,2047225
GPS_NO_NIPH_289,2029338
GPS_NO_NIPH_817,1970258
SPE_GB3_875004,1991332
GPS_TW_NHRI_SPN138,2081667
GPS_NO_NIPH_555,2000747
GPS_ZA_8437,2057541
SPE_GB3_891476,2038068
GPS_PK_AKU_NP0006,2056560
GPS_ES_CAN_1992,1988340
SPE_GB3_900680,2023643
GPS_NO_NIPH_596,2020223
GPS_ZA_8459,1983384
SPE_GB3_874984,1942235
SPE_GB3_872247,2091341
GPS_NO_NIPH_886,1959357
GPS_NO_NIPH_359,2021156
GPS_ZA_8424,2019869
GPS_ZA_8537,2025803
GPS_ES_CAN_3829,2015263
SPE_GB3_874977,1981272
GPS_NO_NIPH_776,2055527
GPS_NO_NIPH_405,1944377
GPS_NO_NIPH_700,2134606
SPE_GB3_877350,2021339
SPE_GB3_880010,1942438
GPS_NO_NIPH_820,2068319
SPE_GB3_869373,1942700
GPS_NO_NIPH_659,2030527
SPE_GB3_894530,2035620
SPE_GB3_873493,2035068
GPS_NO_NIPH_950,2025085
SPE_GB3_888052,1935586
GPS_ZA_8585,1979154
GPS_NO_NIPH_512,2020686
SPE_GB3_872240,1940311
SPE_GB3_886743,2024423
SPE_GB3_877942,1935747
SPE_GB3_896094,2010711
GPS_ZA_8486,1955791
GPS_NO_NIPH_1057,2040245
GPS_NO_NIPH_757,1969515
GPS_ZA_8451,2073244
GPS_NO_NIPH_340,2017037
GPS_NO_NIPH_978,2053235
SPE_GB3_890568,1997219
GPS_NO_NIPH_919,2048858
SPE_GB3_880982,2047652
GPS_NO_NIPH_417,1997913
GPS_NO_NIPH_708,1993135
GPS_NO_NIPH_764,2049825
SPE_GB3_894531,2017748
GPS_NO_NIPH_1030,2042655
SPE_GB3_894509,2032714
SPE_GB3_897426,2021998
GPS_NO_NIPH_355,1939795
GPS_NO_NIPH_557,1938811
GPS_NO_NIPH_937,1972237
GPS_NO_NIPH_689,2068561
GPS_ZA_8569,2094534
GPS_ES_CAN_3818,1980769
GPS_NO_NIPH_838,2042196
GPS_PK_AKU_NP0138,2090413
GPS_NO_NIPH_831,2022371
GPS_NO_NIPH_629,2003262
GPS_NO_NIPH_373,1980600
SPE_GB3_891489,1961622
GPS_NO_NIPH_1064,2015667
SPE_GB3_901571,2038060
SPE_GB3_876179,2000515
SPE_GB3_874930,1941313
GPS_NO_NIPH_619,2036715
GPS_NO_NIPH_818,2010961
GPS_ZA_8373,2090800
GPS_NO_NIPH_714,2061440
GPS_NO_NIPH_712,2102247
SPE_GB3_872202,1976374
GPS_NO_NIPH_1062,2052037
SPE_GB3_890588,1942129
GPS_NO_NIPH_345,2045143
SPE_GB3_886755,2022573
GPS_NO_NIPH_1063,2015788
SPE_GB3_897379,1942271
GPS_NO_NIPH_706,1988090
SPE_GB3_886740,2073871
GPS_NO_NIPH_828,1981584
GPS_ZA_8453,1953226
GPS_NO_NIPH_375,1977789
SPE_GB3_890516,2003626
GPS_NO_NIPH_758,1939865
GPS_NO_NIPH_984,2017156
SPE_GB3_897351,2016950
GPS_ZA_8503,2069303
GPS_NO_NIPH_330,1986560
SPE_GB3_873515,1925962
SPE_GB3_894525,1941981
SPE_GB3_900706,1951975
SPE_GB3_874976,1958330
GPS_ZA_8596,2028071
GPS_ZA_8588,2022631
SPE_GB3_880990,1941616
GPS_ZA_8590,2008615
GPS_NO_NIPH_811,2034421
GPS_NO_NIPH_996,1943248
GPS_NO_NIPH_887,1940738
GPS_NO_NIPH_948,1976837
GPS_NO_NIPH_1047,2077376
SPE_GB3_880945,2017976
SPE_GB3_896084,1947479
SPE_GB3_875000,1939997
GPS_NO_NIPH_413,2116070
GPS_ES_CAN_2691,2050298
SPE_GB3_871172,1934067
SPE_GB3_880004,1940960
SPE_GB3_901569,2047669
GPS_NO_NIPH_432,1981402
GPS_NO_NIPH_929,2047345
SPE_GB3_893912,2018721
GPS_TW_NHRI_SPN136,1970182
GPS_ZA_8481,2097735
GPS_NO_NIPH_531,2054638
SPE_GB3_892844,2026268
GPS_NO_NIPH_549,2049007
SPE_GB3_872225,2023407
GPS_NO_NIPH_540,1936894
SPE_GB3_891494,2088937
SPE_GB3_891461,1981523
GPS_NO_NIPH_848,1987024
GPS_NO_NIPH_428,1921675
SPE_GB3_876194,1942244
GPS_NO_NIPH_747,2016549
SPE_GB3_886767,1987511
GPS_NO_NIPH_1003,2004015
GPS_ZA_8587,1954904
GPS_NO_NIPH_864,2005780
SPE_GB3_874931,2070869
SPE_AU1_AUSMDU00074022,2139271
GPS_ZA_8508,2059548
SPE_GB3_872181,1932018
GPS_NO_NIPH_490,1953531
GPS_NO_NIPH_1008,2040263
GPS_NO_NIPH_669,2084099
SPE_GB3_900752,1941076
GPS_ZA_8474,2091734
SPE_GB3_876151,2070944
SPE_GB3_874990,2025024
SPE_GB3_897420,2006033
SPE_GB3_873488,1942458
GPS_NO_NIPH_824,1942845
GPS_NO_NIPH_861,1926227
GPS_NO_NIPH_603,2056314
SPE_GB3_880953,2069170
SPE_GB3_890569,1997371
SPE_GB3_883913,1941515
GPS_NO_NIPH_792,2007069
GPS_ZA_8438,1997932
SPE_GB3_886768,2056323
GPS_NO_NIPH_967,2050511
GPS_NO_NIPH_543,2050658
SPE_GB3_890571,2050748
GPS_NO_NIPH_804,2041723
GPS_ZA_8484,1954470
GPS_NO_NIPH_314,2008053
SPE_GB3_872243,2019954
SPE_GB3_898695,2097614
SPE_GB3_891432,1942144
GPS_NO_NIPH_985,2018737
SPE_GB3_890537,2029285
SPE_GB3_890567,2004744
GPS_NO_NIPH_964,1973405
GPS_PK_AKU_NP0102,2032987
GPS_NO_NIPH_469,2028296
SPE_GB3_877923,1935462
SPE_GB3_880002,1935865
GPS_NO_NIPH_272,1934302
SPE_GB3_874935,1988117
SPE_GB3_893973,2016473
GPS_NO_NIPH_1027,1964262
SPE_GB3_879997,2021433
GPS_TW_NHRI_SPN129,2087323
GPS_ZA_8513,2060559
SPE_GB3_876200,1936395
SPE_GB3_877367,1966056
GPS_NO_NIPH_955,1993271
SPE_GB3_871168,1941265
GPS_NO_NIPH_973,2057131
GPS_NO_NIPH_788,2069321
GPS_NO_NIPH_746,2077431
SPE_GB3_879925,1944944
SPE_GB3_869339,1973703
GPS_NO_NIPH_875,1923463
GPS_NO_NIPH_458,2049671
GPS_NO_NIPH_797,2000324
SPE_GB3_876159,2062645
GPS_NO_NIPH_339,2051181
SPE_GB3_886764,1942446
SPE_GB3_871171,2010326
GPS_NO_NIPH_926,2052011
SPE_GB3_876189,2037942
SPE_GB3_900734,2032855
GPS_NO_NIPH_588,1943896
GPS_NO_NIPH_1016,1953298
SPE_GB3_897405,1995382
SPE_GB3_891417,1971459
GPS_NO_NIPH_344,2027363
GPS_NO_NIPH_276,1979829
GPS_PK_AKU_NP0470,2088432
SPE_GB3_883009,1941944
SPE_GB3_871151,2006423
SPE_GB3_900750,2024693
GPS_NO_NIPH_488,1973339
GPS_NO_NIPH_349,1944418
GPS_NO_NIPH_367,1985342
GPS_ZA_8553,1951484
GPS_NO_NIPH_644,1996517
SPE_GB3_877345,1979059
